source_id,ra,dec,pmra,pmra_error,pmdec,pmdec_error,bp_rp,phot_g_mean_mag,parallax,parallax_error,radial_velocity,radial_velocity_error,l,b,ruwe,phot_g_n_obs,phot_bp_n_obs,phot_rp_n_obs,non_single_star,labels,prob
2893941443561562240,97.3959809008018,-31.32216333960194,-1.2115400527317801,0.018131863,5.4696461413264075,0.019123817,1.0973473,14.870835,0.22068350014848498,0.017696077,,,239.51766089889378,-18.02490663609058,0.9883913,464,56,54,0,0,1.0
2893941507981977856,97.38824115580896,-31.31641325547636,-1.316445281517106,0.043655835,5.388302720457492,0.044087987,0.6493492,16.510792,0.17785235671919156,0.04146831,,,239.50950105029892,-18.02897782999091,1.1227345,473,59,60,0,0,1.0
2893941512280558720,97.38287799506297,-31.301185423393406,-1.1838301130990811,0.026777191,5.46864269582216,0.026800688,0.6713314,15.691406,0.27680574925420165,0.025287298,,,239.49283053898867,-18.02771460014564,0.9752026,476,57,55,0,0,1.0
2893941512280560896,97.38694103006233,-31.308591568338766,-1.267368837679847,0.0291044,5.52555540314287,0.029695775,0.9319048,15.764542,0.22204583928897592,0.028600369,,,239.50141318616915,-18.027171088775766,1.0789412,464,61,59,0,0,1.0
2893941512280564096,97.37875515479072,-31.310138556128763,-1.2853509846439082,0.04711113,5.557946330892847,0.047949903,0.6655712,16.846684,0.2121901056156721,0.046415042,,,239.50025698797467,-18.034249059119894,1.0399115,454,55,53,0,0,1.0
2893941611061193472,97.40867323662981,-31.31896629189079,-1.3710540396901518,0.10733337,5.495196179290524,0.10768845,0.87600136,18.249966,0.23279988275345442,0.10355438,,,239.51867174276757,-18.013643356526774,1.0385416,459,52,52,0,0,1.0
2893941615359768576,97.42120238045258,-31.318305937253296,-1.2890186966321353,0.012134617,5.441114169581199,0.011531858,1.26861,13.499964,0.20223772080938276,0.01083352,56.485943,3.8283231,239.52211549277402,-18.003431818779603,1.0155263,459,56,56,0,0,1.0
2893941645422674176,97.42304811862013,-31.318705394690923,-1.2131914530715333,0.05411951,5.5447110871916365,0.049550924,0.68732834,16.88984,0.18179717099922207,0.046872843,,,239.52310945895977,-18.002108089777124,0.99436617,456,53,51,0,0,1.0
2893941649719494400,97.42694300425404,-31.309426564717324,-1.2849100654332046,0.062907666,5.447312749780757,0.06006177,0.7347832,17.326767,0.2179940119377476,0.05962435,,,239.51529268920405,-17.995634975640357,1.0082749,480,57,55,0,0,1.0
2893941649719497984,97.42060906798083,-31.309267695812142,-1.2705127671725769,0.04702828,5.540264234751831,0.045754343,0.7583542,16.790747,0.20041420121222558,0.044115853,,,239.51306842821734,-18.00061846025643,1.0521157,473,58,54,0,0,1.0
2893941679780691840,97.4445197234081,-31.305101790231422,-1.328426214874977,0.057437632,5.565287779581147,0.055208057,0.707901,17.160044,0.19979180814399522,0.05460183,,,239.51679873175473,-17.98007300685779,0.9553971,465,56,57,0,0,1.0
2893941748500174592,97.44663136744016,-31.30263220494193,-1.3328828534717525,0.039905895,5.580183206598991,0.037837658,0.649848,16.384413,0.19322969467055046,0.038201828,,,239.51507016817027,-17.977494078910354,0.9664837,435,53,52,0,0,1.0
2893941787158426368,97.44880214950041,-31.297793041881377,-1.2242872231019988,0.052491326,5.45463609805578,0.0492952,0.7698078,16.891352,0.28733120633264647,0.048365746,,,239.51104057288367,-17.974005983352118,1.0273098,462,54,54,0,0,1.0
2893941817219623552,97.4089764999009,-31.31720133645026,-1.2489635665140093,0.05905716,5.509611493347595,0.058118515,0.7006912,17.191753,0.2933452779189366,0.055835657,,,239.5170417190882,-18.012760582648355,1.0022124,462,50,51,0,0,1.0
2893941817219635968,97.40468334028863,-31.311486481505003,-1.2832744440385822,0.039061274,5.573503829653114,0.04127143,0.6517124,16.431839,0.23215307464007245,0.03758476,,,239.5100415546418,-18.014100678271113,1.0211968,458,50,51,0,0,1.0
2893941821518196864,97.40866180394273,-31.307304964025437,-1.3169757842716985,0.040832855,5.502438662016735,0.04055793,0.6569443,16.548203,0.24036963128848676,0.038815938,,,239.50724427625448,-18.009414282252234,0.99728197,478,57,60,0,0,1.0
2893941821518201472,97.40168817238906,-31.309253841384656,-1.261790589714265,0.034940396,5.416713904992389,0.03671847,0.66472816,16.216908,0.23159525476123236,0.03472142,,,239.50687643371094,-18.015673307213667,0.9893139,446,52,51,0,0,1.0
2893941821518204544,97.4051958091875,-31.31890059792985,-1.25033116557424,0.022586107,5.548164909384598,0.024098912,0.63880634,15.36983,0.22646601724211904,0.022726122,,,239.51747217776725,-18.01638710854895,0.9899562,459,55,51,0,0,1.0
2893941851579452288,97.40604632459166,-31.30019832346775,-1.2987564221818393,0.06069813,5.568759242847004,0.05915027,0.8230839,17.283737,0.2795218345265723,0.05685698,,,239.49942851662985,-18.008913074816842,1.0126964,486,58,59,0,0,1.0
2893941855877925120,97.41283117109553,-31.299607202773725,-1.254467091634579,0.025932383,5.489212936411478,0.025339121,0.6459789,15.617411,0.20143562859900727,0.024239305,,,239.50106540045,-18.003297413390545,0.9631844,472,61,60,0,0,1.0
2893941855877925504,97.40937115213548,-31.29798871774279,-1.302432005237008,0.038203645,5.529288381762099,0.038565118,0.64238167,16.40536,0.24053819060677242,0.0365866,,,239.4983499195975,-18.005463264327105,1.0435294,471,60,56,0,0,1.0
2893941855877927680,97.41190808030893,-31.302486337492144,-1.2206532934817549,0.046506792,5.434855793989521,0.04542885,0.7358246,16.789536,0.2725847998076597,0.043313403,,,239.50358417089853,-18.005078818511418,1.0285461,494,58,56,0,0,1.0
2893941855878439808,97.416062098249,-31.301791789499717,-1.245288630554217,0.06709502,5.426285355590611,0.06639329,0.74762917,17.45321,0.1847791693817929,0.06339155,,,239.50426055127056,-18.001519809985677,1.028986,473,56,55,0,0,1.0
2893941855878439936,97.41472274916443,-31.301528906823027,-1.2685328162843772,0.040885855,5.64532083213226,0.04075893,0.64969826,16.540693,0.2073674743080628,0.03858689,,,239.50356559922403,-18.00249033829872,0.96473277,467,55,53,0,0,1.0
2893941885939187456,97.39996716145853,-31.296551207117417,-1.3500765841380904,0.033302948,5.467932721903418,0.03449905,0.66078186,16.161043,0.17965089248817454,0.03144281,,,239.49387044133672,-18.01242665530482,1.0166639,494,60,60,0,0,1.0
2893941885940849152,97.39844849051333,-31.2988736376553,-1.2860922188742654,0.037206743,5.527293451147672,0.038848385,0.6587715,16.36622,0.21334353826433378,0.03543325,,,239.49564961852644,-18.01447967278328,0.9859223,485,55,51,0,0,1.0
2893941890236521728,97.3909103514301,-31.30444329612269,-1.2995825520738666,0.0759271,5.499555472782353,0.07906861,0.7347851,17.570576,0.2535402278464681,0.07112979,,,239.49864476291648,-18.022504257043625,1.0542307,443,53,52,0,0,1.0
2893941890237670912,97.39283179307557,-31.293745266378505,-1.3092953812040382,0.060665365,5.580667411613007,0.061208375,0.7005768,17.23605,0.22764493913805706,0.058439527,,,239.488791406623,-18.017087098110405,1.045487,470,57,59,0,0,1.0
2893941890237671936,97.3998599239023,-31.299515500105436,-1.23693219389279,0.020856488,5.478100589986991,0.021467637,0.14510441,15.102605,0.2384164980013383,0.019725667,,,239.49673932420123,-18.013589402430178,1.0002697,478,54,54,0,0,1.0
2893941890237672320,97.39514814313084,-31.296780190037587,-1.2688311333934692,0.042231,5.525187411782993,0.04599504,0.6514206,16.587416,0.15028715552812258,0.041920114,,,239.49252102719765,-18.01634608508647,0.8703493,455,59,56,0,0,1.0
2893941890237672960,97.39233918425668,-31.295069466343296,-1.240028823073418,0.027839804,5.586336981278913,0.028652743,0.65750694,15.7253685,0.18068493801625485,0.027205538,,,239.48992781341386,-18.017960497602267,1.0274717,466,54,55,0,0,1.0
2893941890237674752,97.39183402201323,-31.296516216831634,-1.2920742480109224,0.029436406,5.526757369826915,0.030541783,1.000556,15.793376,0.23400661191448746,0.028556682,,,239.491180198846,-18.01888840912957,0.9988273,448,50,52,0,0,1.0
2893941890237675392,97.39088859569338,-31.29662396490701,-1.2462630400938717,0.03925343,5.472270768212031,0.03971352,0.68635464,16.4016,0.23195635180839017,0.03850664,,,239.49097703886179,-18.019680190992503,0.9920466,433,23,24,0,0,1.0
2893941890237675904,97.38917173374816,-31.295783104524915,-1.281934605627852,0.049764358,5.488603583609491,0.050125934,0.65608597,16.797745,0.19302280800961666,0.0491488,,,239.48959263794575,-18.020741379174677,1.0747873,441,54,50,0,0,1.0
2893941890237679488,97.39393237972142,-31.305740085577913,-1.2769623129114742,0.025036922,5.605219449340359,0.025153881,0.7509794,15.545487,0.24158772847020488,0.02414172,,,239.5009018812097,-18.020569903058025,0.959675,460,55,55,0,0,1.0
2893941890237680384,97.38952494148542,-31.305236589575966,-1.2088253623806726,0.052563533,5.484854791217861,0.05362729,0.68977165,16.80359,0.29288361468471164,0.050759576,,,239.49896967150943,-18.023895312673393,1.132851,456,57,55,0,0,1.0
2893941890237680640,97.38582767722305,-31.302386972439287,-1.274489967034608,0.044160977,5.4782624447142245,0.044811375,0.64793396,16.606747,0.1506276893738085,0.041243147,,,239.49497074343444,-18.025803060414717,1.0193928,466,57,57,0,0,1.0
2893941890238160512,97.39435192814229,-31.30640048782816,-1.2415013616359187,0.041844517,5.385792071328217,0.042888436,0.6772213,16.563288,0.2588096481658833,0.040376645,,,239.50168585420695,-18.02047591590673,1.018353,447,31,32,0,0,1.0
2893941920298929152,97.39883446837315,-31.29170162540546,-1.3397890187764712,0.082484595,5.466603138514711,0.08455294,0.9081154,17.73396,0.2862655189801813,0.07998212,,,239.48874978459347,-18.011565684857494,1.080489,465,56,55,0,0,1.0
2893941924597391232,97.40833056794953,-31.283199675412305,-1.2446540709771088,0.02745661,5.50777403467287,0.026624808,0.73513126,15.591938,0.2130732493107307,0.024927856,,,239.4835236425073,-18.000915078676005,1.0230256,452,52,54,0,0,1.0
2893941924597392256,97.41239590160521,-31.287250043524192,-1.2757438363313405,0.027372207,5.47343393641854,0.026588446,1.0382233,15.689031,0.24132101705141965,0.025582286,,,239.48881916284546,-17.999151310459517,1.0485033,475,56,58,0,0,1.0
2893941924597392384,97.40763209514039,-31.28420050949848,-1.2900095459815772,0.053908467,5.4272056745319865,0.050536048,0.6514549,16.909382,0.22538589561889388,0.04895776,,,239.48427577336946,-18.001835028939528,1.0221156,456,55,56,0,0,1.0
2893941924597394176,97.40131564283263,-31.282737808075865,-1.2601472937634188,0.05270698,5.528651323736267,0.050225817,0.7128029,16.970371,0.20819214792004226,0.048243675,,,239.48077945276728,-18.006331971480677,1.0107942,484,56,54,0,0,1.0
2893941924597394432,97.41310150495048,-31.29131229881509,-1.2090997199612796,0.058438685,5.427411149115886,0.057229947,0.7045021,17.115313,0.21906639760754548,0.05369581,,,239.4930286548953,-18.00006656898026,1.0440688,477,56,58,0,0,1.0
2893941924597394816,97.40327876588553,-31.285101914153213,-1.2748446647439586,0.038670633,5.51090060977571,0.036703356,0.6501827,16.290598,0.2696413847291644,0.035792284,,,239.48373653677413,-18.005628511376802,1.028388,461,53,49,0,0,1.0
2893941924597395712,97.40886149806434,-31.28982322435777,-1.3418553295269797,0.03378696,5.534069727930843,0.034549125,0.6676607,16.12686,0.20251359561161442,0.031709753,,,239.49018498126884,-18.00290052204706,1.000332,474,57,55,0,0,1.0
2893941924597398656,97.4012049646169,-31.286797024147184,-1.1797660019210938,0.028261842,5.472498008543909,0.027173795,0.651494,15.669077,0.17766083804834962,0.02599833,,,239.48471956057432,-18.007895722781754,0.9714079,461,55,54,0,0,1.0
2893941924597399936,97.40938110312496,-31.29436053216128,-1.3154730246121182,0.052131206,5.432768377426584,0.048900012,0.63085747,16.747385,0.255194532542014,0.048079405,,,239.49479917404793,-18.00413640071821,0.9516873,406,18,18,0,0,1.0
2893941924597400960,97.40250502707681,-31.291694068567,-1.191480327322662,0.029641408,5.586476025188608,0.028607117,0.64200115,15.795614,0.1991967993432525,0.027534548,,,239.4899412516935,-18.008640870436476,1.0388764,480,58,57,0,0,1.0
2893941924597402368,97.40475190911305,-31.294774184389016,-1.235172395760347,0.033257082,5.502568658725322,0.03300891,0.66119003,16.168816,0.24809021308665108,0.031352874,,,239.49369235346563,-18.00797183395844,1.0323101,495,58,60,0,0,1.0
2893941924597402752,97.40717517146331,-31.29681989473406,-1.3511675035514683,0.045998108,5.351248713609565,0.045627795,0.66044426,16.781382,0.15849776891232797,0.042794216,,,239.4964877484156,-18.006786440480695,1.0173473,502,60,57,0,0,1.0
2893941924597403392,97.39658827432801,-31.28992966433336,-1.196958430473463,0.013530075,5.52192586576924,0.01281472,1.176383,13.9306345,0.23215913471378513,0.012323665,61.796795,2.8047667,239.48628031570715,-18.012709807930133,0.9853102,468,55,58,0,0,1.0
2893941924597403648,97.40109659045469,-31.293758803869153,-1.250178154154703,0.046229284,5.442236493119282,0.047482662,0.7133579,16.681837,0.20202973289892764,0.044170078,,,239.4915038336342,-18.0105126037559,1.0892942,488,59,56,0,0,1.0
2893941924597405056,97.40509296646093,-31.2982729400493,-1.2622799563121718,0.03994968,5.545735766292502,0.03945935,0.6307907,16.498508,0.25781641672608296,0.03808307,,,239.497231073566,-18.00897211768451,0.9333687,476,50,53,0,0,1.0
2893941924597406336,97.4026399718014,-31.297722033691716,-1.2558995910925517,0.040527325,5.552938615868037,0.04165418,0.64444923,16.528263,0.21716483311777252,0.038368937,,,239.4958902897408,-18.010724537335726,1.033872,487,59,57,0,0,1.0
2893941954658618112,97.42301163315875,-31.294851637910238,-1.262788394446844,0.100210726,5.541071394311093,0.09902434,0.8231201,18.02205,0.22107113061551098,0.09636733,,,239.49973287945986,-17.993464680642333,1.0354667,443,48,53,0,0,1.0
2893941954658624384,97.43066239998328,-31.292042022487678,-1.2983747142571178,0.06266724,5.45918210414557,0.060186706,0.70365906,17.260357,0.19615067864495722,0.059583355,,,239.49948080897036,-17.986352842568316,1.0240037,450,51,50,0,0,1.0
2893941954660328192,97.4274548360244,-31.27967675840829,-1.2941874244507274,0.07524849,5.426362484117939,0.074300766,0.7647648,17.598667,0.22812784121710622,0.0698244,,,239.48632245763528,-17.98440886204587,1.0044833,458,56,54,0,0,1.0
2893941958957117696,97.4262997703846,-31.280641774462925,-1.214635647606073,0.037023254,5.44953938037962,0.035674423,0.64085865,16.244644,0.21768823970448303,0.03376537,,,239.48689005516553,-17.985679411589523,1.0519466,468,55,56,0,0,1.0
2893941958957118464,97.42894060188122,-31.283699362655433,-1.1658552207854254,0.050453026,5.427781533431735,0.049350675,0.65550804,16.862556,0.23919289002937436,0.046243906,,,239.49074760007204,-17.984689187221164,0.99153453,465,53,50,0,0,1.0
2893941958958074752,97.4280599204636,-31.28837806416337,-1.3189327899247032,0.08815924,5.519364904676982,0.087745376,0.8715153,17.825739,0.2121989891778796,0.08237418,,,239.49504199796775,-17.987091935521693,0.96246094,440,52,51,0,0,1.0
2893941989018380416,97.43149443853835,-31.28252459788541,-1.2675650149949025,0.11118507,5.4616079139109965,0.10460332,0.8594303,18.113136,0.21568293166926764,0.1005951,,,239.4904317322213,-17.982228844183393,1.0820701,472,55,53,0,0,1.0
2893941989018387712,97.43929943102341,-31.27796494540477,-1.2445700911897217,0.09586894,5.419666719878451,0.095981896,0.78475,17.90406,0.2377144595912118,0.08736528,,,239.48851761618542,-17.974356713410202,0.96867764,425,50,51,0,0,1.0
2893941989018393600,97.44198194865753,-31.27374697336019,-1.164662222298151,0.044509992,5.404701816303679,0.043810174,0.63175964,16.602444,0.2828537504224392,0.041374233,,,239.48526415248458,-17.97068649839713,1.0553857,439,54,54,0,0,1.0
2893941993316852608,97.4310375799914,-31.278035373106185,-1.249628760696764,0.050154734,5.560590613281591,0.047857076,0.6514282,16.798882,0.22150682736454494,0.045308482,,,239.48588598016482,-17.98095957252337,1.0657125,473,57,53,0,0,1.0
2893941993316853248,97.4303383939088,-31.27881112824951,-1.2642484314949025,0.052940276,5.627280443327162,0.051553104,0.6688843,16.946634,0.23656071351192579,0.048483193,,,239.48641716681797,-17.98179838574678,1.032821,477,45,45,0,0,1.0
2893942023378124288,97.41604358676963,-31.279382455326765,-1.3239271201027223,0.06496511,5.422957836050458,0.061366003,0.8195152,17.215336,0.2538591926712527,0.059843604,,,239.48230498461535,-17.993386520838868,1.0765686,426,52,53,0,0,1.0
2893942023380437888,97.409982758941,-31.279788947715,-1.2796894009953172,0.049795564,5.488635989308426,0.047756113,0.7738762,16.796045,0.22305679075456292,0.046091747,,,239.48072267644233,-17.998359583553185,0.9826636,450,23,23,0,0,1.0
2893942027676593664,97.41780724822505,-31.272761065649778,-1.2741976575975213,0.048160143,5.52681179568207,0.04650865,0.65330315,16.747688,0.23397881263932566,0.04487335,,,239.47639626337084,-17.98957433152948,1.0438648,439,54,48,0,0,1.0
2893942027676595712,97.41317435554839,-31.27301310910148,-1.2489668517831893,0.0483123,5.529747281700738,0.04748824,0.7041073,16.765646,0.2545025084400341,0.04677997,,,239.47512898605052,-17.993354597171322,0.934729,415,54,51,0,0,1.0
2893942027676596224,97.41382257787195,-31.273756366706206,-1.2647566544544029,0.052065264,5.356085349432277,0.050778642,0.70225716,16.90638,0.2137115110480873,0.0503836,,,239.47606880000114,-17.993108795018824,1.0379002,426,30,30,0,0,1.0
2893942027676600448,97.40820625145807,-31.276867833553084,-1.2688138910650377,0.029778028,5.475184567439539,0.030101653,0.6345253,15.725701,0.22536752196157597,0.028330695,,,239.4772810187054,-17.99871180373404,1.0031267,408,53,53,0,0,1.0
2893942027676600704,97.41791430094202,-31.28422598322707,-1.296098214345745,0.033067975,5.5607429095895995,0.031887576,0.6519699,16.064627,0.17952818911643803,0.031137932,,,239.48766020795236,-17.99365856602496,1.0147154,473,51,53,0,0,1.0
2893942027676600960,97.41100838656169,-31.279780628444534,-1.2293998199607454,0.02079599,5.40672365708522,0.019801935,1.0912704,14.943165,0.22869303433843036,0.01890392,,,239.48104965100077,-17.997540014084898,1.0006121,447,53,52,0,0,1.0
2893942027676601088,97.40809143538459,-31.277903292594942,-1.3257979537681004,0.04833195,5.524171693290232,0.0461212,0.71473694,16.679153,0.22547689517958316,0.044191305,,,239.4782577182662,-17.999179720142745,1.035485,434,40,39,0,0,1.0
2893942027676602496,97.40991498943174,-31.281135694261277,-1.2826077592257619,0.04207023,5.450625172815566,0.040142763,0.67853546,16.431108,0.28024629182183314,0.038868587,,,239.48201965029878,-17.998903225138367,1.0270848,447,52,54,0,0,1.0
2893942027676603008,97.41151080679175,-31.28281470418222,-1.239320373362355,0.05684742,5.426203606362953,0.054861434,0.8293247,17.04934,0.19663247373371326,0.05343022,,,239.48418562361667,-17.998243251198108,1.0715847,471,52,51,0,0,1.0
2893942027676603136,97.40578252657387,-31.278805861780135,-1.370328156762668,0.059243184,5.503481369286567,0.057285335,0.68627167,17.19468,0.15008387388119662,0.056446906,,,239.47838736242042,-18.00134615096607,0.91601014,459,51,46,0,0,1.0
2893942027676605824,97.41461542903544,-31.28737246892468,-1.2225903084338603,0.03797422,5.4877187142309225,0.036507305,0.6450472,16.315098,0.15990541419520343,0.03526248,,,239.48966421633645,-17.997428895570188,1.0103592,463,54,49,0,0,1.0
2893942062032973184,97.42801398155312,-31.274220592697414,-1.2011018422429458,0.13651194,5.3966155773396345,0.13161562,0.9507389,18.561405,0.26674949512577056,0.12575164,,,239.4811617630857,-17.98197905505666,0.99223244,459,57,56,0,0,1.0
2893942062036322688,97.42327842700895,-31.261530451492746,-1.3701819498723444,0.024013843,5.427556416512971,0.023707796,0.5899296,15.321571,0.24440365824761623,0.022274652,,,239.46718597297235,-17.98113307025702,0.9160286,456,56,53,0,0,1.0
2893942062036323200,97.42451284235827,-31.26315302801984,-1.2818097299143993,0.021791643,5.443953006920107,0.020903299,0.98429585,15.117957,0.23685862755005718,0.020018704,,,239.4691785554469,-17.980740472538553,0.93220717,472,57,58,0,0,1.0
2893942062036869376,97.42792194604431,-31.275681334061186,-1.2391061930748601,0.030179944,5.458059548075871,0.030204488,0.63378525,15.795083,0.2641588701800117,0.028200464,,,239.48256223070507,-17.982583683405725,0.97506315,424,53,54,0,0,1.0
2893942130755863552,97.35103438608829,-31.314247640626707,-1.2114054893281492,0.05647096,5.5395731802947346,0.05844068,0.68945885,17.123665,0.21566032632558965,0.054508455,,,239.49523824206983,-18.057807653998804,0.96062285,448,27,27,0,0,1.0
2893942130755863680,97.35132628396337,-31.314889349858817,-1.2543986949758765,0.03649109,5.375227545656297,0.03798892,0.6591854,16.215975,0.1918075208728356,0.034653462,,,239.49596237078075,-18.057808257936163,1.0357921,458,57,57,0,0,1.0
2893942233835073792,97.36295213580586,-31.307904124044953,-1.2679291428645756,0.030924223,5.446057345037222,0.032515932,0.6888046,15.945627,0.22364114285477485,0.02925427,,,239.49291012367394,-18.04601722326291,1.0037438,451,58,58,0,0,1.0
2893942268194803456,97.37214472019251,-31.29546778672658,-1.3056708022718972,0.019957254,5.475590524099377,0.020052725,1.0222502,15.027031,0.19423708646112536,0.018969221,,,239.48372444060303,-18.03418203892963,0.9647436,464,59,56,0,0,1.0
2893942268194806400,97.37045562709191,-31.299569589667005,-1.2472997811165505,0.12757047,5.379297694068857,0.12551558,0.9333401,18.495714,0.2682104168521372,0.12323851,,,239.4871921320959,-18.037016767007422,0.97099346,449,52,54,0,0,1.0
2893942268194806912,97.36427489145431,-31.298146529991218,-1.2469364076366154,0.0282009,5.504282194945777,0.029538793,0.6451435,15.763751,0.2630335513541101,0.027162824,,,239.48378026029675,-18.041420413632586,1.0110966,465,57,51,0,0,1.0
2893942298255993856,97.35346659772694,-31.29878013995832,-1.2223127217633685,0.042622566,5.598423966472999,0.04411296,0.65195465,16.640339,0.2944097555718887,0.04166123,,,239.4808735930605,-18.05025534325723,1.0121719,453,56,56,0,0,1.0
2893942302554550272,97.35366493767134,-31.300329343986547,-1.2539272444081007,0.044221286,5.503660140918596,0.045624092,0.6483288,16.680882,0.24693754561753495,0.042059615,,,239.48245649097422,-18.050660000612513,0.9813201,468,56,58,0,0,1.0
2893942332615746688,97.35944836258712,-31.291815887641157,-1.359196464533217,0.07636371,5.623302037681859,0.08332325,0.7877197,17.535318,0.20190556673023902,0.073993325,,,239.47600147970337,-18.04296369754124,1.0709932,447,58,59,0,0,1.0
2893942336911013504,97.36841087001386,-31.288132936746525,-1.2400023155810143,0.013444932,5.568194171713187,0.013406514,1.5771208,11.57353,0.2411078624245925,0.01218465,59.11182,0.3224477,239.47531862153355,-18.034490125690354,1.1484214,464,58,58,0,0,1.0
2893942336914280576,97.35928559522047,-31.286608715886256,-1.1974042576020754,0.047451053,5.540737472332573,0.050234724,0.7123451,16.587275,0.2294178423448776,0.043466713,,,239.47084591721273,-18.041201938700006,1.0992633,446,56,51,0,0,1.0
2893942336914284800,97.36014244797157,-31.296693333557265,-1.2467550221921961,0.05252785,5.63896359331944,0.0578819,0.6918392,17.038443,0.19649562072758506,0.0519342,,,239.48100745511536,-18.044182578700333,1.0092367,460,59,58,0,0,1.0
2893942336914285440,97.35448293034365,-31.294069576648383,-1.2579470681903597,0.0411998,5.4450775723112415,0.041310135,0.62914276,16.48762,0.22480608824106807,0.03934325,,,239.47658916059368,-18.047735549649087,0.97223794,454,58,58,0,0,1.0
2893942336914285568,97.35524061049223,-31.294727971125603,-1.249784204221354,0.06300208,5.535093064111047,0.06659027,0.69960976,17.33446,0.26229493670699006,0.061711915,,,239.47748164263393,-18.04737141450998,0.98918295,458,31,29,0,0,1.0
2893942508712979584,97.34584435235921,-31.2916040831979,-1.2536676092760186,0.010595254,5.471291336355343,0.010958743,1.1364403,13.4604225,0.21262413279282838,0.010453368,60.460396,1.4125731,239.47135364186346,-18.053718172542915,0.9893497,472,60,59,0,0,1.0
2893942538774182144,97.34890480179955,-31.288412125983978,-1.203524346271168,0.08439037,5.6117009396967905,0.0853338,0.78364754,17.876167,0.19846867951593908,0.08191381,,,239.4692244832902,-18.050122285008054,1.0123323,478,55,57,0,0,1.0
2893942538774192768,97.34696393002949,-31.284851021967583,-1.277242773440613,0.0666193,5.46741132143069,0.06559423,0.73054504,17.420385,0.22270355136328346,0.063141204,,,239.46510123518527,-18.050374442429774,0.9642772,474,55,54,0,0,1.0
2893942538774204928,97.35262548810334,-31.27475260675212,-1.3006137610679063,0.083916135,5.4385725962939855,0.07791887,0.9018612,17.650625,0.17660979098058277,0.07576103,,,239.45705395548646,-18.042198497997923,1.0750116,430,50,46,0,0,1.0
2893942543072712576,97.35039205510552,-31.283536561910445,-1.2052031431563717,0.056155574,5.522530608579336,0.055566702,0.6762123,17.090057,0.2121647057724927,0.052534327,,,239.46493218720772,-18.047167416798327,0.9575976,449,48,44,0,0,1.0
2893942641853432576,97.38724900364602,-31.288178870827604,-1.2807845470234693,0.042300597,5.468452792193877,0.041716587,0.6466522,16.32798,0.22695019204729586,0.039545693,,,239.48151498145063,-18.019508677673816,1.0964793,434,53,52,0,0,1.0
2893942646148646400,97.38007301970964,-31.290037036435614,-1.16319932498701,0.12148019,5.382084968859385,0.12291687,0.9577637,18.40902,0.2814500230191322,0.11580485,,,239.4809920705898,-18.025896988597868,0.94909525,460,57,53,0,0,1.0
2893942646148651264,97.38203564463238,-31.29497109996868,-1.3159957008046363,0.046384554,5.580276552080075,0.044031166,0.71121407,16.537376,0.23280252595673734,0.040242992,,,239.48646701519073,-18.026127302941042,1.0393859,441,56,55,0,0,1.0
2893942646151910528,97.38180537805155,-31.281489299055348,-1.2650035852192558,0.031137416,5.44239814472714,0.031372048,0.6434841,15.891278,0.20295889590617472,0.029279878,,,239.47318345901277,-18.021411625475935,0.9918794,439,52,53,0,0,1.0
2893942646151911424,97.39231409973364,-31.289857902406943,-1.2082330642028691,0.05833181,5.503132541762102,0.056189302,0.71009064,17.09874,0.2331046522029219,0.05418575,,,239.48481406144361,-18.01608643400504,0.9971945,468,52,53,0,0,1.0
2893942646151911808,97.38402330585488,-31.284355388303904,-1.2762965544733798,0.036237072,5.508435924957492,0.035353694,0.6890583,16.154879,0.25680666347778497,0.034795027,,,239.4767157083546,-18.020687321369603,1.0558809,440,49,47,0,0,1.0
2893942646151914368,97.39070931394973,-31.2914361990252,-1.2207909838963722,0.044391204,5.5943769297611015,0.044488963,0.8289051,16.573048,0.29614798783234353,0.04145589,,,239.48583615739614,-18.01793762478973,1.00167,452,54,52,0,0,1.0
2893942646151918336,97.38502835468023,-31.291482052647844,-1.227827544388375,0.01108149,5.523367409942731,0.011279527,1.1442089,13.453778,0.22905940769952896,0.010879763,60.332684,2.2274544,239.4840259047478,-18.022476974633552,1.0569227,440,53,53,0,0,1.0
2893942646151923072,97.38145409957231,-31.296134172883107,-1.2011467310148602,0.04375996,5.5795287809249565,0.041620214,0.67150116,16.481283,0.2393017233582554,0.038312085,,,239.48741665868314,-18.027012863448952,1.0042226,428,52,50,0,0,1.0
2893942646151924224,97.38214482431354,-31.298912823373875,-1.2056716204355744,0.04403978,5.572130911320665,0.04319622,0.6529827,16.663847,0.21646265934406167,0.041202817,,,239.4903645725606,-18.02747256114718,0.9880148,465,56,57,0,0,1.0
2893942676213170816,97.38768137839371,-31.281289182706896,-1.2628175954988476,0.03733883,5.510350158515816,0.03649594,0.6489544,16.264162,0.23487291134544244,0.03495108,,,239.47490662056842,-18.016660491481673,1.0356656,446,53,52,0,0,1.0
2893942676214830080,97.391186665052,-31.27801857396036,-1.3458852853097525,0.06891216,5.5940782070897415,0.06464828,0.75084496,17.445951,0.16215985768496521,0.063221924,,,239.47284764853953,-18.01268084161662,1.0373021,469,55,54,0,0,1.0
2893942676214830720,97.39321506579338,-31.286261956020837,-1.2796120548847245,0.050946858,5.472504132820734,0.048304226,0.6715584,16.921736,0.19290357548742038,0.047184777,,,239.48158559462937,-18.01406219242847,0.9150479,477,53,50,0,0,1.0
2893942680508317312,97.3968335557677,-31.278124523112528,-1.3162800827300405,0.034225836,5.5793820712822875,0.034851406,0.66275406,16.127474,0.1962611806130773,0.031820938,,,239.4747961910493,-18.00822335577274,0.97354484,454,50,52,0,0,1.0
2893942680508317696,97.39791545847237,-31.280312853939368,-1.2995399732496806,0.055086207,5.531757057713149,0.05574558,0.6155052,16.805208,0.27404292965509647,0.052669894,,,239.47729326363282,-18.008157492737336,1.2336409,460,47,48,0,0,1.0
2893942680508346880,97.38978422990442,-31.283542526765483,-1.2780837476269147,0.07483966,5.60065164129174,0.070703246,0.86590576,17.608599,0.1852500025671298,0.06913901,,,239.477800951418,-18.015805245450164,0.9840764,491,51,53,0,0,1.0
2893942680511634048,97.40120453937392,-31.277176997861275,-1.2150459601402832,0.0596036,5.491818196957446,0.057511937,0.63957405,17.088282,0.2631593231077796,0.05468609,,,239.4752960916253,-18.004398787831818,1.0879914,458,41,39,0,0,1.0
2893942680511634688,97.39217644160165,-31.27110955760891,-1.327098734443858,0.029084427,5.500369255745286,0.027806366,0.6421099,15.793622,0.29406815832126937,0.027030764,,,239.4664029899392,-18.009381246783843,0.98592937,467,55,54,0,0,1.0
2893942680511635840,97.400129901672,-31.277499181968928,-1.2054562063688827,0.030042792,5.499453351978992,0.02920583,0.63448524,15.702998,0.22258389690248703,0.027500583,,,239.47526057626524,-18.00537152638507,1.0430204,432,54,53,0,0,1.0
2893942680511637248,97.3975963958158,-31.279970101323645,-1.2748145433695368,0.056484926,5.479980452420371,0.058780324,0.7067003,16.852907,0.22080471195303022,0.053376704,,,239.47685327931617,-18.008286920437623,1.0993588,426,10,10,0,0,1.0
2893942680511637632,97.38934549738859,-31.273255384441995,-1.2659066001558266,0.02941566,5.5617748463668555,0.029301079,0.6880388,15.723635,0.2680367954678393,0.02725997,,,239.46758011336505,-18.012415398427937,1.0328653,456,57,57,0,0,1.0
2893942680511637888,97.39652552062438,-31.27873033580195,-1.2693834276003515,0.043721396,5.460162431287358,0.04512608,0.62693024,16.572958,0.20732386199063504,0.04083857,,,239.475288994477,-18.00868883745009,1.0447483,454,18,19,0,0,1.0
2893942680511638016,97.39479020980215,-31.277881919025756,-1.2942273208573183,0.030647565,5.4694900623219125,0.030782038,0.64466476,15.915771,0.1968835182493779,0.028852975,,,239.4738909928126,-18.009762048208838,1.0141662,450,54,55,0,0,1.0
2893942680511639040,97.39960078403757,-31.282598470216318,-1.2441907906941991,0.028951187,5.511089420310009,0.029204689,0.67409515,15.80875,0.21948214737499533,0.027011175,,,239.48008274932056,-18.00764659288155,1.0068053,477,56,54,0,0,1.0
2893942680511639168,97.39786612226843,-31.28146565136331,-1.2677630729460183,0.038582806,5.4839405353622,0.039265785,0.69543266,16.243938,0.2162136199164611,0.036334313,,,239.4784063954934,-18.00861584168794,1.0434756,374,48,41,4,0,1.0
2893942680511640576,97.39712258250036,-31.281984537565158,-1.285528211661866,0.045994047,5.439482326980713,0.044967934,0.67827797,16.607706,0.22153878615907266,0.041381083,,,239.4786717897378,-18.00939644044456,1.0222872,475,28,27,0,0,1.0
2893942680511641216,97.39303879476539,-31.279646331897787,-1.2960593997617442,0.050690144,5.386670870283391,0.048901364,0.66597176,16.82525,0.17163871007265918,0.045508634,,,239.47504724746958,-18.011797876852743,0.9688826,457,54,53,0,0,1.0
2893942680511641472,97.38886464032322,-31.277176876638862,-1.2011764265725995,0.035368912,5.495484190950159,0.03416259,0.6489525,16.18514,0.23979232286006313,0.032791313,,,239.47126457179453,-18.014223697963374,1.0063654,470,20,20,0,0,1.0
2893942680511641984,97.39109743145872,-31.279108103219254,-1.2569761315620558,0.036835987,5.476477744289634,0.03554681,0.6659889,16.24139,0.15879945155434294,0.03371744,,,239.47388581493297,-18.01314792113864,0.9809004,455,55,57,0,0,1.0
2893942680511643136,97.39240593773529,-31.281160818448544,-1.2628356361196558,0.031097114,5.6108988622377,0.030318294,0.70506096,15.915832,0.22175043610067965,0.029298507,,,239.47632412038985,-18.01285224561918,1.0029765,451,59,58,0,0,1.0
2893942680511644160,97.39651684678579,-31.28535876774779,-1.1619919751310295,0.056166917,5.419536233711611,0.05792804,0.6813736,17.006361,0.24232712741117418,0.053039715,,,239.48177928998592,-18.011105236649293,1.0488913,448,54,52,0,0,1.0
2893942714871384960,97.37410316557586,-31.273083028818274,-1.3212445590327617,0.022724913,5.539110335867304,0.022729032,1.0755339,15.238049,0.19701748621246465,0.021189297,,,239.4624321474709,-18.02448948458829,0.96715605,445,59,56,0,0,1.0
2893942714871386240,97.37966651006549,-31.278675450206492,-1.2474916236937066,0.05183765,5.405889698196232,0.050884,0.7682991,16.909206,0.2349666056474,0.04910434,,,239.46972817568,-18.02209202249453,1.0031465,444,55,52,0,0,1.0
2893942714871386496,97.37688466230921,-31.277213737906564,-1.1794392317403894,0.06944544,5.458073783806436,0.067059375,0.8544407,17.456009,0.1772967342914128,0.06478789,,,239.46738754405436,-18.023775810813547,0.8934338,462,55,55,0,0,1.0
2893942714871386624,97.37487786978932,-31.275974694728127,-1.2904083876177737,0.03904529,5.564788044778343,0.036821887,0.6464596,16.313732,0.2981172800692571,0.036271144,,,239.4655181932945,-18.024923439660878,1.0063167,441,51,50,0,0,1.0
2893942714871387776,97.37272348030434,-31.27552308587334,-1.3499677161286,0.04680184,5.452064484687198,0.05024196,0.6515827,16.67917,0.2018406623856194,0.04497388,,,239.46437209875154,-18.02647476832827,1.0360196,415,55,56,0,0,1.0
2893942714871390464,97.37004959688313,-31.276081775085004,-1.2967427293091438,0.065038264,5.56881197860575,0.06527889,0.6949291,17.267368,0.1851935134092316,0.06211851,,,239.46404618925064,-18.0288068768839,0.993232,397,51,53,0,0,1.0
2893942714871393664,97.37541240297375,-31.282929525703214,-1.2541151470951528,0.010790476,5.541910704811714,0.010649783,1.2997389,12.570386,0.2389408728020207,0.010307053,60.529877,0.96329284,239.47250663084105,-18.027025051991618,1.0740659,444,56,54,0,0,1.0
2893942714871394560,97.36732646025382,-31.278037040600253,-1.303085175607468,0.08444073,5.498153019946967,0.082548894,0.89169693,17.736465,0.2706121618356922,0.07889377,,,239.4650725873891,-18.031685621127316,0.9524665,428,53,53,0,0,1.0
2893942714871395200,97.36848059310542,-31.279727624196433,-1.2875295915927225,0.03630231,5.349321490727153,0.03576405,0.6639309,16.153023,0.21988511079732206,0.03300431,,,239.46710588131197,-18.031380889236416,0.9836111,420,52,54,0,0,1.0
2893942714871400064,97.37188963396339,-31.289808890829026,-1.2437013881758612,0.071265005,5.376973929172078,0.069189206,0.74422836,17.44023,0.18215959990810673,0.06326824,,,239.4780965335453,-18.032329303588934,0.9728032,441,56,55,0,0,1.0
2893942714872323200,97.37498625018642,-31.283573815738595,-1.2575042304838386,0.06684242,5.451487940914005,0.059120562,0.8014555,16.33038,0.20521954540120693,0.054344337,,,239.47299870685708,-18.02759846172295,1.3693843,407,22,22,0,0,1.0
2893942744932654848,97.3776217694986,-31.2688153590945,-1.2290507122702239,0.10247796,5.4813317284424885,0.10403735,0.82624626,18.073235,0.25864820262073385,0.09809573,,,239.4594005077001,-18.020136721751662,1.0025742,447,48,48,0,0,1.0
2893942749231106048,97.38637055522074,-31.260976506162752,-1.1887043594439586,0.039397884,5.533784065984279,0.03526235,0.6560478,16.26786,0.18918721113440704,0.033637736,,,239.45457983110188,-18.010320621475145,0.9735235,473,57,54,0,0,1.0
2893942749231108096,97.39087289253558,-31.26752526701583,-1.2620372290366575,0.034014605,5.448312944815547,0.03285768,0.6568775,16.075489,0.1492489883651088,0.031114426,,,239.4624660013059,-18.009116180704215,1.050304,456,56,52,0,0,1.0
2893942749231109504,97.38983787155304,-31.26818481037962,-1.294329085248909,0.092573166,5.449265187834834,0.08841455,0.9486904,17.925055,0.23532390524932092,0.084237546,,,239.46277388840994,-18.01018010308793,0.99923694,467,58,54,0,0,1.0
2893942749231109888,97.38026681283097,-31.26187362061896,-1.1726073055880746,0.038600888,5.430269576255904,0.035472576,0.6709366,16.106562,0.25514145138141314,0.032965694,,,239.45346421056462,-18.015507320065524,1.0544171,465,56,55,0,0,1.0
2893942749231111680,97.37894250812018,-31.26199698968206,-1.2319593478311917,0.034499593,5.5287977127034855,0.032618858,0.631032,15.936601,0.24835256016856594,0.030306729,,,239.45315236977137,-18.01660675088785,0.948244,437,52,51,0,0,1.0
2893942749231114880,97.38143971741718,-31.26842114274092,-1.3263309289212797,0.053402968,5.492629162637009,0.051916298,0.6730614,16.897764,0.22674563282725538,0.0502735,,,239.4602615828857,-18.01695325635745,1.0170858,460,53,52,0,0,1.0
2893942749231117568,97.3807547898284,-31.270585225371377,-1.2504763665887173,0.016479539,5.450162251498488,0.016275896,0.06990147,14.198138,0.20412054539906163,0.015736748,,,239.46215786521506,-18.01828521887389,0.9879327,446,55,55,0,0,1.0
2893942749231121920,97.38227427360793,-31.27751342006721,-1.2609642237474603,0.039776992,5.472357545865361,0.03922628,0.6257906,16.357409,0.2435834321327345,0.038887296,,,239.46944151347103,-18.019593361855392,0.99082863,428,52,48,0,0,1.0
2893942749232057472,97.38196566208576,-31.25934223686273,-1.275856196964561,0.029694177,5.536786880857158,0.028143926,1.0406017,15.646893,0.21662014844725802,0.025598673,,,239.451539538224,-18.013234278975773,1.026345,462,58,57,0,0,1.0
2893942779293000576,97.40456889183739,-31.27380651468505,-1.1911013036803013,0.043232784,5.509115750329238,0.041440994,0.6332855,16.526693,0.15823934758068808,0.03966975,,,239.47309393781734,-18.00049467680449,0.97163856,449,55,51,0,0,1.0
2893942783587512832,97.40462597045747,-31.275877813599955,-1.27734662430264,0.096461825,5.469678373072319,0.09448283,0.8515816,17.961397,0.2762286822391793,0.09013055,,,239.47514142622538,-18.00120235408678,0.92936563,431,55,52,0,0,1.0
2893942783590835840,97.40686082652589,-31.26216837065021,-1.2586146950852353,0.048087068,5.369364228878323,0.04682424,0.6550522,16.688673,0.21300341182522436,0.045196217,,,239.46244382262944,-17.994437663670034,1.0453732,429,55,50,0,0,1.0
2893942783590836736,97.40406641751099,-31.261476955228225,-1.2036131171816975,0.03756367,5.501404162986425,0.036166232,0.6475277,16.254002,0.20058691487594776,0.035414003,,,239.46085325383152,-17.9964113346091,0.976004,447,49,48,0,0,1.0
2893942783590837120,97.40505191238152,-31.26290202414546,-1.322613813384213,0.08510358,5.507735659002918,0.08388115,0.7655411,17.765781,0.29270861317391644,0.08109624,,,239.46257114426322,-17.99614485260221,0.97479707,418,49,50,0,0,1.0
2893942783590838272,97.40346281911488,-31.264287945004728,-1.359349117409542,0.030697541,5.649565224154197,0.029218288,0.6403675,15.85366,0.17145276559368144,0.02794806,,,239.46340921964259,-17.997914185884994,0.9426221,460,52,48,0,0,1.0
2893942783590841088,97.40115620143972,-31.265522699313614,-1.3049932040527454,0.040793072,5.572294234281162,0.038092658,0.67190456,16.349754,0.25595454300177667,0.03692463,,,239.46386478672727,-18.00019985236038,0.9554222,448,54,54,0,0,1.0
2893942783590842112,97.40453875755509,-31.270173336013464,-1.311330691656742,0.03195099,5.485068434752564,0.03128168,0.64085484,15.790483,0.23815935481622555,0.028823387,,,239.46952543237117,-17.999197599209534,1.0279138,431,54,55,0,0,1.0
2893942783590843136,97.4062746474202,-31.27300407059622,-1.280892681354115,0.027216176,5.553395084133041,0.025938706,0.70120716,15.543209,0.18108872989296748,0.024959397,,,239.47286534596313,-17.998844782607136,1.0748069,449,55,57,0,0,1.0
2893942783590845568,97.39943245730773,-31.27206498072566,-1.2529364606489397,0.03849163,5.5691470298247925,0.036735024,0.68319607,16.31617,0.20484773539916132,0.035114802,,,239.46970970803807,-18.003951136448908,0.9923156,464,58,55,0,0,1.0
2893942783590846080,97.40328675479591,-31.275598105422308,-1.2172654641866427,0.025796987,5.358900025080579,0.024120597,0.15365791,15.289331,0.2284008338348284,0.022916442,,,239.47442986346095,-18.002166916420062,1.0415677,439,54,54,0,0,1.0
2893942813652166144,97.41537069321163,-31.249946525347724,-1.200200006552153,0.15203427,5.485398033487614,0.14088723,1.0748501,18.60978,0.2854646679906455,0.13167569,,,239.4532560986577,-17.983215723394256,1.008944,458,55,53,0,0,1.0
2893942817950570624,97.41548231688891,-31.262305183598322,-1.186269778806811,0.040306766,5.4901236375471445,0.0378128,0.65153694,16.311886,0.21238348906033117,0.035838623,,,239.4653960013353,-17.98762248397347,0.9601096,442,56,53,0,0,1.0
2893942817950572160,97.41632370664414,-31.265466036285638,-1.3425240902997082,0.10530823,5.5920790069878095,0.0978147,0.8289604,18.0899,0.21105728662374057,0.09851251,,,239.46876670042263,-17.98810223501403,0.9753131,443,43,40,0,0,1.0
2893942852306970240,97.3871952055526,-31.253080188716805,-1.2917804278125957,0.1014607,5.431966846694922,0.086860366,0.79787827,17.81109,0.16556822503232504,0.08040517,,,239.44711443951678,-18.00679308039903,1.0240482,428,52,52,0,0,1.0
2893942852310315392,97.39901883820175,-31.2614874863461,-1.2573781493762521,0.08912898,5.369361111949148,0.07906732,0.768137,17.72093,0.2991517319051433,0.07720546,,,239.45921381888817,-18.00043448079154,0.97453046,443,56,55,0,0,1.0
2893942852310315904,97.39035359819025,-31.256159972752616,-1.3324197052926345,0.056569654,5.546262560890055,0.05412531,0.7552719,16.951593,0.22106586292463162,0.049798053,,,239.45116344623972,-18.00539764032595,0.98992705,453,56,53,0,0,1.0
2893942852310318080,97.39690418393691,-31.263029691816488,-1.2385786990732108,0.019819017,5.534718197962452,0.018601688,1.1183958,14.655113,0.231079498836632,0.01750981,57.612488,5.980687,239.46003329847767,-18.002679126943686,1.0594747,424,53,52,0,0,1.0
2893942852310319616,97.39400415169197,-31.264134008089428,-1.2209813111397414,0.082918845,5.363917472158287,0.083592385,0.78463364,17.689325,0.1521088215166383,0.075903855,,,239.46016727871944,-18.005389901673663,1.0612173,450,51,52,0,0,1.0
2893942852310320640,97.39164675799293,-31.263693405094482,-1.3271545761792343,0.059229597,5.467350659165999,0.05367922,0.66758156,16.886517,0.17783558442065028,0.050639607,,,239.4589653365004,-18.007106877513117,1.1395296,469,54,56,0,0,1.0
2893942886670042240,97.4017288673838,-31.242559992665328,-1.2870533536547724,0.0596363,5.574096661602626,0.053701136,0.6968708,17.043482,0.28220533712431134,0.05214775,,,239.44156142014006,-17.9913927380296,0.9610565,461,54,50,0,0,1.0
2893942886670042496,97.40353301437139,-31.24506618083216,-1.192992001141288,0.014575883,5.468861067556126,0.013496161,1.1821384,13.947172,0.21535060302873482,0.012966127,60.650852,1.7442935,239.4446058591911,-17.990867506080026,1.0031047,440,52,52,0,0,1.0
2893942921029813376,97.36006208429079,-31.260860796070656,-1.281839887487919,0.06955781,5.560954155288891,0.060642943,0.793272,17.199781,0.2197582295113583,0.05843536,,,239.44587116195945,-18.031229422392133,1.0489783,437,55,54,0,0,1.0
2893942921029814144,97.36939866002137,-31.268518772714547,-1.2308956738210055,0.040479638,5.47528420679615,0.037273217,0.6485071,16.321638,0.18955705106615212,0.03596247,,,239.45642379663263,-18.0265770045911,0.97921884,438,51,53,0,0,1.0
2893942921029815808,97.358304363828,-31.26248985040046,-1.3161384595481913,0.0799381,5.372893022583434,0.0712582,0.72854424,17.386232,0.16080789228398093,0.06664414,,,239.4468931222747,-18.033221162661853,1.046463,438,53,52,0,0,1.0
2893942921029820544,97.36461983445936,-31.27214340694518,-1.2466987065208845,0.025038105,5.487898680130472,0.023375588,0.18271351,15.20974,0.17759736778104157,0.02221085,,,239.45841420248067,-18.031699471504243,1.0308799,447,51,50,0,0,1.0
2893942921029827072,97.35705932886064,-31.273250395130628,-1.206564498287296,0.02849382,5.497161229843527,0.028265592,0.7142706,15.553764,0.224473734400312,0.025019161,,,239.45702980061503,-18.038122099724994,0.9915335,444,57,53,0,0,1.0
2893942921030310912,97.36018066579946,-31.262318036101867,-1.1825821672032033,0.042475756,5.484017717233892,0.038338292,0.6867323,16.304037,0.22146165811192087,0.03617912,,,239.44733765270828,-18.031664492494787,0.9997775,395,56,54,0,0,1.0
2893942955386220672,97.37414126386201,-31.259398068310603,-1.310308331925271,0.06684113,5.435011915244154,0.06153077,0.706707,17.19714,0.25663541836263987,0.0594216,,,239.4490376394466,-18.01948556088019,1.037616,414,51,51,0,0,1.0
2893942955389536128,97.37277136576847,-31.25070930933495,-1.3059782501990616,0.045304377,5.503572091784526,0.041652236,0.64100266,16.482481,0.23801966821804624,0.04083661,,,239.44007811912357,-18.01741830496446,1.0414617,404,52,51,0,0,1.0
2893942955389540736,97.37341967308235,-31.257320684836365,-1.2918803309209648,0.03303089,5.356609187549616,0.029434012,0.6555252,15.727151,0.21302624084835306,0.02804458,,,239.4467667505019,-18.01930514573608,1.0354577,418,53,46,0,0,1.0
2893942955389542400,97.36572403384021,-31.25287181384565,-1.3001527165412254,0.09408516,5.521723837337413,0.08564993,0.8763828,17.811062,0.29985038202516207,0.0817839,,,239.43989385504608,-18.02381698727041,0.96136886,431,54,49,0,0,1.0
2893942955389545600,97.37251076643491,-31.26274454867613,-1.275259044027971,0.011944331,5.4627023122398475,0.011344811,1.1377344,13.432239,0.2197670149601958,0.010844206,58.76185,1.532029,239.45178338293684,-18.02200030518567,0.9481765,459,59,58,0,0,1.0
2893942985450838400,97.34129813134183,-31.258886249751956,-1.2784980747504975,0.12170604,5.620093615346078,0.1092508,0.8604679,18.236889,0.24924466851211616,0.108207114,,,239.43780783924217,-18.04545589710046,1.0771942,434,54,56,0,0,1.0
2893942989749289600,97.35667643872989,-31.25724061190996,-1.3184055338900165,0.027141577,5.473575749820897,0.02732139,0.79004765,15.534898,0.19410349031483015,0.02474551,,,239.4412182682351,-18.032610311347003,0.96502733,433,54,49,0,0,1.0
2893942989749291008,97.34782566561847,-31.25314705345394,-1.3194535585067584,0.036290962,5.548044496909227,0.033512756,0.657918,16.04222,0.21441819016872424,0.0329314,,,239.43431623927734,-18.038172069870377,1.0855547,443,53,55,0,0,1.0
2893942989749292288,97.35293847578484,-31.258391300545785,-1.1730263497277067,0.03965028,5.5424078010817714,0.042081572,0.6565571,16.240324,0.2437955719184981,0.036095407,,,239.44112469705223,-18.036005384420438,0.9348368,406,50,48,0,0,1.0
2893943019810594048,97.36495147924961,-31.250940882326972,-1.243709996668936,0.048806798,5.594088413584917,0.04510072,0.66480255,16.60947,0.18269155788497748,0.043309923,,,239.4377497139615,-18.023730487181023,1.0265247,420,49,48,0,0,1.0
2893943024109012096,97.36595538081347,-31.244500403479726,-1.2158615955916265,0.08872316,5.474725485726754,0.07996702,0.8981075,17.715696,0.2513645016768399,0.075537756,,,239.43176819816,-18.02059001835359,1.0293155,446,50,48,0,0,1.0
2893943024109016960,97.3587289014525,-31.246531374103114,-1.2172275276432114,0.050058853,5.581035637682648,0.047667623,0.6453781,16.604748,0.18659150876728314,0.04356884,,,239.43139649044753,-18.027083957727417,1.0483793,434,50,48,0,0,1.0
2893943470785593216,97.44260086176057,-31.267115944182116,-1.1900442577889065,0.014737935,5.44281259690847,0.014541549,1.0388842,13.857446,0.22943155488419992,0.013903239,60.78676,2.047388,239.47897334094432,-17.967780881462122,1.1866497,402,55,52,0,0,1.0
2893943535206660480,97.42902821300656,-31.25612353034167,-1.263451024558049,0.08538523,5.611356340753787,0.0825318,0.82325935,17.721071,0.20965157733314324,0.079046845,,,239.46377110745195,-17.974587643359293,1.023535,442,53,53,0,0,1.0
2893943539505067264,97.44096990756036,-31.260587584687926,-1.2982649223866252,0.0113177,5.429575054803056,0.011166611,1.1483631,13.371292,0.2357389732310821,0.010689483,60.01119,1.3558255,239.47204751476008,-17.966703702932993,1.0299114,421,54,54,0,0,1.0
2893944295415924864,97.42473549354148,-31.2457316831545,-1.2971952443596697,0.13444339,5.425909702661282,0.11619348,0.8863468,18.320076,0.2770200164919322,0.114630245,,,239.45219110273084,-17.974224673785187,1.0274535,455,56,55,0,0,1.0
2893944295419309824,97.42294682044704,-31.24331781616795,-1.2407329241922724,0.0135846995,5.485155733219285,0.011815504,1.2591181,13.384105,0.25072240755036607,0.011458606,59.344425,1.0211803,239.44924233716793,-17.97477072911003,1.1012251,433,56,53,0,0,1.0
2893944295419311616,97.42180188111763,-31.24734906695682,-1.242720954358647,0.053770125,5.542242202842896,0.04862929,0.662838,16.847462,0.16277335159370013,0.046254143,,,239.45281549539956,-17.97714933118606,0.98560214,468,56,55,0,0,1.0
2893944295419313280,97.41755696979709,-31.247320554800872,-1.3696413210487433,0.030942002,5.508048006047326,0.028823229,0.92412376,15.717468,0.18676558503963073,0.027395258,,,239.45139937856732,-17.980519354143293,1.0378755,444,54,53,0,0,1.0
2893944295419313920,97.42348085741592,-31.25328882963001,-1.3432045806386235,0.041320078,5.608599063044636,0.03727562,0.6532793,16.338959,0.16641552456072536,0.035400182,,,239.4591811882856,-17.977973476470183,0.9960795,466,52,50,0,0,1.0
