ra,dec,pmra,pmra_error,pmdec,pmdec_error,bp_rp,phot_g_mean_mag,parallax,parallax_error,radial_velocity,radial_velocity_error,l,b,labels
111.4949808342664,-47.7791295911436,-1.601296356059607,0.092499614,2.863744242066482,0.094740786,0.8559952,17.761793,0.2706842339364824,0.07684279,,,259.6352639511666,-14.352409328592058,0
111.50938970990495,-47.767264959938196,-1.4791796449414925,0.06755308,2.821107428615835,0.065487966,0.84830093,17.190111,0.18748042786258223,0.05567464,,,259.6283251146229,-14.338648790612218,0
111.50829048734934,-47.773312420563045,-1.5222455519528024,0.0432057,2.791883099757073,0.045215957,1.2171383,16.38492,0.2010557839649308,0.034979112,,,259.633674603048,-14.341851303064924,0
111.59041254087296,-47.77825248975093,-1.4818747170700686,0.061378837,2.9383578739075924,0.066612974,0.9238243,16.999088,0.16501081849778554,0.0504159,,,259.6621707068502,-14.29381132413471,0
111.56881771821344,-47.77381031807002,-1.3826606033052617,0.118262835,2.719129955110086,0.12068894,0.88801193,18.187668,0.2036610526737779,0.09668591,,,259.6517287715219,-14.305123242951579,0
111.5689158365234,-47.775878467211975,-1.3462053697631342,0.09924517,2.693461509813564,0.10773281,0.88620377,17.912416,0.26973287794549117,0.08113115,,,259.6536950108773,-14.30593042021977,0
111.60284140001694,-47.75879559055172,-1.572264312665459,0.080309145,2.91811846969411,0.07453048,0.8579235,17.405163,0.12204182599527463,0.060425207,,,259.64756218800727,-14.278065137475101,0
111.660424946455,-47.76522732166562,-1.457486409114331,0.123125926,2.9017419395728625,0.116206214,0.9628639,17.991467,0.22696680107967035,0.08690419,,,259.67035732228703,-14.245636455992097,0
111.66682453176146,-47.76523560022977,-1.4896375357246356,0.056600314,2.7951102437540265,0.054673653,1.0346613,16.580282,0.16771472111134483,0.041277014,,,259.6722302710385,-14.241736668752814,0
111.6547278712538,-47.75084771998013,-1.3665382430344037,0.052821774,2.8078155394823074,0.054637223,1.3492031,16.581444,0.17130932494936407,0.040697202,,,259.6552346416368,-14.243068948758799,0
111.67452735717056,-47.745083006062366,-1.4333440058539728,0.020269537,2.7325136587034295,0.019480424,1.3772221,14.293781,0.1834318718670727,0.015186722,18.858381,3.282096,259.65561164828176,-14.228566005758037,0
111.67590236703946,-47.748757010084134,-1.552484259562489,0.09015414,2.825216205690078,0.09648171,0.9757099,17.551367,0.15407409531562438,0.06884673,,,259.6594516583588,-14.229271926966165,0
111.69192737995702,-47.733984607365564,-1.3521906185269854,0.050347105,2.6933122692415,0.05705097,0.96422577,16.598886,0.21611760369918298,0.040928736,,,259.65030120370153,-14.213281967816068,0
111.65220503598474,-47.748866968617655,-1.4063432779308385,0.040569667,2.792479807114476,0.04169588,1.3638678,16.156633,0.24111136428175983,0.03155411,,,259.65264483954087,-14.243775825788385,0
111.61956397084398,-47.74016734732435,-1.5164358644061624,0.10670719,2.765630314756467,0.1129074,0.95352936,18.003847,0.19227640258677275,0.08462676,,,259.6349866190146,-14.260040232807839,0
111.62902934418334,-47.735511659496616,-1.4548207459703806,0.11842126,2.6801442548805596,0.12919466,0.95820427,18.137632,0.26166591537593603,0.09496743,,,259.63338539590626,-14.252307897914848,0
111.62325465126135,-47.73740089356932,-1.5562231683081507,0.0494109,2.816475262863201,0.05014707,1.1042452,16.586939,0.17827940473815787,0.039430685,,,259.6334714889877,-14.256625946148578,0
111.64036604972932,-47.74184321836501,-1.487828660184813,0.04765841,2.767892039271689,0.04679848,1.1408911,16.456476,0.20571435560234994,0.037629865,,,259.6426179449583,-14.248048760543455,0
111.65129489332827,-47.740704034442324,-1.3954260794242024,0.09965466,2.914212507026481,0.10987835,1.0280437,17.78013,0.17099941827779666,0.077547446,,,259.64473739967576,-14.240900917814532,0
111.68587101120018,-47.71786611745237,-1.527670018766226,0.09868438,2.820852692484902,0.1010361,0.9190006,17.79002,0.196682975374804,0.077719145,,,259.6334487710437,-14.210197094845087,0
111.6882402625831,-47.72007292738429,-1.4680301773315734,0.058930688,2.690106307063192,0.061686102,0.9007225,16.89872,0.19602998660748253,0.045587875,,,259.6362057156903,-14.209679438519284,0
111.67409132565516,-47.73530134676893,-1.4800453640597162,0.06884783,2.7654600605593176,0.07261383,0.9468193,17.161001,0.1328169366654614,0.053210758,,,259.6463287357314,-14.2247190666667,0
111.64929820842447,-47.7269384302163,-1.4754231366828359,0.08074084,2.8869067717600903,0.08280793,0.9614639,17.505457,0.1817210977440012,0.0636035,,,259.631268228608,-14.23633452402022,0
111.67751551876599,-47.70937814091271,-1.3285903650414845,0.14973037,2.6134519326216132,0.14766236,0.92025757,18.388113,0.2403529317154711,0.115606576,,,259.6230656931232,-14.211726880991616,0
111.66939687156753,-47.71683100019881,-1.3845202419950264,0.059082657,2.71981831665867,0.060503278,0.75772285,16.901106,0.1460023599792998,0.046520807,,,259.62767101308066,-14.219817303529474,0
111.54311019125778,-47.774583490895,-1.577573555914808,0.14160936,2.8909844151140476,0.14372548,1.0413055,18.445284,0.2731787412824698,0.11631071,,,259.6449805367517,-14.321133611768765,0
111.56312578550008,-47.77266823668879,-1.532025776180565,0.01810861,2.8991402248508296,0.017608784,1.3385172,14.485877,0.17937565682488985,0.015060094,19.989115,3.120765,259.64900374504725,-14.308117468357949,0
111.5265329575338,-47.77536625037328,-1.3518889957921991,0.063160375,2.6580418562283734,0.076002836,0.9724636,16.374449,0.18107613520890803,0.05081436,,,259.64089782219384,-14.331577673738005,0
111.51909781909019,-47.77962647215164,-1.4024416306977305,0.096981324,2.6657252576344774,0.09777139,0.84991646,17.814606,0.20039080641047435,0.07988352,,,259.6427314212933,-14.337898946874226,0
111.52969588778596,-47.780653463025956,-1.360812395772762,0.07041951,2.7066825015448672,0.06997443,0.8278885,17.360935,0.22030541156304426,0.05728302,,,259.6467720011802,-14.331861787115063,0
111.55549518803687,-47.76050343055041,-1.488864689227495,0.046196576,2.7333259545247737,0.042757668,0.88053036,16.383078,0.22735584334440367,0.034788985,,,259.63538695936086,-14.307675008613051,0
111.57830075062343,-47.751032786948244,-1.4292096851904337,0.041283187,2.7901747863014306,0.037043113,0.8949127,16.009098,0.1779042603687746,0.029699845,,,259.63314811706795,-14.289784878438946,0
111.60244929496899,-47.748251766781856,-1.394343200092425,0.09034293,2.7776239344043736,0.08213986,0.8840294,17.524693,0.1469616480909023,0.06534983,,,259.6375726964824,-14.273879472233858,0
111.59245697768068,-47.7431412474657,-1.4462535796798959,0.143766,2.6268800796306486,0.13326474,0.9594803,18.318142,0.24913552711494377,0.104206905,,,259.62987666030705,-14.27783367363676,0
111.59875745259963,-47.750046881807364,-1.4318611198535325,0.077046156,2.6855338390688335,0.06973565,0.78014183,17.26425,0.2083824934116323,0.0570532,,,259.63817906408696,-14.27688596345607,0
111.56204117876139,-47.74945177265059,-1.4060974447049732,0.08425107,2.8775977491869096,0.07773639,0.83317184,17.44643,0.18534675642049397,0.062044416,,,259.62693613112486,-14.299046598506859,0
111.55652344630211,-47.74918454258477,-1.4829452640842904,0.04942766,2.789710037863075,0.044602074,1.2178221,16.432085,0.17589871228090298,0.036302306,,,259.6250806914753,-14.302302796132167,0
111.55982895378142,-47.747398794719544,-1.4547398000930674,0.07587514,2.872727251519875,0.06742933,0.876379,17.188328,0.15659556059081625,0.054187577,,,259.62436914200117,-14.299536322559012,0
111.56354377275582,-47.75096308097985,-1.5628485608610427,0.07048215,2.7945829144170373,0.06548592,0.85336304,17.15825,0.15871362209404413,0.052213658,,,259.6287891784105,-14.298763025299694,0
111.57271349034451,-47.74339887900129,-1.4768528541540924,0.03208058,2.7241690147634903,0.029157694,1.2696314,15.635858,0.21997102250159906,0.02383049,,,259.6243708270488,-14.289993655416891,0
111.56316493655123,-47.75274886978073,-1.4075308498311658,0.060184717,2.826635615945812,0.05646505,0.84734154,16.89393,0.1673749252872681,0.044713072,,,259.63035206464866,-14.299742979012583,0
111.5618018310669,-47.75829188817204,-1.476465103482242,0.047731712,2.766312480488862,0.043911602,0.90173054,16.379423,0.22491733124118238,0.034776907,,,259.6351488953503,-14.302898816342939,0
111.56442596202487,-47.755874637296714,-1.4525104343251112,0.04942997,2.7124521177179224,0.044933274,0.97212887,16.43115,0.15087021691912839,0.035491105,,,259.6336473976562,-14.30028378973466,0
111.57372558055194,-47.75078774424273,-1.5098954350302938,0.09221921,2.688361677200238,0.0852029,0.8798313,17.618668,0.15770962678221548,0.06817615,,,259.6315872326373,-14.292474631804733,0
111.579067847952,-47.74172276758241,-1.4674896065802103,0.14839995,2.8429335412928225,0.1368697,0.9603977,18.362099,0.265630065404749,0.10603463,,,259.62465016149326,-14.28541160350946,0
111.581423471098,-47.73592077653434,-1.404026464178628,0.10054569,2.6879332409460184,0.10162061,0.8407726,17.931112,0.26508580960729844,0.08026135,,,259.61990108058416,-14.281539675541515,0
111.5201257602053,-47.76039939910352,-1.5395639682466076,0.09253912,2.7288509913494012,0.09030859,0.84913826,17.660326,0.18293958847283054,0.0732059,,,259.6250087310828,-14.329220555905739,0
111.51458738444464,-47.76645014280756,-1.54657680302904,0.12553844,2.651494067962288,0.1229369,0.88015556,18.240084,0.26855167218677595,0.097861454,,,259.62907102032244,-14.335134962262726,0
111.52039887454139,-47.763822843482494,-1.4413341910894863,0.06610102,2.771381804665264,0.06391078,0.8208103,17.174498,0.266813935373467,0.0521899,,,259.6282967192645,-14.330487467285682,0
111.5280101987951,-47.76284458997462,-1.5281025102851367,0.07244629,2.7008195154980026,0.0708051,0.8111763,17.238495,0.12102672778286774,0.05647517,,,259.6295913899568,-14.325431788402236,0
111.54551955055044,-47.743480731281515,-1.4441701548468537,0.11063527,2.73516978520586,0.10236231,0.86807823,17.899313,0.1967683077907029,0.08090876,,,259.61653581064456,-14.30662986616274,0
111.54753302465788,-47.7471628064735,-1.3888507387641136,0.100159355,2.8369565780843304,0.09002849,0.8246937,17.691069,0.22328011703421313,0.07237744,,,259.62057149826416,-14.306943783582076,0
111.53556479047262,-47.76143953564381,-1.4502884755559349,0.016612485,2.782230108740526,0.016184788,1.2891731,14.150788,0.17380453041401905,0.0132273575,25.655857,3.5890646,259.63047009761465,-14.320231966695486,0
111.51808890615008,-47.7531111331558,-1.4389912951019874,0.11366504,2.754540495630196,0.08010664,,17.315302,0.25945156715123346,0.06999631,,,259.61758599157434,-14.327411889544058,0
111.50635438260578,-47.74883024322014,-1.41763877285543,0.07368692,2.816135775855711,0.06609503,0.8290825,17.165216,0.1339976703946196,0.05464314,,,259.6101638967539,-14.332784176175277,0
111.56478836579542,-47.72727676888595,-1.4066436907637236,0.035133492,2.7653206349254953,0.033487543,1.2560368,15.798761,0.21469576877592136,0.027905578,,,259.60696106106207,-14.288071085979558,0
111.56035695624593,-47.736801823440096,-1.3806554353825518,0.027313292,2.7475742847425986,0.023080165,1.3140545,14.969791,0.19640377818380522,0.019055778,-0.24694468,15.326693,259.6145946559275,-14.294771051273031,0
111.57620234531927,-47.73285047757084,-1.4250192227797265,0.1332422,2.7728561662382356,0.13181643,0.959507,18.337011,0.26994781878264346,0.10467029,,,259.6155050441837,-14.283439375270131,0
111.58842298170484,-47.72050416006293,-1.524254549336814,0.10049429,2.838195148515426,0.10027411,1.0122681,17.92518,0.17897665305449675,0.081151195,,,259.6074995906324,-14.270797484789439,0
111.57206108557557,-47.73333752308145,-1.4559547441951077,0.017761063,2.74456504777909,0.015745603,1.330431,14.1950655,0.16599456654564432,0.013434894,16.810663,2.8401105,259.61475570542626,-14.286172151293838,0
111.55027024290085,-47.723533085798,-1.4213078972876936,0.013050865,2.887523921181134,0.011823615,1.7992153,12.102543,0.24495447439931461,0.010277202,22.095644,0.3321273,259.5992281332939,-14.295367528776692,0
111.56119324382331,-47.723714490127634,-1.3045463478811548,0.08465358,2.630840119039007,0.08418492,0.83004,17.586338,0.17739282382321486,0.06746807,,,259.60257737945375,-14.288772685915529,0
111.5529986788609,-47.72255306946418,-1.5575868885576902,0.040327493,2.8207046700245777,0.038743958,1.1236706,15.550924,0.21288050317957646,0.032127213,,,259.59910406560186,-14.293290297395716,0
111.54587572884435,-47.72333277512425,-1.461858202586706,0.113272004,2.700659924584177,0.12948123,0.89552116,18.043896,0.20954323142255946,0.09384122,,,259.5977615881154,-14.29796749798541,0
111.5523176252235,-47.7222051730425,-1.5704062318133611,0.10104051,2.5919412397530914,0.0985041,0.9958191,17.510838,0.16886594414887707,0.08314666,,,259.5985799088841,-14.29356038888451,0
111.5471392732114,-47.73070863031898,-1.4136188531913263,0.020693846,2.8753085934137577,0.019889409,1.3611364,14.35801,0.19765389914475687,0.01579999,19.6719,2.6653278,259.60503992861356,-14.300287603911213,0
111.55672531385054,-47.728515566330934,-1.4449211379945246,0.050484877,2.7161176750143663,0.04910791,0.8015232,16.628395,0.18615855227379818,0.040243503,,,259.6057747279665,-14.293514316290484,0
111.556281227436,-47.73141874100258,-1.4368329545017637,0.014042734,2.7984346158009834,0.012992458,1.461009,13.647418,0.18948420221525247,0.010975635,22.82335,1.8466345,259.60836537696053,-14.295002711203232,0
111.56936610597981,-47.72222411864432,-1.3289560268550136,0.07704014,2.7501428032540405,0.075243,0.8337517,17.384483,0.2655877807262874,0.060838386,,,259.60356061784404,-14.283156505506703,0
111.56984390990735,-47.70871804840941,-1.4684208701348744,0.12617095,2.775982068508733,0.12410063,0.96727943,18.26621,0.21254380114400873,0.09946984,,,259.59104840186916,-14.277199405534242,0
111.58061306047867,-47.70211748018877,-1.4584146798001898,0.08152764,2.761188810476346,0.079768375,0.82626534,17.470366,0.14947278261176208,0.06414249,,,259.58800343457654,-14.267851758457075,0
111.56403835475344,-47.71160810641143,-1.4365891911954214,0.08313905,2.7928246031123027,0.08271869,0.8218422,17.597658,0.2660447559968553,0.06694579,,,259.59206476160574,-14.281957833955532,0
111.57405762010278,-47.70496808415148,-1.3371693610169917,0.056783643,2.8001603893929277,0.05490101,0.81321526,16.843111,0.2402319225509421,0.04486324,,,259.5887633736196,-14.273052304968635,0
111.58186174022548,-47.70573500996003,-1.4461681190441573,0.04909306,2.8122924738251074,0.046200495,0.73935413,16.061956,0.20569792899085595,0.03777683,,,259.5917554116667,-14.2686070207403,0
111.57513815050609,-47.71384368513999,-1.4051339319069585,0.06501313,2.8080517628695842,0.05860782,0.8572216,16.929237,0.13107077216446628,0.046791207,,,259.597391526889,-14.276115945577699,0
111.5695509145265,-47.71918960355183,-1.3729744336710292,0.07337474,2.825614495508627,0.072977625,0.88451767,17.340633,0.21578450041339162,0.05924701,,,259.600771890147,-14.281770842508937,0
111.5831407163934,-47.70739013344205,-1.5497723270458046,0.06973155,2.8762372454001293,0.06780016,0.8538494,17.248913,0.22620696519209083,0.05438896,,,259.59367823456773,-14.26852034553274,0
111.60929320203826,-47.743115402340926,-1.5745261698832436,0.111166045,2.7962217624677956,0.10526476,1.0104561,17.973225,0.24599049307270002,0.084731884,,,259.6347553729843,-14.267546572983646,0
111.61138229000223,-47.73217128879617,-1.3750363259476952,0.054458313,2.7027658328501003,0.05063366,0.9560299,16.355448,0.20537109741704937,0.04262534,,,259.6251149606437,-14.261676944540033,0
111.61489429511515,-47.73142993667818,-1.535200095495386,0.07257263,2.689532867631515,0.0729984,0.9083481,17.289555,0.16771523882116873,0.057807993,,,259.6254440504479,-14.259221791829967,0
111.63816158209718,-47.71970931674446,-1.2874670570158233,0.12806751,2.796756011858264,0.13286646,1.0112362,18.273127,0.23302811041240595,0.10444845,,,259.6212525380326,-14.240094903097946,0
111.6274667982826,-47.72740047073892,-1.4290588499942936,0.09383605,2.7747795595718525,0.095695466,0.95056343,17.729635,0.2392641306803272,0.072986305,,,259.625335215594,-14.249854783175955,0
111.61180032817036,-47.723759887658225,-1.5381273843964283,0.08848156,2.7232547603980146,0.0845088,0.9625797,17.598534,0.19841444064710406,0.06842058,,,259.61735998963997,-14.25789012408683,0
111.59693052002915,-47.723141038950125,-1.4880177556618936,0.08077747,2.7502232574885115,0.079028085,0.935894,17.522999,0.2473401734011826,0.063947216,,,259.6124476152832,-14.266709278550769,0
111.60983348764707,-47.72075293841446,-1.3893338147972154,0.048180413,2.7012789815793177,0.047806755,1.0071516,16.509403,0.2122427599256396,0.037855677,,,259.613970991081,-14.257828450053697,0
111.60758437799298,-47.726454961366706,-1.3886485709717395,0.018133571,2.777058568694186,0.01667735,1.3819513,14.291397,0.17493766070238514,0.013751846,20.238531,3.0446165,259.6186552232994,-14.261595605244985,0
111.61793727961935,-47.71284280948357,-1.5298261270358893,0.06447588,2.7767331804969904,0.064053275,0.93327713,17.104036,0.1893950897940519,0.05032524,,,259.6089262983911,-14.249558599667475,0
111.62539926257989,-47.710057218957274,-1.4209718201501824,0.064015105,2.74825357182664,0.06523463,0.8688679,17.004194,0.24222993700006173,0.051183708,,,259.60849396229224,-14.243832046954088,0
111.64943448611935,-47.71341879301616,-1.435397329219577,0.07408891,2.821592008585839,0.07298956,0.91412735,17.250381,0.13641887329573946,0.059144795,,,259.6186518717405,-14.230569187961361,0
111.64411204213361,-47.713088278930044,-1.451533034864334,0.019875979,2.8041328070226625,0.018781262,1.3541164,14.287166,0.17131490160605703,0.014900636,20.728964,2.58454,259.6167896994713,-14.23367979273395,0
111.66356567606492,-47.70104556410659,-1.3665126844786262,0.08254599,2.7800493100378936,0.087891914,0.8713608,17.508875,0.23362313252689715,0.06603954,,,259.6111943553685,-14.216739375344662,0
111.66644148754261,-47.695883279226535,-1.3756651135686075,0.10673901,2.6369026038878323,0.11313063,0.93218803,17.92364,0.21701052172996294,0.08658242,,,259.60720245478836,-14.212812417029676,0
111.66092315847858,-47.7018709255416,-1.372955095586156,0.082444705,2.876152587679253,0.082236014,0.91887474,17.424952,0.22211252386690294,0.065859556,,,259.61119543207974,-14.218699966745005,0
111.66623631856902,-47.70176434940795,-1.4347844970445636,0.06450998,2.71011340241634,0.06670033,0.9088993,17.026667,0.1777329772167079,0.049498044,,,259.61264678951636,-14.215410955485227,0
111.63560697806342,-47.70058314334612,-1.348821288068509,0.04570865,2.6998583388635753,0.04565369,0.90595055,16.360203,0.24709500690412703,0.034981504,,,259.6026016757835,-14.23361805371186,0
111.6537190366637,-47.700459201311354,-1.4487087539778503,0.06727849,2.8435279082016685,0.06736675,0.91348076,17.115866,0.19187701477469477,0.051722758,,,259.60777116646744,-14.222505426881778,0
111.64783232071622,-47.6950312406174,-1.5305638303365021,0.105663575,2.8720944617586754,0.10603455,0.8572178,17.849382,0.22679869738773734,0.0795827,,,259.60097214514394,-14.223818502463429,0
111.66399874742595,-47.684632951987,-1.4792580010159848,0.019085022,2.7782878104817685,0.01808198,1.4092541,14.166324,0.18250893394036533,0.014364889,26.790909,2.7310038,259.59595986762577,-14.209572736679752,0
111.66611921678079,-47.686256818503175,-1.4972902916084803,0.028732346,2.6565318137661005,0.02816175,1.3126707,14.0812235,0.18691195727643578,0.022181464,21.39136,2.5218334,259.59809895206183,-14.208960596373851,0
111.59416656496077,-47.709177033736715,-1.283958669843361,0.12065593,2.771019749200949,0.12079583,0.9833107,18.188135,0.23241421696006387,0.09446149,,,259.5985646471263,-14.262535978757327,0
111.59748834912648,-47.70735547816629,-1.47188244573141,0.08620562,2.8369876151317674,0.08689628,0.8639717,17.528421,0.21203347694600783,0.06738571,,,259.5978268876851,-14.259742568959853,0
111.59613925239437,-47.70809351885146,-1.4480039187555342,0.044226613,2.726063378032181,0.04386849,0.86279297,16.35326,0.16054804573555803,0.034398805,,,259.59812485006915,-14.260876347919416,0
111.60014949419534,-47.71388756147309,-1.3933964761209887,0.061178353,2.7586668938808057,0.059872314,0.88996124,16.974571,0.21906928118269264,0.048080523,,,259.60471961962634,-14.26085945606354,0
111.60692976159787,-47.71108376611164,-1.4854700246111738,0.03274051,2.639996411286022,0.028556172,0.47534657,15.524645,0.14672168582075723,0.023298783,,,259.6040702024248,-14.255541752306986,0
111.61774318253195,-47.6949855121189,-1.3619213832140002,0.067715526,2.6278284001443373,0.06566522,0.8904934,17.14305,0.20958658689130485,0.053173024,,,259.5921497225156,-14.242176823295559,0
111.62594368636012,-47.698034904901135,-1.585620987732233,0.069867484,2.8072929807789198,0.07434592,0.8878155,17.181957,0.17812667573601998,0.054239504,,,259.5973968463368,-14.238449037249572,0
111.60613430132837,-47.70302037107759,-1.2810347687248138,0.07576358,2.880372226110431,0.0730569,0.8787956,17.361961,0.22729033944231108,0.058210123,,,259.59628768679136,-14.252641880495664,0
111.61370227331878,-47.69727951980937,-1.4362203549858525,0.083036765,2.6613911451589,0.08094322,0.83992004,17.425158,0.19677808787209733,0.0647337,,,259.59311900295717,-14.24560859703276,0
111.62053042414024,-47.691163750915756,-1.4199366616755285,0.04332831,2.6629081457247805,0.042967994,0.89088345,16.267355,0.20893887606655007,0.03375521,,,259.5893846214849,-14.238868880859194,0
111.61992527900716,-47.692305444134185,-1.4862218596668315,0.058743995,2.8378472130782706,0.05953013,0.90296364,16.864435,0.164175631240253,0.04631245,,,259.5902769930168,-14.23971813801851,0
111.62468226527669,-47.693431793826825,-1.515225964670241,0.066218905,2.851292834926071,0.07036967,0.84884834,17.086828,0.16750380426537706,0.052188825,,,259.59271930048124,-14.237285623821016,0
111.61921613391034,-47.70067590433321,-1.4992327023504766,0.04113062,2.7677426572056447,0.03934944,1.0799961,16.1679,0.15028546487008143,0.031959094,,,259.5979071656851,-14.24366737327692,0
111.6202196255073,-47.70136288797214,-1.4086338497063784,0.043179736,2.8527298708702142,0.040578064,0.8500118,16.252153,0.20166210061902132,0.03302864,,,259.5988430527511,-14.243343055216876,0
111.62722218851722,-47.695511337871224,-1.408892799151499,0.015388804,2.6931708295105956,0.01588159,1.4801455,13.688152,0.15851896946339114,0.011797305,22.338814,1.625846,259.5954072153834,-14.236607931672197,0
111.58303676646914,-47.701436800113704,-1.581210007006864,0.15317619,2.647482117260672,0.15155613,0.9473839,18.469982,0.2582946237306818,0.120421775,,,259.5880721970099,-14.266085557561718,0
111.58057641900086,-47.70088691919479,-1.3816354655221437,0.047082327,2.8920962253010813,0.046527367,0.8547344,16.477398,0.19612687031044146,0.03710176,,,259.58684023304994,-14.267357762855049,0
111.58973867866541,-47.70190435971748,-1.4850069302273257,0.09881986,2.5948724014527054,0.09740623,1.0862617,17.788406,0.21615959210371025,0.076668225,,,259.5904632378753,-14.262187909855461,0
111.58619442303898,-47.70686257071722,-1.5503736216056607,0.053138845,2.7632522201784973,0.051333997,0.89642715,16.714338,0.18086084274556885,0.04106276,,,259.59407392061485,-14.26643374877567,0
111.59874041442079,-47.70053175826517,-1.4458089554664388,0.019878974,2.7006231135267242,0.018274168,1.3735962,14.311375,0.17239420844530914,0.015231762,39.301212,6.432377,259.59180171273414,-14.25611318697133,0
111.62035407696915,-47.68689402475288,-1.4880145687195225,0.14720714,2.792384710344302,0.14764819,0.9915829,18.374908,0.2401962115512148,0.11412207,,,259.5853356887508,-14.237182912218492,0
111.60645387957479,-47.6922284783194,-1.5342456683776255,0.106153555,2.6131162781622015,0.1058364,0.88980675,17.862915,0.2166910546542543,0.08055489,,,259.58627560378585,-14.247914996198649,0
111.61395360219744,-47.68099164945968,-1.501911324093615,0.08123498,2.7770908302672455,0.08089747,0.9154949,17.359816,0.1810947380229228,0.062462445,,,259.57794215829574,-14.238613739710178,0
111.61840222650919,-47.685204604150854,-1.4936728197154636,0.04636422,2.7406731186344224,0.046460625,0.83820534,16.267767,0.22215001355269107,0.03548085,,,259.58318450633556,-14.237665596678635,0
111.6260219863575,-47.689061104257924,-1.3558397733996383,0.07948626,2.690006647953698,0.08442771,0.8627968,17.407045,0.27393452178203725,0.061457943,,,259.5890183062166,-14.234630976109745,0
111.6303322907984,-47.68526957612711,-1.4212852613723368,0.0710221,2.84903124551478,0.075745665,0.8747902,17.16667,0.2826649731087017,0.056110416,,,259.5867265935696,-14.230404807999543,0
111.63911465217157,-47.68401449119838,-1.3829637085472695,0.04841285,2.933079146650109,0.048569907,0.8897619,16.464342,0.16103772748889458,0.038035247,,,259.58811506843614,-14.22451243464009,0
111.62885318628146,-47.69516767709262,-1.5802982656184985,0.09035106,2.7567166222770343,0.09409031,0.8700409,17.32898,0.19240423820280966,0.06205008,,,259.59556132780085,-14.23546735751704,0
111.63288640338455,-47.692520609961164,-1.4682599173435047,0.036027912,2.766517073993505,0.03598402,0.86661816,15.888756,0.1372123621497285,0.028715441,,,259.5942600302182,-14.231891647708025,0
111.63955364725147,-47.689280929160056,-1.290442767081989,0.032036416,2.7063765032766893,0.031465802,1.2809172,15.557214,0.16802769887426,0.024566555,,,259.59317305336003,-14.226457787312798,0
111.65063007663503,-47.680979656231244,-1.404271606950979,0.07357716,2.854471597022516,0.073615134,0.869854,17.21788,0.18305785039235223,0.05665342,,,259.5886364231028,-14.21620231859731,0
111.66197418744106,-47.67862822880323,-1.2976919496111545,0.05497432,2.735339204854224,0.05494537,0.87078476,16.663334,0.28363229859593997,0.042045176,,,259.5897487587558,-14.20828393858912,0
111.65689649607498,-47.66724416556424,-1.438920216184671,0.061229635,2.8135077834330313,0.061683994,0.8696232,16.934422,0.2571660685108037,0.0471008,,,259.57761122085583,-14.206598218507363,0
111.65969661319747,-47.67114444870229,-1.5324180796456588,0.061484676,2.817354422298357,0.06157991,0.8525238,16.917545,0.12993466617357907,0.047561526,,,259.582079481901,-14.206527798703057,0
111.62576527036485,-47.672721489952266,-1.4599275633925624,0.0451971,2.735197160669137,0.045765888,0.8674965,16.30427,0.16449888880593988,0.03458128,,,259.5736467419623,-14.227922182778023,0
111.62251231977103,-47.67671285922751,-1.4061116362477528,0.017373696,2.6899154207918725,0.016850883,1.3252335,14.090923,0.14966066928826763,0.013333173,22.37301,2.9248636,259.5764338216982,-14.231586899638135,0
111.62845738417406,-47.678972437656455,-1.3383944802599663,0.017630287,2.7691604697255117,0.01816278,1.2881823,14.140529,0.18130764725360632,0.01353759,23.75342,4.8485956,259.58028433280276,-14.22890406392409,0
111.63154189751337,-47.67604633663055,-1.3794922080736924,0.05870682,2.737102167795241,0.06239577,0.8944912,16.800709,0.1728377495581885,0.045294948,,,259.5784455062098,-14.225789875561468,0
111.62397151804642,-47.6846232674261,-1.4429819166203322,0.09866558,2.791327325764656,0.09947991,0.90597916,17.808628,0.20901712033498462,0.0764877,,,259.5842652965038,-14.234019003696908,0
111.62877363015639,-47.683190500314595,-1.5579783326692436,0.108149044,2.7090321604958367,0.120144814,1.0407925,17.960073,0.2827802421930646,0.085763775,,,259.5843253696106,-14.230483337170757,0
111.64368093724784,-47.66992158695941,-1.4631627728300016,0.065002225,2.7662831375852956,0.06516425,0.8768177,16.947153,0.16164133900669245,0.050470203,,,259.5762568403412,-14.215798630516856,0
111.65581219702989,-47.65374982276139,-1.3194780869112308,0.07910332,2.7722704564073792,0.07748806,0.8538513,17.266705,0.253816748494528,0.06237893,,,259.56466547290097,-14.201585343066796,0
111.6394276745233,-47.664940888519844,-1.4746166739323243,0.04689574,2.70778953007427,0.047245864,0.8576803,16.454382,0.2494549991529775,0.035688344,,,259.57035270943487,-14.216303637317825,0
111.64785964767322,-47.66765787940791,-1.4558958824828134,0.03968882,2.787705119281249,0.040206667,0.8546457,16.042143,0.18078687762700477,0.031004947,,,259.57535854271555,-14.2122936734479,0
111.64387781374917,-47.67363055666552,-1.4484192408374335,0.026756266,2.793869184034204,0.026105722,1.3247843,15.080435,0.165867313779392,0.020206911,,,259.57978593731406,-14.217237614472918,0
111.65367905955898,-47.66152276818822,-1.472447765274235,0.05791494,2.8475628548144636,0.06416341,0.86354256,16.868904,0.22371794550218196,0.045707766,,,259.5713166020737,-14.20615797749992,0
111.65750676738149,-47.664182471317545,-1.316353636233745,0.067368485,2.677655616061415,0.06916755,0.8519497,17.123125,0.256349190163053,0.052944645,,,259.5749241481416,-14.204937688179749,0
111.70401709472762,-47.729252273772964,-1.4826762647666274,0.08697813,2.6600743937287255,0.09023219,0.89354706,17.565706,0.19738048259059668,0.06668949,,,259.64940211841247,-14.20391403630729,0
111.71496965962265,-47.715927829534856,-1.4707912531923386,0.08127084,2.744884466043123,0.08043785,0.900362,17.32446,0.14230458868593973,0.06182855,,,259.64013372935443,-14.191622040432257,0
111.71469494326219,-47.71770501257455,-1.4325237061854772,0.08303541,2.900491305385688,0.08434456,0.88607407,17.453022,0.13922364393307035,0.06381271,,,259.6417162357674,-14.192537873055446,0
111.695998339386,-47.70703781732019,-1.3850687192391575,0.07512725,2.7801243533130098,0.08295467,0.87132454,17.230816,0.28330975755258253,0.05907714,,,259.6262733435752,-14.199459365427133,0
111.71524682829096,-47.705195966217104,-1.3213424898060593,0.08497786,2.8521982851513092,0.085005425,0.8672638,17.499205,0.21624866939226411,0.06774622,,,259.63017403431803,-14.186934558879084,0
111.7040765095372,-47.685612469558265,-1.4023934309532216,0.053502988,2.7768483401849986,0.05415116,1.1204433,16.669657,0.15402249703442505,0.04130437,,,259.60858707393567,-14.185509201543907,0
111.70172222632802,-47.691420703628175,-1.4314619470745389,0.019576386,2.812573926569555,0.021080531,1.4243155,14.414674,0.1772660376766538,0.015124505,21.11236,2.8891718,259.6133331792804,-14.189391834205665,0
111.68919414514538,-47.68486225266867,-1.3969826238579508,0.07308039,2.7231219766867216,0.078304656,0.87189865,17.199724,0.14770597901410565,0.05888634,,,259.60353532672906,-14.194281524473801,0
111.67472312674992,-47.688973838819365,-1.531952782049875,0.06569557,2.7353387511935434,0.06483038,0.86044693,17.012268,0.15476475304062806,0.049186002,,,259.6031548008942,-14.204848842651577,0
111.68634190882635,-47.693651640920336,-1.5880482178773054,0.06463995,2.7500651812275243,0.0652232,1.1523094,16.737648,0.15917644638026912,0.047378432,,,259.61092641529683,-14.199721876819444,0
111.68172165761668,-47.667568246915806,-1.4559769640572604,0.07113139,2.6753883680428356,0.07183261,0.85741806,17.206669,0.2652586563156314,0.05683112,,,259.5851692868751,-14.19156784393533,0
111.67529267813222,-47.67659051758751,-1.4533807284523856,0.016413646,2.7556490686958295,0.015991392,1.2793913,13.880407,0.17695271309186872,0.012505241,21.080862,3.0587115,259.59173284641776,-14.199291374085035,0
111.68901979984366,-47.6721504684341,-1.4862617262523825,0.018076895,2.778309673785772,0.017594574,1.467267,14.175415,0.19386165703161473,0.013831685,20.695145,2.3206046,259.5915901874864,-14.18903812259513,0
111.68697623784718,-47.676095607971604,-1.441213994228748,0.046545062,2.6962971814280587,0.04633393,0.90802574,16.38755,0.19418012826694916,0.035716638,,,259.59468420707384,-14.191946716517792,0
111.684268825786,-47.67976832966515,-1.5244855585225303,0.11585756,2.743494769229314,0.11568943,0.9491749,18.067553,0.20931096938730423,0.090202406,,,259.59732951923274,-14.195145913870332,0
111.70474781282884,-47.659887582131866,-1.4970562548763757,0.05406607,2.8526045862118794,0.05384893,1.2666264,16.422672,0.2730922613775182,0.040524468,,,259.58471657776073,-14.174267908404737,0
111.70339067302888,-47.6593880704124,-1.4751746772644785,0.016844759,2.81147460512166,0.016644115,1.3442373,13.922683,0.18130231473371042,0.012599043,24.694664,1.7340518,259.5838522898088,-14.17488665875677,0
111.66717112606955,-47.66904745666243,-1.4237853204169386,0.014387859,2.8373983055613645,0.013838849,1.6555519,12.173487,0.22525712403056866,0.011146533,22.433643,0.851005,259.58230089602205,-14.201079343176447,0
111.68147170807359,-47.65961973036218,-1.381007523891244,0.015271548,2.7530481979395436,0.015579928,1.4843569,13.684242,0.17762386595274296,0.011801503,20.805529,1.3968905,259.5776588949219,-14.188375534150127,0
111.66086234887557,-47.66211036292093,-1.5416127202563321,0.04306604,2.925091664537792,0.04386858,3.7658243,11.121473,0.2018377805362545,0.03289037,23.05327,0.418748,259.57396546091456,-14.202015833808154,0
111.65698062475956,-47.65210542129907,-1.4560378163079244,0.01679567,2.72993272247583,0.01523191,1.3948011,13.749333,0.2023295151157408,0.012075632,22.225744,2.0954044,259.56346806073356,-14.200179626365703,0
111.6666666186704,-47.652431662348,-1.417646409830892,0.020139635,2.7812964322739395,0.01838518,1.31392,14.195312,0.20726812222743743,0.01409055,22.901094,2.4668193,259.5666045834641,-14.194397504057049,0
111.71298694001467,-47.630772862146316,-1.2946657283425047,0.0844443,2.684504865615467,0.09648262,0.91130066,17.726406,0.25463521662480904,0.07413318,,,259.55989346823816,-14.156970628844364,0
111.70455683296628,-47.623812929586705,-1.327209125961173,0.07258719,2.607866476767761,0.07544691,0.8549652,17.446753,0.17587409747311977,0.061825283,,,259.5509151440569,-14.159191504133176,0
111.49618561673641,-47.7541949441993,-1.4324518667101391,0.08194194,2.749821760994374,0.082288966,0.823246,17.456345,0.16515710393172378,0.06394236,,,259.6122385785746,-14.341238962891945,0
111.49206983118778,-47.733833406486326,-1.4543681192763973,0.08908474,2.7577157812759316,0.08377475,0.83958054,17.589096,0.158540677874171,0.06965113,,,259.59195623220927,-14.33523002687539,0
111.44152036828932,-47.72598763859315,-1.5363994302249715,0.123315334,2.701400259091928,0.106392466,0.8955879,17.92521,0.22899286243771472,0.084826,,,259.56991919984193,-14.36283099060702,0
111.46164022767543,-47.73397259913648,-1.481723166477514,0.11993572,2.6510714677186153,0.11668758,0.93325615,18.061886,0.23698367108602056,0.09080647,,,259.5832478637936,-14.353876828633675,0
111.46323656167138,-47.742230415036495,-1.4294967770306615,0.023052383,2.785855803297503,0.020364048,1.3600864,14.738877,0.20189650960685507,0.018134704,19.371876,12.841412,259.5914539516442,-14.356355449566516,0
111.46255000140485,-47.729907842965055,-1.3094696510365926,0.07523195,2.885492875488569,0.06995579,0.85040665,17.227962,0.23542958240816017,0.057858963,,,259.57970097483826,-14.351620875073458,0
111.4596454325409,-47.72119999955738,-1.4895122293702348,0.050812617,2.770551331377649,0.045695208,0.9357023,16.382421,0.17772031352323922,0.036926247,,,259.5706931436352,-14.3497533191714,0
111.46892501889857,-47.7123392515446,-1.3642432225488124,0.12868427,2.80990770847262,0.12978704,0.9190731,18.215199,0.28532762027433684,0.10351279,,,259.5650818859267,-14.340375801164406,0
111.48115163707922,-47.70988291866521,-1.441081098701447,0.076431304,2.745804274691573,0.07593461,0.85066223,17.420343,0.2313945338047329,0.062349707,,,259.5663326970349,-14.331875973792277,0
111.4800525704891,-47.701030291244244,-1.44048283654081,0.073442414,2.7881923639701522,0.07645803,0.82245445,17.29015,0.19083107258684764,0.058481894,,,259.5577151153586,-14.328842357011563,0
111.47253517051195,-47.69548766216542,-1.343682303115739,0.11137922,2.8547756716747457,0.113022,0.9547806,18.043219,0.2429900535359979,0.0904462,,,259.550334072981,-14.331117573304113,0
111.46832317947808,-47.69353102967986,-1.4389714764955635,0.017806547,2.8554029684360556,0.016731039,1.4136372,14.115217,0.1884367938688733,0.014055431,20.386353,2.1195703,259.54727539862466,-14.332873573004239,0
111.46381531334248,-47.7108903130016,-1.4981588809673838,0.053773426,2.7821459113584144,0.05318636,0.8891716,16.819588,0.1858339460624574,0.043979157,,,259.5622388008809,-14.34289234257087,0
111.44708489105824,-47.69542931883546,-1.3302639317822538,0.09672449,2.6552444715341466,0.097774714,0.87825775,17.843637,0.22602066392127793,0.08016853,,,259.54288227692143,-14.34665178292653,0
111.44682995297339,-47.69432477497722,-1.5055711789588098,0.07837997,2.7708147384298467,0.07726098,0.86462593,17.507828,0.1569035717481713,0.06429679,,,259.5417726067101,-14.346345684162303,0
111.44969744506423,-47.68979201500851,-1.3483605294551828,0.039187834,2.7778370356973534,0.037609015,1.2459469,16.118416,0.14947395551732418,0.03170659,,,259.53835618324865,-14.342696590243884,0
111.45380117432845,-47.673298189384546,-1.4006870788137256,0.058402892,2.775689647643391,0.057912894,0.9067402,16.64414,0.19519276399824892,0.044534557,,,259.5240863101887,-14.333287120725378,0
111.44811416188803,-47.67980789085111,-1.4214459961046944,0.048229486,2.8324719116332284,0.046436865,0.8723507,16.507338,0.20269322596570136,0.03818079,,,259.52853562003554,-14.339488413189114,0
111.45078904696805,-47.6688889922023,-1.453831763322714,0.10625344,2.7431624257912466,0.1095704,0.88295174,17.928114,0.20664358159734555,0.086736076,,,259.5190770208739,-14.33328465362988,0
111.50266779976826,-47.73883416513264,-1.3507814941507812,0.070487596,2.7012568140026207,0.06809222,0.8136349,17.173574,0.20389494142179054,0.053232953,,,259.5997232452558,-14.330850440085246,0
111.51389867995405,-47.73565525099633,-1.2995077456935247,0.14203319,2.704084781026432,0.13350767,0.89777565,18.308142,0.26885905661378345,0.10392197,,,259.60000803616975,-14.322660262974367,0
111.50886604551033,-47.7459084874143,-1.413808978227511,0.027919047,2.7611323092129147,0.024399387,1.2971401,15.17852,0.17066798243315953,0.020442523,,,259.608155149305,-14.330027181731165,0
111.53226720697005,-47.71690244422338,-1.410477377606619,0.066427134,2.732666877531573,0.058164295,0.8129921,16.992996,0.19325754233008316,0.048298527,,,259.5877767635086,-14.303584666382246,0
111.53598929580937,-47.716450313738584,-1.3930652526298504,0.053742576,2.749953314106293,0.04531953,1.0674639,16.486332,0.20162231385131013,0.03905989,,,259.5884361584455,-14.301121491986875,0
111.5285532187896,-47.71871898176534,-1.4065388890710397,0.05454727,2.6598404702562415,0.04760491,0.8471165,16.43461,0.19695054353647704,0.03982582,,,259.58839834249625,-14.30661461193277,0
111.52793721117605,-47.72439665327878,-1.4148502041545408,0.05074838,2.797236363759084,0.050073653,1.1053505,16.633074,0.20838505553827216,0.04124141,,,259.59353941804545,-14.309369841789929,0
111.52280742727888,-47.73471338351114,-1.3687406576748558,0.0133306105,2.7493719476317464,0.01150958,1.5621319,13.21224,0.21670034760954932,0.010204257,20.787157,0.91976225,259.60171539615175,-14.316825004317682,0
111.52723576678265,-47.733563450799004,-1.541032032786187,0.038671464,2.8247750074787126,0.03546481,0.8553705,16.034367,0.1891643409185464,0.030258158,,,259.60192545794024,-14.313638840547611,0
111.52967116114728,-47.73065388136081,-1.4688073181003758,0.027246153,2.8519790599203936,0.024385175,1.275837,15.231904,0.18364394006004214,0.021215243,,,259.59990720229337,-14.310932487835052,0
111.52407464815734,-47.708217109914386,-1.5043775725607715,0.05050411,2.7294716180423624,0.048161156,0.8301468,16.586876,0.17539491127039164,0.039815586,,,259.57725465410846,-14.304950286646125,0
111.52997827573915,-47.70718498434119,-1.4030041954089576,0.08730142,2.848010044978083,0.08367714,0.83016396,17.509607,0.17908434817138216,0.069992565,,,259.5780054776364,-14.300910765712823,0
111.53304902065878,-47.707210502435366,-1.4251132677869807,0.05507514,2.8773860311331405,0.05247582,0.8378868,16.766973,0.19126685389003867,0.04314006,,,259.57892306728513,-14.299045314144118,0
111.52046142062511,-47.720445289751375,-1.477724757909586,0.12570113,2.8352861800680143,0.11480742,0.8590355,16.69991,0.18786605414374516,0.092420205,,,259.587662193386,-14.31228088708789,0
111.55211229403311,-47.70504184464429,-1.5075114458149117,0.0639017,2.8528960748409613,0.06790687,0.8166237,17.0475,0.1859049052415659,0.051862724,,,259.5824408040634,-14.286489501097497,0
111.55399079383245,-47.716451758418025,-1.4503038066817442,0.0890379,2.661628669021127,0.07928918,0.8198929,17.497025,0.2275010468361696,0.06489339,,,259.5936768201536,-14.290126207295069,0
111.56365555258228,-47.7067974040654,-1.3755221188296147,0.12848426,2.84598527883745,0.12757239,1.0014896,18.297869,0.2676592435704859,0.104174055,,,259.58744690938863,-14.280173945946016,0
111.57133295500752,-47.70446929304037,-1.5508108134340053,0.07549326,2.901119718998468,0.07350293,0.8050537,17.400625,0.20585767895410667,0.059306,,,259.5875024309733,-14.274507447886709,0
111.5700793788181,-47.69272413464781,-1.424440921474196,0.10005259,2.704028907482633,0.09752145,0.8268852,17.808496,0.19679312060652682,0.07919597,,,259.57613610287547,-14.270345799772034,0
111.5653268458402,-47.69429751754159,-1.4872907534660902,0.07794974,2.8811857608375053,0.07630351,0.8962364,17.325151,0.24915008132238226,0.06110449,,,259.57622506653706,-14.273909665627942,0
111.5599847792485,-47.70164541768871,-1.5340607658149303,0.07822161,2.8364744414340173,0.07533482,0.83956146,17.31799,0.26437693415333813,0.06338462,,,259.58155173737345,-14.28025559608153,0
111.5607160792009,-47.703772144539585,-1.4016382599940718,0.08016694,2.831879003394441,0.078614525,0.8143215,17.42532,0.19881007966014053,0.06462681,,,259.5837569260245,-14.280700796306144,0
111.56328271077822,-47.70352911959798,-1.4060713959472841,0.04893576,2.7691266375586845,0.045935575,0.7985821,16.548786,0.1806209504753866,0.037966203,,,259.58427682624375,-14.2790308810615,0
111.56786348744612,-47.70179650870435,-1.4330899059146227,0.05674604,2.645470977695722,0.05456248,0.8320732,16.85732,0.17140529067337998,0.045298968,,,259.583988210743,-14.275505667209893,0
111.56618460118219,-47.709500231288196,-1.4537131209503338,0.05392493,2.674138036571483,0.0513431,0.83667946,16.746988,0.19276672074657838,0.042627145,,,259.5907152851526,-14.2797627360765,0
111.54097420079883,-47.701807929455676,-1.455893314199004,0.021204978,2.7566698311030224,0.019758554,1.2063589,14.658657,0.19130097857666375,0.0163953,25.729366,6.947849,259.5761681728906,-14.291938626775373,0
111.53749588338565,-47.70739376200724,-1.3338878573006074,0.049717814,2.724650604857957,0.04768685,0.8005848,16.559912,0.19803644603584875,0.038599744,,,259.58038904993543,-14.296405264843195,0
111.55400682330973,-47.698201590574264,-1.381309779983217,0.018049475,2.7693417181022038,0.0165288,1.3039255,14.200801,0.18213451814630396,0.01438432,24.165686,2.5291572,259.5765846095289,-14.282463642902252,0
111.55867431448574,-47.68780631069774,-1.4289702212717632,0.062862456,2.7713224113790824,0.05612534,1.024209,16.3936,0.15711357632055217,0.04786269,,,259.56820659081706,-14.275251791213492,0
111.5608916371265,-47.68207562733986,-1.4853233075937924,0.045702647,2.7244188165537095,0.043562405,0.835371,16.444916,0.21082483321350245,0.036309455,,,259.5634848414388,-14.27149290277563,0
111.5585482764133,-47.68467111280092,-1.3423500930452354,0.0868635,2.70165774355371,0.082390554,0.9365692,17.600382,0.13878330033891212,0.06735513,,,259.5652331338279,-14.274013748529034,0
111.55829745830282,-47.686630467844985,-1.3019847490791787,0.030901302,2.79867951900157,0.029020831,1.2419376,15.63178,0.19778264822822833,0.0240897,,,259.56699537566806,-14.274988882847545,0
111.55695245413473,-47.6887202055369,-1.3852449345353364,0.041670397,2.8170733777656745,0.03908677,0.73835945,16.151846,0.18159801427975608,0.032053813,,,259.5685609884717,-14.276687320132817,0
111.5573573063773,-47.692887181791455,-1.5006779188238188,0.072161,2.695030121608947,0.07032891,0.8271847,17.253212,0.18004575508380363,0.05750883,,,259.57258224197955,-14.278187642991226,0
111.57101403354551,-47.68413925852448,-1.492891925893384,0.032741517,2.7831137225282174,0.031238023,0.32451534,15.45309,0.19663517292254248,0.024722354,,,259.5683677630765,-14.266172724803754,0
111.49932425635069,-47.70742529324786,-1.4226639443828084,0.10940055,2.6468155955452506,0.11074968,0.9596691,17.826183,0.23717854441726524,0.089086995,,,259.5693128391427,-14.319741912115557,0
111.50424774483533,-47.7016695515953,-1.3781182514475319,0.04848285,2.713436953116296,0.04709916,0.8296375,16.47732,0.22450121106366555,0.038671337,,,259.5653506212454,-14.31432275756212,0
111.50626428391746,-47.70490062273186,-1.4076236458392397,0.059317227,2.7162865419164945,0.057565045,0.82315445,16.856247,0.1547871705503434,0.04701825,,,259.5689652460021,-14.314443700470779,0
111.51307819282157,-47.70055105401488,-1.4397531335825615,0.08075307,2.761100371030868,0.08087574,0.8297558,17.386366,0.21603820649672603,0.06641236,,,259.5668714572375,-14.308457845595687,0
111.51015671739428,-47.70716974936347,-1.572908349197451,0.102364734,2.718890281988086,0.10568823,0.98662376,17.862585,0.25237021541172866,0.083475135,,,259.57222401247833,-14.313015593357743,0
111.51191241810677,-47.70780799305215,-1.5117419719005811,0.09895785,2.9108213550519215,0.10083789,0.8875332,17.803425,0.2019536624313524,0.08077184,,,259.57333285422686,-14.312210134447103,0
111.51066351628548,-47.705854499268,-1.3888818432613053,0.029126743,2.7569930415660884,0.02798138,1.2641983,15.434331,0.18115444488742533,0.023071535,,,259.5711388725428,-14.312154997555142,0
111.49046627401609,-47.69834818276364,-1.413140509470018,0.021551056,2.7666829260391133,0.01996659,1.3389215,14.732974,0.19693279043793743,0.016925802,23.82176,5.2594304,259.5582293084294,-14.321354640750728,0
111.51043930671469,-47.68219105656621,-1.393395572286344,0.017278098,2.688210850539206,0.015576624,1.3233662,14.203875,0.16112988008126644,0.013773609,21.377903,2.5834842,259.5488988586318,-14.302379055799072,0
111.5170559771397,-47.68288140823719,-1.456007241662841,0.061456498,2.828270062543451,0.058941584,0.8504429,16.99505,0.2617771218662552,0.04832495,,,259.55147185429973,-14.298623579226799,0
111.53292407342329,-47.69056679010002,-1.3792880143626696,0.04548534,2.729864824288714,0.043852653,0.911994,16.379702,0.2350298880492348,0.03537912,,,259.56329259196724,-14.29214570679454,0
111.55289474479956,-47.67831347750618,-1.45746825396038,0.0632906,2.9268864741204004,0.06437138,0.85585785,16.90972,0.22334773128911892,0.04977467,,,259.5576305664907,-14.2748023582021,0
111.54932574684379,-47.674786041623726,-1.442276484119831,0.026787696,2.736813910661382,0.024761474,1.2775059,15.21321,0.2125079756281057,0.021114374,,,259.5532863679219,-14.275504415389028,0
111.5617726323987,-47.66471938348581,-1.4393089345006682,0.14368306,2.8450737059811724,0.14985181,0.9978657,18.421677,0.2781480553318649,0.11389391,,,259.5474852123734,-14.263672980718733,0
111.56157050897016,-47.66834207354976,-1.4963317509292828,0.061251868,2.7464343211345605,0.06210965,0.8670387,16.948416,0.17717785331814237,0.049797803,,,259.55081931947717,-14.26531646324866,0
111.56193637533507,-47.66973603761403,-1.3902238516788072,0.048170432,2.7956003803930694,0.048167914,0.8994341,16.360514,0.20934601320825774,0.03879651,,,259.5522315826404,-14.265677652252592,0
111.55546666229708,-47.680394286167925,-1.4354966038227337,0.10798755,2.7710877443940687,0.11908763,0.9002609,17.965239,0.27106042589053203,0.08729037,,,259.5603291072287,-14.274103171580878,0
111.52451800931165,-47.67935759041252,-1.4221551218234585,0.13449879,2.770225894830175,0.13747048,0.9590893,18.346687,0.2409918188084883,0.10823612,,,259.5503427819053,-14.292585419029852,0
111.52516744967332,-47.67776295673656,-1.5269210642071003,0.034951206,2.796016787125486,0.033434603,1.2442684,15.832478,0.17579527001962228,0.027834188,,,259.5490378454943,-14.291520068973394,0
111.52501811738311,-47.681543198991854,-1.5236959122562994,0.07670857,2.8689089430905783,0.07395746,0.8433819,17.376945,0.18836519519974965,0.06157017,,,259.55253617999415,-14.293195735363415,0
111.52874322178988,-47.67822668871443,-1.4164697569316211,0.042294495,2.6905786311291893,0.040109497,0.9374542,16.249197,0.2009968733282643,0.033757858,,,259.55051366363637,-14.289528578183653,0
111.52416994761117,-47.682805368014705,-1.5583428338929988,0.064404264,2.870674577271393,0.062037915,0.82963943,17.058887,0.27291883873689804,0.05155197,,,259.55347179336167,-14.294243173160577,0
111.52340485174813,-47.68548543386355,-1.5362790290932655,0.050150126,2.756958640623167,0.048044242,1.0700245,16.576372,0.1436272325502084,0.039656606,,,259.555760132984,-14.295834025637713,0
111.53618955889323,-47.67655091703782,-1.4151901146809975,0.03463685,2.7730930694902414,0.03227052,1.2406397,15.792487,0.22849236667139422,0.027717913,,,259.55111253117207,-14.28427423642909,0
111.53860666293146,-47.67741726149105,-1.4370813024165878,0.07135447,2.674170256378074,0.068771556,0.8812218,17.191723,0.18265948795269074,0.057065465,,,259.55262824350586,-14.283159947348578,0
111.5535732971194,-47.65693492541774,-1.4276602027348433,0.017333955,2.79022828250339,0.016567748,1.2863007,14.122196,0.18859233154576938,0.013515333,22.262396,2.5954978,259.53780361520325,-14.265420025482493,0
111.5385187382711,-47.66610571258878,-1.5163339611530384,0.029724581,2.8260716782775077,0.027943792,1.2701588,15.365923,0.17409264352331544,0.023365464,,,259.5420059730347,-14.278470843916685,0
111.54469714624678,-47.662740784046136,-1.4478502179766608,0.1108879,2.9389910415118377,0.11221652,0.9846668,18.012999,0.19697213920787482,0.08951187,,,259.54065439089544,-14.273282315543831,0
111.54664396065527,-47.66223059263735,-1.3695665626652804,0.065636896,2.852342809033475,0.06503675,0.8425865,17.119513,0.16000961748568854,0.052525505,,,259.54074391080235,-14.271878056635416,0
111.5443594983469,-47.67484469820678,-1.3760547106238412,0.065685704,2.6917777469242523,0.06184117,0.85061836,17.078459,0.26729086900843685,0.051775467,,,259.55189426638583,-14.278564714878767,0
111.5787197332422,-47.68754759599203,-1.4971992193367647,0.07815821,2.8041025888778686,0.076761775,0.85128975,17.406233,0.16940251107767076,0.061846375,,,259.5738059520248,-14.26289432442241,0
111.59443860067962,-47.683976230541354,-1.3921648333191055,0.09667217,2.8081642381670044,0.09477064,0.9154968,17.698982,0.1899413641985706,0.075051196,,,259.57504432301806,-14.251790705365634,0
111.57914081517936,-47.69601318529906,-1.3868343302635324,0.073962934,2.6770152050902585,0.07312594,0.8220806,17.217514,0.13774424435294352,0.057564512,,,259.58185723944683,-14.266189608550834,0
111.59282740710795,-47.68541691007368,-1.5143332402902483,0.083965935,2.7030990902797716,0.082036026,0.8870907,17.548937,0.22309532012019798,0.06714558,,,259.57592357681295,-14.253379995167593,0
111.58444949124365,-47.68355245267214,-1.578334195075521,0.07613644,2.8741630672454095,0.07470554,0.8511925,17.34889,0.21020469564025843,0.059716254,,,259.57173477028795,-14.257716469455346,0
111.59169338538815,-47.67802705723574,-1.4496408354167238,0.04396673,2.782365609002573,0.042431742,0.88961506,16.207535,0.14935158010840768,0.033142064,,,259.5686728131703,-14.250970490670378,0
111.58897003846941,-47.68406041333386,-1.553665666464672,0.07140374,2.9263143759878156,0.069030456,0.86821175,17.247822,0.12597507763624277,0.056454983,,,259.5735285179299,-14.255167454612323,0
111.57797510858369,-47.69566309362159,-1.5935428286660698,0.07327958,2.712276448483732,0.070818916,0.86531067,17.191622,0.24864052764494055,0.05669495,,,259.5811896345106,-14.266754876649003,0
111.59449324851057,-47.685443384215326,-1.4156865723821874,0.02637602,2.7232360543953984,0.024765516,1.3102312,15.218083,0.11613396648625311,0.020638712,,,259.5764341322017,-14.252373280581685,0
111.59371301702993,-47.68885356995057,-1.3822463430789667,0.054898385,2.7114653449081683,0.053071506,0.89614296,16.745691,0.18712883351797913,0.043216195,,,259.57940002934663,-14.25428166520204,0
111.58644802986302,-47.69621877564884,-1.3904426143129347,0.039141804,2.81133003477344,0.037571087,0.40957832,16.067284,0.15031565792559076,0.030973364,,,259.5841794772306,-14.261811745274645,0
111.60310680409482,-47.68081650592278,-1.560248302400058,0.064785354,2.6571489468875042,0.06261704,0.88630867,17.013601,0.226716336994585,0.050785035,,,259.57461378347665,-14.24516756111128,0
111.59978690971145,-47.68512183286804,-1.3718066673598905,0.07835887,2.7133101669482627,0.07635956,0.8946743,17.165977,0.12819841404861276,0.059507597,,,259.5776768045111,-14.249003898390374,0
111.60173534045168,-47.67201725761839,-1.5403104687594893,0.042515706,2.843422150155544,0.04173487,0.84082127,16.201801,0.20040420005657253,0.033307415,,,259.56597467470334,-14.242310360418191,0
111.59741942712532,-47.68122648752396,-1.404704124272492,0.06488639,2.7876659715198935,0.063715585,0.84511185,16.865911,0.21645727578965251,0.05014287,,,259.5733387833427,-14.24881484605436,0
111.61124918201146,-47.674019976395705,-1.4822323043772738,0.044031546,2.8817607202153432,0.044684,0.5102587,16.2891,0.22815920040045942,0.03400718,,,259.570625757706,-14.23733771209328,0
111.60302763956038,-47.68233853873726,-1.4158549062633807,0.06464851,2.877524482869343,0.062247995,0.86302567,16.981909,0.15748369877955298,0.050414205,,,259.5760158388658,-14.24585509287393,0
111.60269404308245,-47.68522074558676,-1.4244205600046236,0.055276535,2.8272106543528874,0.05232005,0.59550095,16.67508,0.2821755016298781,0.042496994,,,259.5786173022838,-14.247269238630556,0
111.61132853995693,-47.67824284109668,-1.4117170146948141,0.058180425,2.6118038517278848,0.05803414,0.8379669,16.75887,0.19066837879154142,0.044913914,,,259.57460262659595,-14.239063019260994,0
111.5864961475293,-47.66434841817612,-1.4957667806862414,0.047236454,2.7558961435608404,0.045930285,0.82834244,16.46712,0.20188131504730433,0.037820704,,,259.55434800383097,-14.248404167498531,0
111.57469333967218,-47.67689784220944,-1.3273041165783817,0.06990011,2.747071497692712,0.068070956,0.84643936,17.183542,0.2067535912759388,0.054501086,,,259.5626582010842,-14.260885555756932,0
111.5727152697646,-47.67896373550676,-1.4972475289279967,0.022808058,2.766539615920891,0.021278877,1.3691483,14.729432,0.197552087630937,0.017454382,5.4800196,7.508862,259.5640163582098,-14.262961379233698,0
111.58665309394054,-47.66705773947371,-1.3568327259221982,0.064184316,2.7325528072311727,0.06148798,0.86530876,17.004866,0.13456252628268886,0.05152295,,,259.55693083336024,-14.249445671959064,0
111.58289539228213,-47.67105850581829,-1.4465870362557558,0.019064937,2.7380636596935455,0.017934138,1.3744078,14.308084,0.17886552057818395,0.014666101,21.158476,2.6636636,259.55958130529666,-14.253421876406714,0
111.5801824545357,-47.6739461874555,-1.4578539706089615,0.07822578,2.7298011845692347,0.07606244,0.81881523,17.368933,0.21252648614310046,0.06079739,,,259.5614943995194,-14.256292050006719,0
111.57975914884952,-47.67583277467895,-1.4765881074693366,0.07060048,2.8185953772654675,0.07001919,0.84767723,17.175447,0.1851972507925416,0.05526132,,,259.5631377487055,-14.257342593541251,0
111.57359773296483,-47.684896294092695,-1.3655788602612762,0.073512085,2.671087938975553,0.07288221,0.85334396,17.278082,0.16584088047152412,0.057756986,,,259.56982986405893,-14.264911532441184,0
111.58906748529988,-47.675275833423605,-1.530007554519235,0.043351088,2.840943744171787,0.041648112,0.8272724,15.944116,0.26236822067845794,0.033275403,,,259.56533066366336,-14.25142016031546,0
111.59131020528892,-47.669718294223394,-1.4427886374184316,0.06388269,2.7635688219410905,0.063895635,0.8990021,16.957611,0.2337824621364307,0.04987165,,,259.5607806776286,-14.247716269273134,0
111.59884042733006,-47.66819171723416,-1.3670960993081638,0.10065264,2.7518145805314544,0.098488875,0.8745346,17.821997,0.1769281245774282,0.07996878,,,259.5615480955885,-14.242473015671314,0
111.62908840297189,-47.666249187148864,-1.4759245356828579,0.07063101,2.7532633957433577,0.07612087,0.8662529,17.092674,0.2486907779808211,0.053838924,,,259.5685580769536,-14.223171631177884,0
111.62740520973004,-47.66836239174599,-1.3294918806587332,0.10465552,2.8442386367671726,0.106838614,0.9018097,17.850893,0.20345648221990703,0.07963166,,,259.5700448190951,-14.225088283317955,0
111.63887499503998,-47.659077116430936,-1.5698994364891292,0.091273665,2.745817229816731,0.09258538,0.83657074,17.494541,0.19719315053540296,0.0712286,,,259.56470277611544,-14.214176294624476,0
111.61955489902542,-47.653997669175176,-1.408350216792618,0.031049833,2.83188570267754,0.030705044,1.2020788,15.539998,0.1933119628814412,0.024169138,,,259.55430558093235,-14.223849583938858,0
111.62234539109207,-47.642629184610094,-1.3026314120721665,0.056779284,2.7218414254651515,0.05950071,0.84677315,16.658815,0.17346634741828246,0.042069647,,,259.54447862035187,-14.217366147393149,0
111.62342009056132,-47.65133393690888,-1.5067473560253357,0.07550982,2.686445915643623,0.07522024,0.87047005,17.328571,0.27562148121539043,0.057465814,,,259.5529408163367,-14.220367561901188,0
111.63884236074719,-47.64578111031883,-1.4257623962255086,0.17411843,2.8253505072456875,0.17419472,0.9435711,18.575659,0.26713328290082916,0.13033736,,,259.55224855602205,-14.208606281444382,0
111.63850892932071,-47.63854091878815,-1.383581520691465,0.06551657,2.637745768436192,0.07177924,0.8349514,17.060013,0.2331482515626435,0.051464137,,,259.5453747525274,-14.205765904774628,0
111.64675456778797,-47.64026116172069,-1.507400254468294,0.02761133,2.777554177143216,0.026574109,1.2931471,15.131276,0.193997995326233,0.020146022,,,259.54939470087356,-14.20144852008698,0
111.64648450016288,-47.63308539796859,-1.4102683558494735,0.077389374,2.874955522766017,0.078740716,0.81186867,17.417936,0.23165311746491882,0.060394745,,,259.5426002579421,-14.198595760941863,0
111.56946673950338,-47.671289743201434,-1.305687840418826,0.07205873,2.90583839950949,0.06989174,0.8490372,17.114838,0.24101754051628443,0.058227282,,,259.5558821145675,-14.261726629515413,0
111.58053136113296,-47.664818173877926,-1.4449523755463893,0.0931962,2.7666736827420637,0.1012069,0.8284397,17.437557,0.21546035601158056,0.074253656,,,259.5530480035318,-14.252247367175718,0
111.60139134837053,-47.651688555422496,-1.4088288059603569,0.099562705,2.730079203553025,0.10154068,0.8700752,17.752954,0.16185306569467497,0.0768918,,,259.5468407810321,-14.233982654839666,0
111.60037682386245,-47.65310863894459,-1.5185065655715544,0.09393205,2.890592912825414,0.09639241,0.8684845,17.72907,0.21798035316429498,0.07271333,,,259.5478742072598,-14.235199326817462,0
111.58817086717598,-47.64745426721932,-1.4131462770117764,0.06304856,2.750745409304047,0.06057089,0.8495827,16.94918,0.177914333722003,0.049227178,,,259.53901741149843,-14.240287064601606,0
111.58861042533809,-47.649318842561854,-1.373059099417693,0.09870198,2.628153987463934,0.09568987,0.8465748,17.746908,0.23211004990983744,0.077711605,,,259.5408915731446,-14.24080125984124,0
111.59243620322347,-47.64529466333117,-1.4620936092444798,0.10890229,2.7256003795031294,0.10495969,0.9894352,17.914537,0.18984654166918424,0.086789384,,,259.5382402876538,-14.236772247237713,0
111.58874712988981,-47.654447751031825,-1.401097518186767,0.065985754,2.7852925842092047,0.062632315,0.8568077,17.02474,0.14722929464852202,0.051098704,,,259.5457339215494,-14.242871288643846,0
111.58773728048784,-47.650006071701995,-1.4855437512672478,0.08986485,2.699089661317582,0.0895131,0.87548447,17.622812,0.1845843273988082,0.070903,,,259.5412802406312,-14.24162366370635,0
111.59650402320007,-47.64347515438358,-1.4958250118811478,0.06523534,2.743657723858216,0.06775154,0.8176155,17.099697,0.2384394197467744,0.052232545,,,259.5377241931919,-14.233520889963923,0
111.58724477252674,-47.654746566449376,-1.4016200247756667,0.073106386,2.7794991320986364,0.07063754,0.8657665,17.225592,0.2123349970775136,0.057539176,,,259.54557533454255,-14.243915212972228,0
111.59181212047763,-47.65337176578232,-1.4056294565392764,0.08531104,2.696692620274617,0.0825534,0.83579063,17.489065,0.18058091755391098,0.06496393,,,259.5456208528318,-14.2405457120591,0
111.60163534959388,-47.64564176879001,-1.4411214480116896,0.057666164,2.749699580166933,0.057835285,1.1156712,16.66281,0.2353137549764207,0.04425451,,,259.5412507591063,-14.23129357133435,0
111.5918837407414,-47.65777035800753,-1.336868666442518,0.013916631,2.8288137663666664,0.013139191,1.6853828,12.645933,0.24107980114694666,0.010713439,22.288338,0.49052435,259.54976032655907,-14.242348966645567,0
111.56138886024151,-47.652796080170695,-1.484970226594675,0.04524444,2.7461849357575367,0.043602284,0.86924744,16.39095,0.1512431545676282,0.035143774,,,259.5362061832034,-14.25890478664737,0
111.56535777356864,-47.64689895768536,-1.3892561848044083,0.070606954,2.7172699414406285,0.07016057,0.79745483,17.05814,0.16354427057915266,0.054015316,,,259.5318409511923,-14.254003249386829,0
111.56090676246819,-47.65120256668042,-1.374445616553831,0.09244894,2.761279259852698,0.09709465,0.9636326,17.657793,0.22171782273135648,0.07332272,,,259.5345731626487,-14.258530925533266,0
111.5681497854036,-47.645036816280026,-1.4174121525041632,0.06977265,2.595265971848229,0.071679,0.82320213,17.217056,0.25036077897072095,0.055999443,,,259.5309115652726,-14.25151440421197,0
111.56390123661235,-47.65003707119417,-1.5308465909732019,0.05763295,2.7612753544440944,0.058230475,0.85359955,16.777002,0.1993833070623919,0.044680994,,,259.5343549978696,-14.256210823376145,0
111.57191397401625,-47.6474583373212,-1.3163690919272764,0.062003788,2.756271821923748,0.059824567,0.8221512,16.914518,0.2010959520976823,0.048266806,,,259.5342774355129,-14.250228991219346,0
111.56550754266182,-47.65371943465492,-1.5732874351657447,0.07707712,2.793638458892409,0.07859312,0.8438206,17.412985,0.16802100492739042,0.060556334,,,259.53827215628723,-14.256773922432771,0
111.56212417513706,-47.65852409079083,-1.463462046787533,0.07507524,2.7107007271577253,0.07701758,0.8855076,17.361874,0.13257409443974086,0.059661556,,,259.5417852840235,-14.260858657802677,0
111.57023709054053,-47.658400092588856,-1.4028173908064017,0.0847997,2.8134374391923096,0.08691903,0.838604,17.567911,0.21902575682093028,0.06650542,,,259.5440351016531,-14.255846585021148,0
111.57288497420562,-47.65689855628137,-1.3039852676346047,0.112955,2.6918424188104866,0.12087282,0.86385155,17.998625,0.23146780224002478,0.08917958,,,259.54340121754547,-14.2535975724066,0
111.5921896073931,-47.672041385878366,-1.4983357393743255,0.12657204,2.9056437964582718,0.123976916,0.91350555,18.22385,0.23678010217942078,0.10114692,,,259.5632125269544,-14.24815418401742,0
111.59515865598172,-47.67043006192734,-1.517737939140928,0.054927167,2.8136160272798967,0.052987054,0.8978081,16.410746,0.26059156376302006,0.04331139,,,259.56256981890357,-14.245663090671632,0
111.57944959208383,-47.64370868916827,-1.3911229057860446,0.045894068,2.692956163813319,0.045857858,0.8141422,16.36998,0.19173277061928054,0.036184598,,,259.53296496130787,-14.244047075883488,0
111.5904832616986,-47.642018519495295,-1.41492905408962,0.028925491,2.776995907940764,0.028537033,1.2412405,15.476101,0.17488463836101864,0.023221761,,,259.53460275868474,-14.236590538230029,0
111.61228908436418,-47.64203383790638,-1.3753539524089469,0.07442807,2.7081137384155536,0.07094205,0.79725266,17.109692,0.14579777097311664,0.05236523,,,259.54098402227714,-14.223264164423345,0
111.64109180616906,-47.62687296664261,-1.4462761942513223,0.068908505,2.8395267378842655,0.07761377,0.79229164,17.271467,0.17790178951726723,0.05683525,,,259.53520975060275,-14.199280280901357,0
111.63128824073276,-47.632741097466436,-1.5990765456815217,0.123399325,2.926221770752244,0.13166344,1.0110588,18.225225,0.25107007503010265,0.09832722,,,259.53783619681894,-14.207742069030761,0
111.6333065983579,-47.63302738265254,-1.4431213403151957,0.043486822,2.8342211353017905,0.04560034,0.87711334,16.312796,0.12392446046857708,0.034569964,,,259.53869402066033,-14.206628350149336,0
111.6431318415529,-47.6262797301508,-1.5226061249616807,0.04370833,2.837975233192179,0.046667166,0.87667465,16.33702,0.17047518195313296,0.036080286,,,259.5352510043478,-14.1977833891065,0
111.640458078539,-47.62286346765208,-1.4963322669894503,0.08861142,2.6226181894796543,0.111320734,0.8291073,17.700953,0.2690163321984913,0.07574171,,,259.53127213184274,-14.19798162328043,0
111.60146780354874,-47.634125683898766,-1.3393069198730148,0.046225045,2.8803463005508245,0.048873417,0.84625626,16.441338,0.167195482190917,0.037523333,,,259.5304203518321,-14.226558394477419,0
111.60568471457901,-47.633685352963276,-1.4456830657248876,0.037317503,2.7255870258276302,0.038470995,1.219696,15.89245,0.2332601831194649,0.029822683,,,259.531239710153,-14.22379471157366,0
111.61107733445878,-47.63215630825342,-1.446098801121186,0.017158164,2.8230181067363356,0.017349321,1.2723036,14.127693,0.1828141646863796,0.013477538,25.42605,2.8848307,259.5313834890126,-14.21985462593163,0
111.61213037689883,-47.616723951867826,-1.3554187783410767,0.018611982,2.7541213665866175,0.01827291,1.2598305,13.944539,0.16255838337386164,0.014640073,25.466152,2.3842943,259.51724523533255,-14.212725340207912,0
111.6269700479739,-47.62161220105652,-1.434099168469272,0.099914744,2.764616462983325,0.109619096,0.8668194,17.978647,0.21870109915122715,0.08459628,,,259.5261579124143,-14.205703905966628,0
111.62559863146714,-47.61414755879948,-1.4483522942724498,0.058815982,2.7045743884389557,0.06054209,0.80353165,16.91471,0.17101361625697684,0.04758873,,,259.51877049913776,-14.203404412227139,0
111.6255356554894,-47.61284894511645,-1.4193316251624706,0.04292624,2.782003704954529,0.045276664,1.1746902,16.27009,0.17360142192034947,0.034727752,,,259.51753666694185,-14.202896961960857,0
111.62685198731242,-47.618674550312356,-1.4327109608657933,0.061349623,2.7659036796733396,0.06628838,0.8284569,17.083923,0.1744001253529981,0.051413856,,,259.52337390718463,-14.204541076629658,0
111.48255046854854,-47.699378986944104,-1.54028406324129,0.078301005,2.7323946781864388,0.076072246,0.8947849,17.317036,0.2509102982332119,0.06113407,,,259.5568935667217,-14.326624401087463,0
111.51055570383244,-47.66935593020139,-1.4126277791263209,0.0758073,2.84314819645171,0.07331673,0.800972,17.388756,0.18551800911108604,0.060055118,,,259.5369058927079,-14.296930212426602,0
111.48015626370862,-47.67294418457573,-1.471057468408278,0.08099921,2.724872091414155,0.082656644,0.826664,17.487284,0.17963020175022704,0.06447758,,,259.5314202731281,-14.317021590087874,0
111.4878375292117,-47.67093142354047,-1.3134334127569955,0.07849953,2.876735428675259,0.076533854,0.9017353,17.375412,0.17306486879629904,0.06268042,,,259.53176902725215,-14.31148169646523,0
111.4711273525126,-47.67771216947859,-1.5640234943953142,0.103645496,2.8354369648542215,0.09903398,1.0136585,17.747726,0.18512871592747218,0.080103755,,,259.5332626929434,-14.324538671140989,0
111.48594936741497,-47.66932387329313,-1.328041134137149,0.013958967,2.862096215178801,0.012791099,1.7737274,12.310979,0.2376191998282689,0.010684674,21.66688,0.40493488,259.52971296329264,-14.311963166120087,0
111.47644998988582,-47.68129172789318,-1.344701928934898,0.08045312,2.7034595333563924,0.07814227,0.8551407,17.435453,0.2133424603766542,0.06620276,,,259.5381660293517,-14.322782437823685,0
111.49140569571675,-47.67311317421312,-1.5083818598705485,0.016791008,2.600233887456577,0.0151668815,1.3208351,14.146687,0.1776441654919805,0.013130306,17.55141,2.0357969,259.5348521186494,-14.310213481258458,0
111.50816437064368,-47.65686472685704,-1.3799071677994912,0.050693378,2.744593540630601,0.048636142,0.8168659,16.567257,0.19589918073898593,0.039873637,,,259.52450534688404,-14.293158531335658,0
111.52262611110211,-47.672611460298704,-1.4634982476397478,0.07972823,2.861160445740053,0.079309605,0.84601593,17.459568,0.20456458260345545,0.064787395,,,259.54347119455673,-14.290914562487233,0
111.51496446339463,-47.662445063754106,-1.3910093031978847,0.049391948,2.810999957993321,0.047591448,1.180666,16.604218,0.20487185269455604,0.038725864,,,259.5317145066161,-14.29133843517952,0
111.5202261236008,-47.66518623305384,-1.289860255707987,0.074938156,2.9015170315553656,0.07226517,0.81256676,17.277254,0.23296253741173173,0.06017559,,,259.5358153465034,-14.28926986638059,0
111.53017240878671,-47.656922814814585,-1.3997382337190354,0.06173044,2.8493921959281483,0.06342225,0.7980995,16.975838,0.11602075546091478,0.050373416,,,259.53097139115,-14.279723931077681,0
111.5172983630816,-47.6704248119904,-1.506052203884074,0.030864581,2.609688242712829,0.028621057,1.2707901,15.577844,0.20751407932561022,0.02474862,,,259.53987086220855,-14.293255474145349,0
111.52340812788259,-47.667197804827076,-1.3945382427047748,0.05579228,2.812995158213259,0.054721437,0.8571224,16.68219,0.1979664700570366,0.044524852,,,259.5386268495382,-14.288167385017267,0
111.51771650736981,-47.673532881284885,-1.3304251466545511,0.0828077,2.780164300451827,0.0835214,0.8346367,17.52772,0.27849620006975934,0.07007567,,,259.5429047648196,-14.294302321066933,0
111.51777417511941,-47.67467462117923,-1.5281216513361942,0.07157957,2.8361478941335516,0.06891307,0.8478317,17.182386,0.20028242463922263,0.05866727,,,259.5439913281901,-14.294745527214493,0
111.54809995324348,-47.65101385563522,-1.501807113946282,0.05793764,2.7787954686601113,0.05594474,0.82910156,16.878937,0.15985271037646057,0.04541179,,,259.5306618662142,-14.26628301342233,0
111.53234492766006,-47.65334622097934,-1.467555156392298,0.06470309,2.742061545383721,0.06627257,0.8233261,17.074148,0.11461769572406853,0.05258531,,,259.52825397216367,-14.276895797361053,0
111.53626398227028,-47.658705096221254,-1.3909359328741306,0.07344026,2.648921386337329,0.072514236,0.89003754,17.295948,0.18811870605394912,0.057482954,,,259.5344161994548,-14.276746277451455,0
111.54997767902847,-47.64646866826189,-1.5849109367216752,0.087380715,2.7129089558877033,0.08260027,0.8113289,17.526056,0.14133749257726627,0.06751417,,,259.52695218617305,-14.263228066847088,0
111.54418034388412,-47.65432339543284,-1.3379222296102398,0.097970635,2.7193138108906956,0.09562941,0.910326,17.792429,0.2539154807539206,0.07699964,,,259.5326191088628,-14.270068029234693,0
111.53741571647443,-47.6621594079558,-1.4175314945967847,0.044818006,2.7925781286837292,0.043754984,0.84647655,16.390629,0.23395573604751718,0.03518852,,,259.5379877440665,-14.277490497305012,0
111.54261383947176,-47.66044430243958,-1.3660005543757268,0.025650203,2.677709940722054,0.024278792,1.289072,15.05055,0.16894669312736674,0.019976174,,,259.5378960261773,-14.273592976088109,0
111.54563620936102,-47.65828774552322,-1.4099800552347368,0.08352315,2.79973810910242,0.08327774,0.83281136,17.549736,0.23909924238226204,0.06661258,,,259.53675689656023,-14.270840528181267,0
111.51626230031303,-47.64684529202104,-1.345990917487444,0.06488498,2.8521880958577333,0.061599296,0.77467346,17.068,0.22327489293659997,0.050624076,,,259.51747695617684,-14.284006632442232,0
111.51345089018355,-47.65474294331371,-1.4114829970759613,0.10779867,2.881059940955245,0.10721756,0.8751888,17.911762,0.23069764425520017,0.088693425,,,259.5240572130346,-14.28903622004919,0
111.52107242357351,-47.65420325824873,-1.4433961994238431,0.032789193,2.6947540248758557,0.031553704,0.31080055,15.786802,0.21882273580713785,0.025917415,,,259.5257720146267,-14.28414885329717,0
111.52318929396661,-47.65661532515134,-1.4176803399198339,0.08143739,2.8152963841988723,0.07979711,0.8117924,17.485964,0.1406949595925208,0.06513618,,,259.52864857550355,-14.283865363453167,0
111.47986928845845,-47.66237788592905,-1.430830649584383,0.03968633,2.8705894763526603,0.038282614,0.91411686,15.978562,0.12791514035189971,0.031036943,,,259.52143372053575,-14.312773101418083,0
111.48668192359821,-47.65680285508735,-1.4736456325703755,0.07006909,2.811807096987514,0.07276772,0.8398266,17.282574,0.17490681247288895,0.056276858,,,259.5181919217933,-14.306271685257743,0
111.49333662892093,-47.65572123180724,-1.5529528996722846,0.054884925,2.7363595604342494,0.05393588,0.8792782,16.81397,0.23443908735640795,0.043542873,,,259.51911579867516,-14.301748315452686,0
111.4703297206715,-47.64747452863001,-1.4467559293172871,0.15085924,2.7321788636997955,0.14832439,0.93595123,18.525452,0.28030191706110374,0.12330257,,,259.50468940839477,-14.31236878164577,0
111.4672794760962,-47.65051628795651,-1.3659882208076484,0.07569234,2.7517999859324087,0.07221788,0.875576,17.34841,0.20543571801228683,0.059665564,,,259.50665248871843,-14.315508307530125,0
111.47405736392126,-47.65172503862092,-1.496185785438352,0.04289258,2.766043905159724,0.041320816,0.8308878,16.347502,0.18289667787374644,0.033853896,,,259.50975813043453,-14.311867861893514,0
111.48367098405369,-47.64212273912469,-1.4387924876688165,0.056894068,2.899306101290086,0.057645746,0.8222637,16.900051,0.1626761604504793,0.04676983,,,259.5035581167056,-14.301965405218318,0
111.50602894758873,-47.64421543640619,-1.544430834031575,0.081901275,2.859329919285984,0.07963077,0.84126854,17.468115,0.19631694512930903,0.06527317,,,259.5120313670926,-14.289164136296291,0
111.5208031465408,-47.63286425128152,-1.3701488618578248,0.050566357,2.757684603523605,0.049735054,0.7838917,16.638678,0.1433883593887873,0.04003541,,,259.50570241311937,-14.275368038516715,0
111.51825660368357,-47.64323342455932,-1.3924551721454999,0.057305723,2.6990012799119096,0.05456883,0.81951904,16.779438,0.15459252690138217,0.04382317,,,259.51467427020833,-14.28127278905662,0
111.53931367201375,-47.62055711082654,-1.5535220563374796,0.11792275,2.9347253161575675,0.12325296,0.8718109,18.091682,0.21963634055412098,0.09357037,,,259.4995724758958,-14.258881520418932,0
111.53341335746073,-47.622847674003545,-1.3422255369526708,0.036532804,2.81441034056341,0.03405427,1.3260565,15.80499,0.21790760363659345,0.028830726,,,259.49999672926276,-14.263452483893243,0
111.50682544195027,-47.62581471537461,-1.3946486723218912,0.04705942,2.7177084745001103,0.04485329,0.7933912,16.461218,0.18871814505277265,0.037511166,,,259.4950235646078,-14.28096530543534,0
111.50897822724252,-47.632462466730054,-1.4362389864986287,0.045948498,2.691227629667626,0.044591196,0.794837,16.446295,0.20702969497571447,0.03765701,,,259.50187919882796,-14.282434303832616,0
111.51878056646716,-47.61760116903925,-1.4181298350207943,0.061179396,2.7546065838818183,0.057565328,0.7667675,16.897844,0.2316064956742546,0.0469201,,,259.49081453586314,-14.270206338224856,0
111.52218388140943,-47.61651303234955,-1.3543891004064639,0.055055283,2.641782674177043,0.05434035,0.810339,16.79704,0.25090448778343755,0.044817735,,,259.4907877764218,-14.267667375247536,0
111.55695176395632,-47.649155109690696,-1.533737631718381,0.10010871,2.6843340817944963,0.10330955,0.9508858,17.773125,0.1599313868674879,0.079426795,,,259.5315021304052,-14.260090268983827,0
111.55433578806799,-47.64083721968157,-1.3825848113655876,0.07537144,2.750212877783065,0.07584876,0.78154564,17.264153,0.23716220827381188,0.060512196,,,259.5229488123234,-14.258200125886553,0
111.58893620307029,-47.62945072706809,-1.4901274751055167,0.0364755,2.827773976643882,0.037133817,0.8540821,15.903156,0.2031240831202338,0.028602557,,,259.5223840386622,-14.232258586158368,0
111.55779130662695,-47.63334329872953,-1.5201991294754231,0.09088278,2.6217573757138997,0.083695985,0.8089123,17.511024,0.15716415658341987,0.06474114,,,259.5169384652104,-14.25294212439504,0
111.55627129249777,-47.623504318142835,-1.4277793511453791,0.017676068,2.7912507126860717,0.01660089,1.2826834,14.129818,0.21360560406773593,0.014370168,21.537127,2.5845335,259.50728064466557,-14.249743055855822,0
111.55944738328611,-47.627391694982094,-1.4761013405413843,0.0816453,2.6875612064471435,0.08329486,0.9379616,17.529385,0.2721915550480685,0.06594539,,,259.5118479973554,-14.249431477519238,0
111.5575229441819,-47.62819104803578,-1.366707946541269,0.07724584,2.8298177095894745,0.076210596,0.89726067,17.341309,0.14609899223405082,0.061865266,,,259.5120350183488,-14.250944165361162,0
111.57580141996242,-47.615702068093256,-1.3940270624880462,0.113864504,2.8088530193150754,0.10618375,0.89943695,17.935055,0.21216926395552538,0.085864194,,,259.50567579636197,-14.234519599412563,0
111.58324841133732,-47.61162105195607,-1.3579858745775342,0.054421403,2.8522922587020467,0.05285179,0.8056259,16.56762,0.20774683248237855,0.04200854,,,259.5040297220764,-14.228249717131087,0
111.58537389312224,-47.6154033626125,-1.5569555842557137,0.04787203,2.821699066607601,0.05039158,0.81949806,16.403486,0.27040027647094067,0.0389293,,,259.50819173467823,-14.228537896946886,0
111.60993058519142,-47.61480635008012,-1.372226280213462,0.04457375,2.7646950076769445,0.044758886,0.2920246,15.715349,0.1435142330317745,0.035107497,,,259.5148073764754,-14.213265008925589,0
111.60503664416919,-47.61315027449038,-1.3876437899368599,0.043754265,2.731403662381871,0.045898598,1.152216,16.398462,0.19032664533622146,0.036335614,,,259.51182698245395,-14.215562743083069,0
111.603578746451,-47.612521311646134,-1.4425887767883705,0.06499952,2.75551439638623,0.06573435,0.8106537,16.952934,0.1353524262214355,0.052544683,,,259.51081218164757,-14.216190293905164,0
111.60988553198652,-47.6081911752413,-1.4093649648141666,0.03940425,2.833259622769752,0.038788408,1.2046499,16.078781,0.1769491882270418,0.03124365,,,259.50860208246286,-14.210512429246204,0
111.61870900835318,-47.58975720704211,-1.473500803447519,0.07669834,2.6939077819713506,0.086746305,0.90400124,17.47415,0.1525420855580101,0.06703677,,,259.4939283320776,-14.197364940566533,0
111.56033789152617,-47.61184868175115,-1.4530263220401807,0.04605773,2.6877001024428404,0.044795506,0.7964468,16.37783,0.19419486414193374,0.037637204,,,259.4975525705859,-14.24236311355066,0
111.57840205336542,-47.59956543200837,-1.4986881880391865,0.056869864,2.838611318431182,0.06064994,0.7912674,16.947542,0.2004100582842152,0.04739969,,,259.4913269274816,-14.226151999555315,0
111.56059465433374,-47.60405841792484,-1.4454518163175982,0.021432338,2.7331902595578876,0.021309953,1.2676468,14.905837,0.14718954471589185,0.01792592,20.182827,5.5263133,259.49033264903306,-14.238935969174554,0
111.5431438427897,-47.604973941753286,-1.404905774148871,0.08818156,2.8812893770005816,0.09297023,0.8415451,17.761856,0.17379119232700918,0.074206725,,,259.48609537337956,-14.249999966667666,0
111.5462260756171,-47.59811712178542,-1.4410686354532334,0.082573965,2.879429433901565,0.0861246,0.8207493,17.63736,0.1719512547963999,0.06867652,,,259.48057366286366,-14.245236271606135,0
111.57231681977264,-47.583639539568544,-1.4034872828445044,0.09994016,2.5950196889479034,0.11604118,0.84454155,17.966963,0.17181159397668955,0.08583629,,,259.4746383792502,-14.223188005866167,0
111.59466077732198,-47.58547287687969,-1.5049523312557556,0.055321783,2.9118984094662412,0.05889329,0.80576897,16.885948,0.1755972894875449,0.045292765,,,259.48288582477414,-14.210281442953594,0
111.60132986860123,-47.58921300825619,-1.5587631717494537,0.122868985,2.8448826499635143,0.13345905,0.9292679,18.307083,0.21737034346308481,0.10257789,,,259.4883366677247,-14.207771523731209,0
111.66890168775822,-47.63333855444778,-1.434402234154534,0.045043338,2.7752222742558015,0.044720456,0.86721134,16.43391,0.1851942871122903,0.037121058,,,259.5493923529225,-14.184997720248564,0
111.66099271762256,-47.64797974767792,-1.452269596240582,0.047590688,2.6442209091538453,0.047389667,0.86139774,16.449326,0.21400152953930762,0.039331824,,,259.56077994298386,-14.19599215548228,0
111.66937296399728,-47.63278139010216,-1.474007065963048,0.06835895,2.860514214842686,0.07421834,0.78349304,17.310423,0.21975973362578094,0.058864992,,,259.549008873996,-14.18447516420099,0
111.66451991986223,-47.62097098384875,-1.439046071968301,0.04075671,2.741067965793124,0.04318157,1.209857,16.3469,0.16465422051627462,0.03495361,,,259.53653858329056,-14.182472225663071,0
111.65364307384556,-47.62519143674123,-1.378109406121217,0.01593286,2.8844307750852436,0.015070848,1.7633133,11.250733,0.24356184421231475,0.01227018,22.339516,0.21851128,259.53730620547145,-14.190898530993135,0
111.65435655943972,-47.63451051652888,-1.5222074987970566,0.07035827,2.738099491216058,0.06834213,0.82668877,16.9841,0.2129866885699034,0.05227768,,,259.54623543717827,-14.194382534144186,0
111.65079754666897,-47.63106742028603,-1.517960957110677,0.04485784,2.7291848940349905,0.042691227,1.1341753,16.110308,0.2055296825788472,0.031717323,,,259.54197277618897,-14.195110074895991,0
111.6700939780847,-47.616956728818494,-1.4150401979803928,0.06423913,2.782653395625605,0.06425521,0.8286686,17.13523,0.23158690102369525,0.050803274,,,259.53441359711553,-14.17737453096456,0
111.68222760230385,-47.606414221315674,-1.4437603085921524,0.06612587,2.680817380600385,0.069219746,0.8429127,17.15116,0.2677011883515253,0.057402626,,,259.5281021243143,-14.165516695811041,0
111.67948141645574,-47.619449246244365,-1.4713690679668696,0.015522473,2.7853721064216352,0.015907595,1.3187332,14.046392,0.19500170444283146,0.013139158,21.855385,2.0189235,259.5394927278341,-14.172683818456884,0
111.65740017430224,-47.61657024690982,-1.426872928213439,0.046858266,2.7290705668572226,0.045570366,0.90548134,16.351885,0.18615282418548793,0.03623226,,,259.5303379929034,-14.184974084923963,0
111.64587419876395,-47.61121839884035,-1.4544119784787997,0.047672596,2.871974704193774,0.04861514,1.0558605,16.551968,0.22654367103690481,0.039419215,,,259.52195841125985,-14.189771449099528,0
111.63294343910889,-47.59442115241369,-1.4905556579910963,0.048323285,2.7351149463635105,0.05375409,0.83003426,16.65456,0.19824478038937896,0.042207625,,,259.50245700852895,-14.190616389266438,0
111.63690968299444,-47.584523884078365,-1.3783386034667906,0.09545382,2.7780344835501665,0.103965364,0.8593006,17.938885,0.2494714215023706,0.08307062,,,259.49435584171937,-14.184026629959758,0
111.48064512540664,-47.62621455753699,-1.5026617164281277,0.057035755,2.760798272367564,0.05618751,0.81009483,16.881647,0.24116424792059235,0.045415718,,,259.48776930941506,-14.297154059395199,0
111.50647312609844,-47.61217508959778,-1.5658132592848764,0.049927138,2.7335761617497534,0.046426244,0.77925014,16.477024,0.24651137613640617,0.037670366,,,259.48214246721176,-14.275463884240612,0
111.512881511077,-47.607353007153215,-1.4593808159558983,0.04811573,2.817369420010848,0.04751966,0.7849941,16.53473,0.21916444964899795,0.038887978,,,259.4794939810125,-14.26951997647877,0
111.5226654701375,-47.59910007001947,-1.486308744277935,0.059649587,2.773346771956506,0.0632571,0.79063606,16.967701,0.2231176286673788,0.049924474,,,259.4746175660219,-14.26007037716794,0
111.49418685372872,-47.60356972597684,-1.5189806459808688,0.080168724,2.6768063411345304,0.08385919,0.8783779,17.51083,0.22002446928222516,0.06484485,,,259.4704979706928,-14.27937793734987,0
111.48778057504897,-47.60103416114155,-1.5204877225055204,0.10923154,2.854474019548953,0.10756361,0.8616104,18.018915,0.21906161411065606,0.08639909,,,259.4662545400888,-14.282237452096101,0
111.4983215631736,-47.60489277951652,-1.5653620116242606,0.060847916,2.839269458169252,0.060666908,0.81482315,16.990427,0.16922884886312206,0.048019215,,,259.4729431175359,-14.27740123867824,0
111.50080015369015,-47.59402734753247,-1.339093683629292,0.019805403,2.7750448282418665,0.019495022,0.29724312,14.448507,0.18626756235378505,0.01660943,,,259.46348676412316,-14.27132960265717,0
111.50662636997583,-47.597768513826146,-1.3633806421420869,0.044028465,2.8394786528243965,0.045252703,0.8108072,16.460287,0.22503881122096137,0.036748756,,,259.46869094590005,-14.269330852862195,0
111.44328415332869,-47.62268343116679,-1.4577668133660178,0.06273023,2.728809650897173,0.06112335,0.8026829,16.985413,0.25860505211093104,0.05075677,,,259.4735803010653,-14.318543551727593,0
111.47190530605104,-47.60704752106936,-1.415081139425439,0.040009875,2.7477213515752767,0.03935466,1.1919022,16.072596,0.1990348168361235,0.031684272,,,259.4672618847634,-14.294475962807706,0
111.53149948008773,-47.59297011515297,-1.5413248567500173,0.06689373,2.6165136221229615,0.06971715,0.8061161,17.269453,0.19486985640602547,0.057087656,,,259.4714542662278,-14.252091312879267,0
111.53531538376528,-47.5850435975815,-1.4255373567079896,0.048944592,2.6711044386694116,0.054721273,1.107295,16.585686,0.15685867706125467,0.041779086,,,259.46514469584855,-14.24642964964912,0
