source_id,ra,dec,pmra,pmra_error,pmdec,pmdec_error,bp_rp,phot_g_mean_mag,parallax,parallax_error,radial_velocity,radial_velocity_error,l,b,labels
673241243249810048,114.63340560256192,21.39973589417085,-1.231976268279598,0.14327656,-2.001790111112683,0.11738134,1.2563953,17.915829,0.3954157913475501,0.124310575,,,198.29169976830082,19.60041373038695,0
673241311969289088,114.6559857225471,21.40132314336605,-1.2081817466598253,0.078424186,-2.135009818464281,0.06393749,0.8594227,16.99378,0.3200986999608478,0.06899687,,,198.298628277823,19.620461188652023,0
673241655566707968,114.72555899550179,21.431310633610256,-1.2381698466542073,0.09980214,-2.0832508666608627,0.085784316,0.9490795,17.272697,0.3366813038452241,0.08630893,,,198.29531032653782,19.691767270162927,0
673241797301815680,114.67162154227945,21.432996180645983,-1.2078172934352636,0.05258362,-1.9821668411298714,0.0456461,0.6899166,15.977357,0.3551250905820404,0.04424707,,,198.27339882062176,19.64596405762807,0
673243201754958848,114.76322016377792,21.450626997968275,-1.3130627687565848,0.061597582,-1.9353057272391327,0.05121037,0.77994347,16.50419,0.35627665132019515,0.056110006,,,198.2904659486922,19.731531119779362,0
673243377849187328,114.73325134482972,21.459284318003643,-1.216314026659378,0.060390748,-2.048103093288155,0.05718659,0.76820946,16.358425,0.4076999853834508,0.052744795,,,198.27071048365443,19.709012712787732,0
673244099403692416,114.76952826244121,21.5165733645907,-1.1334375988980194,0.08910498,-2.1222325107762403,0.07597964,0.8862324,17.202501,0.40552628562594284,0.08304253,,,198.22800283331213,19.76197970591735,0
673244133763430656,114.78368954190982,21.52750754692658,-1.2903767744458174,0.051684503,-2.027142651664411,0.044566836,0.7207298,16.14744,0.32015946647709725,0.046514183,,,198.222558425466,19.77831549159748,0
865301327345471488,114.56344699736997,21.418986551858488,-1.1501973956653706,0.043232776,-2.0206643698288804,0.034586422,0.673851,15.771234,0.40415693404704073,0.03830259,,,198.24650841288124,19.547502236026062,0
865302392497365248,114.50723191002331,21.439137473805122,-1.1778917637734043,0.057088833,-1.9349107688949756,0.04677188,0.77857304,16.393187,0.3804438786731768,0.051813968,,,198.20560752488993,19.506778756445684,0
865302117619457152,114.53642077757104,21.418433799092007,-1.2660942622388744,0.04229339,-2.0865904628804386,0.033739433,0.622015,15.510162,0.3268975141740569,0.038962636,,,198.236891576647,19.52402514293934,0
865305278715393536,114.45719395072149,21.44166296129658,-1.2402671953192972,0.040130407,-1.9669452560871328,0.032613743,0.6123266,15.490075,0.3889645083428443,0.036591478,,,198.18432225204714,19.4646719710699,0
865305583657417088,114.45125491913763,21.468878512959833,-1.2877887231880618,0.07615242,-2.041366823109408,0.059091773,0.79023933,16.678818,0.34619448804312913,0.0680688,,,198.15539835963816,19.469922334393978,0
865306412586756480,114.43201009299078,21.49162914436429,-1.3351134414405732,0.0640951,-2.037163326427242,0.05106204,0.74471855,16.338955,0.4025385207614485,0.05843455,,,198.12585505922092,19.462022025958923,0
865306751888524928,114.44031138008496,21.5241901537483,-1.2304486891405029,0.18701911,-2.0519753947899835,0.16096534,1.5005398,18.551231,0.39315873864705286,0.17321771,,,198.09703385482376,19.481554228456385,0
865318850812041216,114.3990971457208,21.55419746011103,-1.2077573862499666,0.0652461,-2.071945880463751,0.05170252,0.72982025,16.275011,0.4234096426492139,0.060720604,,,198.0521314510369,19.457515563997404,0
865409796745799680,114.70928912583501,21.732369365516405,-1.165066354661315,0.13918671,-1.9495531912371624,0.102445856,,17.519302,0.378249137009179,0.115910664,,,197.99322488320797,19.79187557828869,0
865394854553736576,114.6185565391237,21.39412915041921,-1.1762081085846408,0.15732813,-2.078068863900862,0.12609182,1.0727043,17.968407,0.33042500564304916,0.1375012,,,198.2916217734008,19.58549470540795,0
865395026352425344,114.61846703087414,21.41507296381596,-1.1875467349772657,0.027385997,-2.0391095381236517,0.021548714,0.6095934,14.401313,0.4098587405323353,0.02331154,,,198.27102842800463,19.59338371228095,0
865395125134999424,114.60244089413533,21.426901516106145,-1.260468781653017,0.12110757,-1.9103536910952488,0.098874554,1.0585957,17.792936,0.43423302788070295,0.10411915,,,198.25339431752087,19.584083976089893,0
865395125135000064,114.59809361039106,21.431455070908733,-1.1870697129631744,0.122118026,-2.1971449941553898,0.09828594,1.041502,17.818924,0.3182744777471644,0.1059923,,,198.24729088919804,19.58207296421778,0
865395159494737408,114.57475881770364,21.42523218057134,-1.1402079717692422,0.13593051,-2.0091705907095947,0.09964934,0.9849186,17.535238,0.38277143646189454,0.11412659,,,198.24463044408208,19.55961686689925,0
865395198151117824,114.5926682147021,21.43684724989099,-1.288391180779036,0.06033705,-1.9985871307150398,0.043724343,0.73070145,16.30973,0.4142547566426307,0.049388535,,,198.23995933661598,19.579452801330554,0
865395335590064000,114.60504564738058,21.455419856785554,-1.1927458090752232,0.026424851,-2.0740548827749556,0.021157661,0.58985424,14.650914,0.3950391911788169,0.022661868,,,198.22637556627245,19.597169549430784,0
865395335590065664,114.60175367386171,21.44978270193323,-1.2127143121595385,0.077509224,-2.0856070462469045,0.05918648,0.8506069,16.713072,0.4298232195021075,0.061339736,,,198.2306736303432,19.592192666080113,0
865395369949799168,114.65538222928873,21.42543142864969,-1.0982842725528448,0.07885551,-2.0040745954875625,0.06448135,0.8632622,16.999676,0.31926627775669036,0.06791715,,,198.27472817874028,19.629106655872466,0
865395438669273472,114.64306787226009,21.44872082776687,-1.2637783540883725,0.030998917,-2.014203837437257,0.024934309,0.58889866,14.935933,0.36266056437486044,0.027608378,,,198.24723221661395,19.62735579791134,0
865395507388743168,114.67970553257759,21.45083260382145,-1.2884961068138439,0.0789642,-1.9078244886413271,0.06775022,0.8423233,16.917072,0.40224961074113685,0.06785453,,,198.25891500175985,19.659700995502522,0
865395507388745216,114.67082078648338,21.450681589788463,-1.253371014112799,0.034695398,-2.022770805228811,0.028716987,0.5911951,15.160067,0.34658080666840435,0.029497208,,,198.25572752983274,19.65199424408737,0
865395644827704192,114.63864034942603,21.451380109308403,-1.2465802471397711,0.036674757,-2.07343218616085,0.029490864,0.5803938,15.161201,0.3737061606895154,0.031350303,,,198.24295810754333,19.62455470300442,0
865395644827705728,114.63221312030507,21.449523192950124,-1.2051810058286865,0.035168298,-1.9836391085787055,0.028058322,0.60811615,15.308033,0.32974612202152653,0.030130256,,,198.24236797940532,19.61831579439886,0
865395709250558208,114.61597672760442,21.45858507937317,-1.2446554266606853,0.09140148,-2.016796389474998,0.06869919,0.8651123,17.030958,0.3484892650628844,0.07204307,,,198.22737271871404,19.607782550077186,0
865396087207681152,114.60238066934818,21.461328538914454,-1.340622071457662,0.097777285,-1.9552442204609863,0.07860625,0.887331,17.118738,0.4624894806432042,0.08370382,,,198.21957360366972,19.59712152351927,0
865395850986127872,114.64187943422512,21.484605044265287,-1.1806237245560156,0.034229867,-2.0459304938070764,0.028172951,0.5923624,14.898045,0.3724559609665559,0.03019298,,,198.21154366979965,19.639966294609177,0
865395885345856512,114.65881973327534,21.49515417893427,-1.2480027262832578,0.07591221,-1.9700835824539937,0.06487883,0.7896595,16.620802,0.46860910244811194,0.06653728,,,198.2075379426271,19.658554296191994,0
865396155929265536,114.58360541823251,21.474648940715934,-1.1284574927724278,0.15630953,-1.9832131631121408,0.13414486,1.2630444,18.232372,0.3662638135328628,0.14765026,,,198.1994461578896,19.586023686544628,0
865396228943270272,114.55020477765352,21.46521762007108,-1.3074427016695735,0.09701759,-1.9639006453336676,0.08151605,0.94846725,17.39676,0.39571927971136583,0.09300647,,,198.1961614840522,19.553689157739242,0
865396332022478720,114.57550296103072,21.472575992939856,-1.0865520899560044,0.02973356,-2.046142938852958,0.023914913,0.5952225,15.020183,0.40127813304639115,0.027170787,,,198.19843897502324,19.578261677872117,0
865396332022478976,114.57255072335396,21.474995534723465,-1.2408293927268708,0.07348767,-1.991574909551853,0.057402205,0.841486,16.800207,0.35396720624887124,0.0682247,,,198.1949552805857,19.576640445726234,0
865396396447303936,114.544080513679,21.481741518581927,-1.2044847438392796,0.1219915,-2.015989189899256,0.10472379,1.0251846,17.84245,0.45305417980563006,0.11035831,,,198.17764370258098,19.554701595817786,0
865396400741960576,114.54582722344075,21.48161545116688,-1.2327045041579123,0.02941124,-1.988364643670379,0.023821833,0.57032204,14.75181,0.4061331624523509,0.026503762,,,198.1784232854812,19.556156956439743,0
865396469461425664,114.60637126696378,21.479323897420343,-1.2707821847032563,0.027770823,-2.0568226908566203,0.023014119,0.5962868,14.884533,0.4390884583009065,0.025124328,,,198.2034028142619,19.60739585113292,0
865396499526739712,114.61183512840074,21.48176724802808,-1.2267544885083104,0.039783686,-2.0560814070210944,0.031482868,0.6865816,15.581929,0.40286101141251884,0.035812844,,,198.20305452302668,19.613027277056712,0
865396503821187968,114.61855126838667,21.488917273833486,-1.1832586505535587,0.073111884,-2.1197174394505645,0.058400225,0.83096886,16.728287,0.3846124836915079,0.06763007,,,198.19855382964377,19.621524654950765,0
865396503821188096,114.61128600485421,21.480949501220085,-1.288593358031648,0.016284605,-1.936417451442152,0.012530891,1.1561813,12.330813,0.4222683471075999,0.014623833,73.08982,0.45750642,198.2036514071224,19.612243900120944,0
865396641260140928,114.63725218082601,21.507225763522793,-1.205725998487224,0.047079094,-2.0693178854963987,0.039558485,0.686409,15.931459,0.3539718195738811,0.042006064,,,198.1875887551883,19.64457454519783,0
865396675619848832,114.61806655756484,21.50679661040276,-1.1829888235929307,0.031860363,-1.998315812090304,0.026798472,0.58163834,15.115295,0.3394890596758234,0.028661082,,,198.1808128119418,19.627899104447245,0
865396675619850240,114.62151232466377,21.496689397520537,-1.1931228091234805,0.052446377,-2.0392946076556275,0.041568335,0.69837856,16.010933,0.37779213978628823,0.044415556,,,198.19203215370524,19.627025744265993,0
865396744339335296,114.58600325267763,21.485187611682424,-1.2031766324295536,0.025700336,-1.9912058634816594,0.02056874,0.5929785,14.62292,0.41873239752322594,0.0234945,,,198.1899997340969,19.592093116437667,0
865396808762203904,114.56886736279132,21.504877961889857,-1.1865298829596318,0.083223864,-1.9897281837329635,0.0694786,0.86805916,17.035196,0.3822146636373701,0.07568304,,,198.1642363605655,19.584828264954123,0
865396813058809600,114.5812379604021,21.50184273591879,-1.2197345729213334,0.040158372,-2.187060413522108,0.03303485,0.7385864,15.717794,0.34451348952250294,0.03632718,,,198.1718587094456,19.59432107620639,0
865396843121945856,114.58419540747687,21.51111113637311,-1.2675144030683478,0.07315966,-2.1340312602775713,0.060289662,0.7806034,16.621859,0.4077947397281768,0.06554163,,,198.16386795190365,19.60038781218069,0
865396950497759104,114.58928492882502,21.520977178830627,-1.34653462140907,0.058285344,-2.047517893843273,0.04850096,0.80894756,16.478035,0.36584517241007697,0.05306988,,,198.1560893175399,19.608515679246768,0
865396980560914944,114.60385549059893,21.534971687172735,-1.1684648596057037,0.08791306,-2.1868959660183407,0.07510773,0.8896713,17.071474,0.30490277120199394,0.081755646,,,198.14781042050558,19.62636912576408,0
865396984857485440,114.61781098919285,21.53085711789127,-1.2934012220962803,0.042328145,-2.0445754195728343,0.037197698,0.6684294,15.710303,0.4169571095002027,0.037861597,,,198.1570850572744,19.63681611880986,0
865396984857490560,114.60488979630695,21.530558571060716,-1.1649431803663999,0.09791805,-2.0984237737500826,0.08260706,0.919796,17.310028,0.39207959417236415,0.088556804,,,198.1525326677218,19.625583398104133,0
865397014920619520,114.69272085571438,21.469557097085058,-1.3453850276890162,0.10547832,-1.9376915172122087,0.09319622,1.0540257,17.499691,0.4221840817782662,0.08953735,,,198.24540580804273,19.678017872057463,0
865397289798533632,114.67427668741955,21.490886105551574,-1.3136029467430812,0.03731605,-2.0370165678798906,0.02999296,0.5883713,15.129161,0.45303478194390207,0.032825053,,,198.21752997981076,19.670238758633598,0
865397568973000576,114.74289601502691,21.505515790323123,-1.3302189700542497,0.11271527,-2.0725874440613934,0.104196064,0.9799824,17.571894,0.33632142711526314,0.10166055,,,198.22888961621277,19.734859890038443,0
865397603332732544,114.75657860689053,21.517800171379363,-1.163800698672643,0.04034277,-2.0059292146071845,0.03448543,0.6520214,15.614104,0.4066944545972774,0.0361368,,,198.22194271153032,19.75129746035182,0
865397667755680128,114.73379295474857,21.533040856843737,-1.2833705178424755,0.08107392,-2.0452408767115537,0.06867627,0.82328796,16.804167,0.3203395968301692,0.07755265,,,198.198419327092,19.737463799720025,0
865397736475162112,114.78325686827867,21.541502079060493,-1.1516843906828929,0.16317046,-1.9916271798553833,0.14735724,1.1762428,18.12595,0.31440413177450016,0.15085913,,,198.20863388782934,19.783247289903933,0
865397809491155200,114.75840621560319,21.551907552551707,-1.1477089579284607,0.10317476,-2.018325011764743,0.079269156,1.0278072,17.209734,0.40924046589549967,0.093541466,,,198.18909200096047,19.765801414441196,0
865397981289851136,114.74227905033452,21.549044818591586,-1.0939954538597267,0.10843024,-2.041172824830591,0.0949742,0.9398422,17.283587,0.4750481704190571,0.10025309,,,198.1858652216533,19.750835901237956,0
865398045712823808,114.72221155670826,21.560283479847385,-1.2329681008312159,0.08186836,-1.8979211670376754,0.07102236,0.8403168,16.87558,0.4179795451425637,0.07684533,,,198.16729813950798,19.737825772787996,0
865398084369061120,114.74528247139858,21.570065856000053,-1.2431078892039973,0.09412791,-2.06720821934564,0.087272786,0.90076256,17.31039,0.3778437278099749,0.097384244,,,198.16632119744153,19.761388610644318,0
865398148792013440,114.66654796881886,21.528231026067495,-1.240127493784891,0.057274304,-2.0426122333312753,0.05263759,0.751585,16.27416,0.44476509027723093,0.050867293,,,198.17793960719493,19.677762419545303,0
865398251871237120,114.67239441353917,21.53953735030247,-1.2469941548654968,0.06550776,-2.0930226700275854,0.057126645,0.7619972,16.46804,0.305466693035609,0.059111614,,,198.16902158719586,19.68708441567999,0
865398256167775744,114.67922513639262,21.538146621976193,-1.23756862575061,0.035825733,-2.0211878300226083,0.030950548,0.59933376,15.141257,0.4111535152959868,0.03247375,,,198.1729486509437,19.692435379312013,0
865398256167843584,114.67666341786068,21.539301502308152,-1.2642695179744141,0.025421362,-1.8969140493601706,0.021683414,0.6126909,14.574227,0.3929753556403852,0.022397831,,,198.17085353042233,19.690668886582536,0
865398290527513088,114.68315240518932,21.537561277104587,-1.2913927230277742,0.05191441,-2.026505468143588,0.049514577,0.6830034,15.864112,0.3124320618070033,0.04647589,,,198.1749959592757,19.69559321566012,0
865398324887255552,114.65884731651204,21.545216156793806,-1.2331170439480745,0.09246413,-1.943979077875894,0.07990713,0.88694763,17.131775,0.4524431343482478,0.08748653,,,198.15836353929353,19.677580712427773,0
865398389310186240,114.63432195997832,21.53155437911664,-1.10418196848156,0.08794752,-2.0996352397999924,0.07565665,1.0313473,17.131763,0.3767676817139115,0.080907546,,,198.16259147065747,19.65128971386812,0
865398389312424576,114.6345171038012,21.532498745131242,-1.2932635140231574,0.113403864,-1.9735137853666624,0.09825749,0.9684391,17.56101,0.3180503785127076,0.10831108,,,198.16173693278446,19.65181614623322,0
865398393606749440,114.62998144737215,21.539188374980093,-1.251056095856803,0.039286856,-1.9788198494672877,0.033571664,0.6459055,15.602946,0.39256445096373427,0.035955865,,,198.1534646801963,19.650452330033282,0
865398427966475264,114.64634219064057,21.545510471555378,-1.1515548197161403,0.026246654,-2.092576544427388,0.021800233,0.5658493,14.663969,0.4394897907002338,0.023125032,,,198.15338699180884,19.666931032343186,0
865398427966478336,114.64013191038485,21.546926338884564,-1.2360718138143474,0.033450134,-2.0108450890213314,0.028165676,0.60158825,15.237985,0.39873622415033516,0.029929556,,,198.14966801240757,19.662124171977233,0
865398427966483200,114.6442735723521,21.53446544109379,-1.3004865707951243,0.027703544,-2.0458172271251778,0.024280958,0.5723028,14.775511,0.3424583161543281,0.026439235,,,198.16346296061835,19.66095892977449,0
865396881778276992,114.60963229746208,21.521049726160925,-1.1568592846743764,0.024954297,-2.105348961980367,0.020637507,0.6149559,14.573254,0.42612649010772746,0.022734601,,,198.163650423363,19.62605361112294,0
865396881778674688,114.61041940443958,21.504225417835723,-1.2792676136799375,0.03362063,-2.009783307184249,0.026004173,0.64498806,14.8738575,0.35777982122113,0.031283278,,,198.18046889150264,19.620340921537398,0
865396916138014848,114.61157706782261,21.520301162069885,-1.2803121418713088,0.03770895,-2.0845195627582136,0.031048968,0.6044073,15.272656,0.3977159189256214,0.035034396,,,198.16511507420452,19.627442980393248,0
865398462326224768,114.62954578190487,21.542127185908956,-1.177942833978984,0.10838475,-2.088978552373065,0.09433285,0.99310875,17.539095,0.4340659427132825,0.098759815,,,198.1504143455814,19.65119295607142,0
865398462326231168,114.61398586534573,21.54442943669647,-1.2585415724499402,0.045396786,-2.082232415691024,0.03876406,0.6826916,15.893654,0.41846961472722655,0.040971838,,,198.14231926522024,19.638677302124492,0
865398462326233216,114.61054887748162,21.542739127831183,-1.3210150729501646,0.020774536,-1.9912925353348614,0.016621903,0.6545229,13.843971,0.39000879549088396,0.018500198,,,198.1426909878396,19.635078055032228,0
865398492389416960,114.63305586678709,21.552663728710048,-1.1238069340845007,0.17681496,-1.9707881586833285,0.16328347,1.2481804,18.4724,0.4041551312097022,0.16730414,,,198.1413789139935,19.65821253379747,0
865398496685952896,114.6354878988709,21.554538223878037,-1.2012408251408964,0.06006628,-2.1054923181621845,0.051956974,0.74596024,16.532822,0.36506561805804205,0.0540555,,,198.1404488495826,19.661016661341243,0
865398496685954560,114.62870495272671,21.55857425823969,-1.2059260770407982,0.055734478,-2.030968522991674,0.048417892,0.7484665,16.353384,0.3848253927641595,0.05247412,,,198.13394139072122,19.656711703154446,0
865398496685956864,114.63141905507042,21.551474479241296,-1.2746690922837018,0.095330276,-2.0998992804408076,0.08438232,0.92962456,17.383804,0.32386316596645043,0.09099339,,,198.1419337601529,19.656352717887,0
865398496685958400,114.63483003972384,21.545575059042946,-1.3681838288271386,0.05266186,-2.0515242719540883,0.04557903,0.73233795,16.24185,0.370878670436152,0.050100297,,,198.14900813189152,19.657048904152568,0
865398496685960320,114.62323783396099,21.553549309463097,-1.2364996598662326,0.049358632,-2.1458112922355133,0.04190197,0.6744852,15.852566,0.38879286890636305,0.044989638,,,198.1368288445792,19.65010031827366,0
865398561108540416,114.65527599046712,21.56385341593804,-1.323555225268255,0.02143908,-1.927856243977161,0.017890893,0.66030025,14.211442,0.37638525887887364,0.019281406,74.36254,8.090513,198.138711707011,19.681578585387143,0
865398565405419648,114.65975729893339,21.560760987539364,-1.2334453387656552,0.050329134,-1.9300536911114126,0.043215968,0.7302742,16.181305,0.39415999528755824,0.04562772,,,198.14342970957173,19.684261587231415,0
865398629828015616,114.65670567977473,21.5699600373629,-1.2880030167808272,0.015438893,-1.9208315456688672,0.012678584,1.1534262,12.321694,0.4068340526695107,0.01402061,72.240036,0.78664255,198.13324655951504,19.68512531393658,0
865398634124892160,114.66059913230912,21.574200871448248,-1.1913719264497562,0.039985374,-1.9282004499499292,0.03397471,0.6557598,15.65809,0.421420782334888,0.036054693,,,198.13053765459125,19.690084054488764,0
865398634124894208,114.65448872657197,21.571854369642253,-1.3303105125036476,0.08928548,-1.9927007803710357,0.07839254,0.98472404,17.23078,0.45773242822159366,0.08095586,,,198.13055443086105,19.683936278595198,0
865398634124894848,114.65182772862607,21.572623110985482,-1.1957780395782616,0.026009293,-1.981512131604366,0.0217151,0.60059357,14.650308,0.3438370960498724,0.022925343,,,198.12880206863977,19.68193822089536,0
865398702844361088,114.70897902215843,21.560343539652305,-1.1527861065192935,0.07204442,-2.0955363409923047,0.061920002,0.83045006,16.834976,0.44780096253510693,0.06736049,,,198.16228197651162,19.72646073648113,0
865398767267337344,114.69201471209308,21.57028363479127,-1.2429855801486305,0.06898205,-2.1171573162853705,0.06592374,0.78264046,16.593815,0.3642714075545333,0.064924,,,198.1461561017626,19.715631185774107,0
865398771563839360,114.68845166001842,21.572621552528933,-1.2420113357244043,0.04894288,-2.0066382246420584,0.046380296,0.6827469,15.947643,0.42457884867508383,0.045078084,,,198.1425234159471,19.713451649183646,0
865398805923656704,114.71896650723279,21.580200432001696,-1.3388277883748467,0.064006366,-1.9341367875462476,0.054525472,0.78429985,16.612778,0.39548841751512026,0.058781795,,,198.1465015645349,19.742583229372755,0
865398874643050112,114.70837754188423,21.574782349193157,-1.3555799934605628,0.039758928,-2.0119154196874187,0.03424069,0.65158844,15.64171,0.4605820764833607,0.037013825,,,198.14786266540267,19.73141739878533,0
865398909002780800,114.72014724432069,21.6006355315631,-1.3630026721735644,0.07153254,-2.086358460673506,0.062236484,0.87184906,16.885088,0.44258164431593433,0.06858991,,,198.12685125882297,19.75134353482292,0
865398939066027008,114.67532466532926,21.56694966909102,-1.092521011771297,0.15927942,-1.9761976568192203,0.15611908,1.1180687,18.152441,0.4151550135462774,0.14851494,,,198.1431806087531,19.700004871178294,0
865399007785513600,114.6628175814096,21.578466228895255,-1.2627910020934514,0.049590267,-2.0607183876267827,0.046651285,0.80297375,16.016771,0.3304383682765418,0.04342724,,,198.127176875965,19.693610646913815,0
865399012082011904,114.6667998334395,21.57867290848316,-1.2589528878708949,0.05229209,-1.8975290414543793,0.049167868,0.67799187,15.856311,0.3891680254633803,0.046009626,,,198.12846543185736,19.697115538659553,0
865399046441743744,114.67968275038547,21.592740827905267,-1.2315664617544533,0.035744768,-2.124125235415848,0.03309888,0.59961987,15.231531,0.33908287888278954,0.031567235,,,198.11946317998223,19.71353460995684,0
865399080801479168,114.6998790063468,21.588013430090456,-1.2497281132330573,0.05469247,-2.014126385614075,0.046864383,0.72567654,16.30583,0.36349815380795725,0.051044,,,198.13167286092963,19.729120101815067,0
865399080801479680,114.69061753850772,21.594986881705587,-1.0965525858262934,0.060297806,-2.08507483303663,0.0543337,0.8983879,16.512121,0.32574523939099564,0.055697802,,,198.12134969412983,19.723794520893218,0
865399115161212288,114.71324483846003,21.59945073676976,-1.2568419266879174,0.02799786,-1.9870418612862197,0.024003332,0.60530853,14.871573,0.4053320876761005,0.025942761,,,198.12543239199877,19.744955485410195,0
865399149520953856,114.6926155786492,21.60607152514034,-1.3118423814474276,0.051229578,-2.030634977943844,0.04559062,0.72559166,16.187828,0.3346150588186336,0.04741825,,,198.11120062469357,19.72971499605666,0
865399183881133568,114.70066043606347,21.60564079961614,-1.2106455886649363,0.059790518,-2.0799083344432256,0.053586453,0.76053333,16.404026,0.4221023654717906,0.05583199,,,198.11463553917048,19.7364734423369,0
865399286959987968,114.5080052174776,21.480632170208708,-1.3276527414899084,0.0352751,-2.069149404533446,0.030568106,0.60143757,15.318368,0.35007937644399445,0.031461846,,,198.1651856226307,19.5232326614671,0
865399424398936064,114.53291474695025,21.496683468118547,-1.189817520839067,0.030577246,-2.084092183870968,0.02467552,0.57894516,15.066589,0.40116180813763913,0.027485369,,,198.15878619993896,19.550773438342137,0
865399458758668544,114.53885603725406,21.516324820328773,-1.2563109669736794,0.027004177,-2.083109370304916,0.022203507,0.585783,14.772382,0.41733339614670917,0.024576318,,,198.14173693858788,19.563352462759873,0
865399523181533568,114.51319570138789,21.498910098145856,-1.1417571578215608,0.07046362,-2.0372967446473647,0.06054469,0.84830093,16.82735,0.37681039123419374,0.063467465,,,198.14919830926658,19.53465086832592,0
865399561837893632,114.49229523762284,21.507839805993537,-1.2744684020214372,0.055137157,-1.9943854290554726,0.04624631,0.7453842,16.292948,0.3168572166854861,0.051100787,,,198.13258936124146,19.520061867582594,0
865399591901017600,114.49986619621207,21.514786286494374,-1.2034751188798336,0.064479485,-1.9159005051036708,0.052531306,0.8217602,16.642962,0.4264383062656113,0.05774099,,,198.12861457762517,19.52921783606632,0
865399802356044800,114.58204454752428,21.519618427069144,-1.2282260138279546,0.03796879,-2.131053659566396,0.03149541,0.6349983,15.529346,0.40252524724892413,0.034735147,,,198.15470746344099,19.60176879255599,0
865399836715784832,114.55487689524304,21.531234853425843,-1.2823132284843688,0.024179583,-1.9644313006780256,0.018326368,1.0463343,14.336696,0.38813067933072876,0.02035682,74.84802,3.7104688,198.1331102391678,19.582803944248315,0
865399836715786368,114.55834077830558,21.520587301819027,-1.221424459157052,0.053685043,-2.017234959232885,0.04500212,0.7230177,16.167604,0.30704646638347344,0.048740853,,,198.14486339388182,19.5817390399767,0
865399866779246848,114.56901526181072,21.527506657722775,-1.3447058085364705,0.18621212,-1.9365949131493216,0.17311229,1.221447,18.478592,0.38213659828322594,0.17475496,,,198.14207424447582,19.593553397188803,0
865399871075913216,114.566897623529,21.528559834810675,-1.220527862643484,0.0586976,-2.0078138066454194,0.050194576,0.75484085,16.33414,0.45629965602202915,0.052244917,,,198.14024579862064,19.592131270154166,0
865399901138342272,114.58810514398309,21.528265385514946,-1.2659830365563685,0.016714003,-1.961403765067976,0.013627443,1.0751657,12.357642,0.43115550311610296,0.015714169,73.59298,1.2604673,198.14848969450122,19.61026871958677,0
865399905435253504,114.59384129660265,21.53577470042644,-1.220596785166213,0.040337335,-1.9695573379063407,0.0328291,0.6481304,14.879247,0.47321630894773586,0.037323695,,,198.14326639499248,19.618056691021916,0
865399905435258240,114.58752112039993,21.524597431496304,-1.3023317777624719,0.10554924,-1.9528630100585866,0.088649355,1.1507854,17.343487,0.45875211220028306,0.09727434,,,198.15187260957416,19.608372963678242,0
865399935498079616,114.60028470249567,21.53744728117804,-1.247482696160915,0.016390145,-2.0368836192213418,0.01325455,1.1575546,12.291597,0.44948410687305895,0.015964957,75.06638,1.0900275,198.14403998242943,19.624236430915808,0
865399939794984320,114.60077369674603,21.54832846015419,-1.3099363861942388,0.018511264,-1.9861159298431663,0.014833992,1.3831987,11.135303,0.3989475684326684,0.017498802,73.07285,0.47223505,198.13353609013384,19.62878866636824,0
865399939794987136,114.60366884996084,21.53952430275691,-1.1891362275620154,0.042116202,-2.024736149259836,0.034644,0.6583128,15.659272,0.4298405931184172,0.04116305,,,198.14326897769587,19.627937175116667,0
865399939794989952,114.59360439901494,21.541322460459366,-1.2370789178687676,0.040680967,-2.118553392418888,0.034851644,0.75415325,15.667797,0.32602306633311817,0.03677471,,,198.13772905446936,19.61995953924164,0
865399939794990336,114.59672848042898,21.537635019612555,-1.2223121080375456,0.0309627,-2.0694385904791286,0.026427057,0.58879757,14.881271,0.46738171492864783,0.027894657,,,198.14252205159076,19.621247568207703,0
865399969857816832,114.57391130720819,21.545629399816985,-1.167158422276134,0.027834255,-2.0978459169593844,0.021227567,0.5897436,14.665811,0.4140907358258276,0.02459391,,,198.1261149462525,19.604649960247123,0
865399969857818240,114.57594907226522,21.535038375140054,-1.217158636828913,0.016799051,-1.9582013005574679,0.013623557,1.1617994,12.378798,0.42565164130365435,0.015580011,74.03866,1.0597609,198.13727938183266,19.602380882979464,0
865399974154732672,114.57852997104975,21.54196124491146,-1.135828093536692,0.08176119,-1.9781827552938926,0.06997448,0.90351677,17.122795,0.3580495772816707,0.0785068,,,198.13144905652655,19.60723099726625,0
865399974154735104,114.574659198989,21.53611889561787,-1.0994868533218114,0.06252115,-2.037984465795257,0.054189757,0.77890205,16.551186,0.3468956598936122,0.057866868,,,198.13573458447775,19.60168138317697,0
865400004217553536,114.58691496696929,21.553316889410652,-1.2224610853438258,0.029251793,-2.0217285639800258,0.024016194,0.5878706,14.639417,0.4081671783812517,0.024920573,,,198.12344090349572,19.618757924203234,0
865400008514465664,114.58261446204979,21.553576001340065,-1.1857550302855813,0.09890269,-1.9496147294452362,0.07892069,1.0941143,17.322487,0.3885880624388144,0.08766812,,,198.121574148474,19.615156050061575,0
865400077233950976,114.55773613671843,21.54831142611454,-1.2252030506139338,0.07469717,-2.034768537423029,0.06659661,0.80521965,16.875397,0.36647381037379956,0.066775784,,,198.1174158875863,19.59175114376885,0
865400107297107328,114.53466240868259,21.535159461247655,-1.292104075892356,0.049918182,-2.0367477848319364,0.039774317,0.68859005,15.958719,0.34603913462858576,0.04639062,,,198.12167444869374,19.56690170853678,0
865400145953428352,114.55107600604337,21.549307284356,-1.2372254742528421,0.026954826,-2.0588805015492118,0.02130345,0.58584213,14.720687,0.44227071921117006,0.024612729,,,198.11394057262993,19.586399052380195,0
865400180313163392,114.56414717343048,21.551780881800724,-1.1832088583093492,0.031230966,-1.9324110417364377,0.025727851,0.59046936,15.047582,0.4143875025789326,0.028483754,,,198.1164130664537,19.59858492739114,0
865400214672892544,114.58201328057726,21.56414693319558,-1.2102119288060074,0.07326651,-1.9722369377446427,0.064585865,0.79712296,16.749895,0.43456000554758545,0.06653025,,,198.1109668164514,19.618652309581652,0
865400214672894336,114.57737406352683,21.563407123905456,-1.2016582571315984,0.045989145,-2.0177656485056437,0.040243518,0.6980314,15.978321,0.41962792681652855,0.041770183,,,198.1099544326818,19.614379963070995,0
865400214672894976,114.57818899805508,21.559964022236944,-1.1441159421336493,0.030040795,-2.0600231158945324,0.025107024,0.6188936,15.081453,0.4373640163484856,0.027577737,,,198.11364140835198,19.613773849810116,0
865400214672895232,114.57805029537043,21.559249116382045,-1.1918197502909953,0.10276553,-2.1463444579516553,0.08819622,,17.553444,0.3508265043946158,0.09390817,,,198.11429152024184,19.61338307086413,0
865400214672895744,114.56969309719707,21.565867419542634,-1.2387750368498207,0.038867388,-2.0351993389014926,0.031153696,0.6253643,15.509393,0.4367431906820301,0.035901267,,,198.10465901412147,19.608705660269543,0
865400249032669952,114.55113609635404,21.56520466669404,-1.2572040589595668,0.10307603,-2.0494650097174865,0.0904999,0.94142723,17.431486,0.3533062489367793,0.08934228,,,198.09835346855309,19.59248865730908,0
865400283392372352,114.56563479571437,21.569858317352352,-1.2511041375047152,0.049542103,-2.0266776698863445,0.04144973,0.7143345,16.133547,0.45050440799497343,0.04478181,,,198.099218502168,19.606729412142588,0
865400347815274112,114.4920826034654,21.52881754571193,-1.2017389003066452,0.09577076,-2.0654646419347773,0.08382605,0.92424774,17.307373,0.34369922466217984,0.08686053,,,198.1119238705221,19.527855514513977,0
865400450894493952,114.49868780793228,21.53964845729206,-1.2822833888128433,0.098435126,-2.098362234610004,0.08728654,0.91910934,17.480013,0.38222843515793703,0.0876271,,,198.10377263313495,19.537655718287766,0
865400455191088512,114.49184676164909,21.53148042618654,-1.1886503909141681,0.03879958,-2.064208552814061,0.032288168,0.71663857,15.704179,0.39917651669577925,0.035641696,,,198.10922211894803,19.52866497445928,0
865400489550818688,114.51449669444013,21.544571061004092,-1.2510009719300834,0.070573695,-2.1639497087034263,0.06040385,0.8396168,16.879105,0.4169883289925467,0.06283731,,,198.10487134062683,19.553127801022523,0
865400588333443712,114.44772609379913,21.533555140190355,-1.2008390906989632,0.07724612,-2.0136504393383183,0.06609816,0.8588314,17.013474,0.36000325838338937,0.068473175,,,198.09062955849026,19.491495371780587,0
865400626989781760,114.46384608258406,21.543898772999324,-1.230074562308875,0.025529712,-2.0833717133249197,0.020850379,0.5819864,14.651912,0.3475687678446139,0.023737079,,,198.08652981517054,19.5092966504935,0
865400833147239040,114.48330570466486,21.57651517623772,-1.2178971150440858,0.05171564,-2.005840040986639,0.042819742,0.74256516,16.241152,0.469089254219762,0.045602355,,,198.0618194657214,19.53843367431047,0
865400863211012992,114.52497553311457,21.551959454246685,-1.2384759529518954,0.021033332,-1.9746439192782885,0.017686503,1.0694141,14.10551,0.3887303796583037,0.01890788,78.09149,6.1367702,198.10154879234304,19.564950647439527,0
865400970587150336,114.51664117523316,21.570051481521066,-1.1920414984945262,0.020084219,-2.0043406323936868,0.01682336,0.8061552,13.882898,0.37743765792391853,0.017258564,75.277916,4.1825256,198.0806625965055,19.564653829347524,0
865401004946882560,114.55111513422088,21.57171985307571,-1.1473029061538569,0.069769345,-2.073618222052838,0.059128128,0.8392658,16.849316,0.4619527327775085,0.06290688,,,198.09194801220704,19.594944735175233,0
865401004946883328,114.54328969773755,21.577785755642942,-1.2392755270727938,0.08845825,-2.0091553940302114,0.07857301,0.9466934,17.276293,0.4627893076296984,0.07769473,,,198.08305840480028,19.59051601969573,0
865401039306612352,114.56237738758351,21.584398765921424,-1.261560278163352,0.031582423,-1.94040038823711,0.026336296,0.6804056,14.875681,0.37704162557886767,0.02878067,,,198.08371779339532,19.609447328280883,0
865401103729574144,114.5414936527313,21.597830396477484,-1.3090501098609373,0.046602447,-1.910868503899328,0.038919497,0.71243954,16.065855,0.3970615543326734,0.043090943,,,198.06270189933088,19.596581496213336,0
865401108026093824,114.54483618363179,21.588226912786155,-1.3601630750217435,0.12603526,-2.0898517017609297,0.113695316,1.0817509,17.896605,0.3143338943487662,0.11157045,,,198.0733850841748,19.59581084279841,0
865401172449033856,114.51006321838362,21.580094199535186,-1.2652221475212981,0.15438044,-2.0412490365349596,0.1347087,1.1511211,18.077204,0.3123720953236388,0.13878714,,,198.0683374757367,19.5628100591653,0
865401206808770688,114.48762344979735,21.578668606043966,-1.366856058508036,0.079524755,-1.9873812476276573,0.067669034,0.876503,17.075792,0.3451916744192657,0.07173694,,,198.06132460336764,19.542965922268607,0
865401279824788864,114.52208401955768,21.600897973810373,-1.1165335918658348,0.05680584,-1.9806639676270508,0.048861027,0.7473278,16.337828,0.37830471045239383,0.0493774,,,198.0524172001539,19.581050625368967,0
865401314184524544,114.53458921612372,21.597500213271054,-1.2005406939447516,0.032398626,-2.128292980554803,0.02790484,0.65032196,15.194774,0.40360542304314745,0.028013097,,,198.06043916177265,19.590517076331523,0
865401348544270080,114.50477349384263,21.601392247715335,-1.2481588711281808,0.08385964,-2.1297989055617004,0.070776224,0.8789978,17.159632,0.3401950460777177,0.07652623,,,198.0454455639241,19.566348989018383,0
865401378607077888,114.52614176340217,21.615057235928305,-1.230200865744683,0.01440146,-1.9793635602721613,0.012211984,1.2294283,12.372766,0.40650149762827475,0.0124775,73.71777,0.91631794,198.04003373825154,19.589916209590893,0
865401382903996800,114.5243695980386,21.619244942338263,-1.2999740062483418,0.028943326,-2.050534558317878,0.025450055,0.5815611,14.789786,0.38331542997374574,0.024466569,,,198.03525761880604,19.589981596930137,0
865401382903998976,114.52270079786648,21.614060552300245,-1.2992107536544384,0.018125232,-1.8922819774089679,0.014841283,1.1802444,12.800379,0.3997937442370657,0.016067365,73.26247,1.4800816,198.0397235061786,19.58657830651996,0
865401417263725952,114.61352724495565,21.55459514619589,-1.2071872554263372,0.016473377,-1.9696088873746243,0.0136682335,1.1409197,13.268084,0.4117853101389824,0.015270225,73.045,2.3434181,198.132161567323,19.64214159040865,0
865401417263727616,114.61166847902419,21.55208513615133,-1.2562451300373225,0.020184333,-2.1030616680621415,0.016782284,0.61965084,13.838055,0.42239716259703697,0.01851195,73.31096,10.014479,198.1339304081409,19.639589421160096,0
865401417263731072,114.60751017551854,21.549843887469258,-1.2824100462830295,0.028301533,-2.0431081692095403,0.025825119,0.58076,14.748164,0.4249106920069166,0.024530482,,,198.13457308877335,19.635160522060712,0
865401417263732736,114.60902715041107,21.544850460409926,-1.212662227668239,0.08955595,-1.9115069380032272,0.07782889,0.8949146,17.246897,0.3483500475530788,0.081467666,,,198.14004660747568,19.634570173678807,0
865401451623455232,114.62553390941304,21.559911174010548,-1.2663208642400543,0.05409343,-2.0697614405396667,0.049638152,0.7201977,16.19272,0.4253074450543288,0.049906157,,,198.13143949221546,19.654490490229296,0
865401451623462016,114.61630756172165,21.556235775725128,-1.101843763494171,0.05182235,-2.0516232878386655,0.043648966,0.6807146,15.845318,0.3141383917910833,0.049511366,,,198.13159207927572,19.64515667200272,0
865401481686303104,114.59906833342897,21.55427171718884,-1.1724761978897131,0.027642345,-2.05930211110224,0.02265532,0.59952164,14.50468,0.42164981024913106,0.024976764,,,198.12705922927245,19.62957761394131,0
865401485983201920,114.59853655438296,21.569918885564277,-1.1043395343040703,0.041801833,-2.0331551314058554,0.03488027,0.72681904,15.520304,0.452116428343412,0.039154414,,,198.1114904181529,19.63505962362196,0
865401485983202816,114.59870090354922,21.56861883511453,-1.1454047982991855,0.03539502,-2.0673428430133653,0.029289225,0.6909342,15.247293,0.3805411443238915,0.032136563,,,198.11282903217963,19.63470758531817,0
865401485983202944,114.60007249589226,21.56702464346259,-1.239142540286183,0.023086462,-2.1161248984362944,0.01940239,0.62179565,14.393635,0.40372320646119514,0.02264836,,,198.11490902330243,19.635282597166245,0
865401485983204096,114.5952443811336,21.568590690326683,-1.2557877020923527,0.020286882,-1.9410841780244026,0.016658416,1.1133013,13.440823,0.372403134912768,0.01823051,74.53582,3.9752955,198.1115612559153,19.63172296946304,0
865401485983204864,114.60423742540542,21.557870074737615,-1.2255890189791325,0.023973253,-1.961180076715283,0.020160588,1.0508747,14.258432,0.3756216781088038,0.021683807,76.24647,6.52749,198.12546241678655,19.63539128891853,0
865401485983205504,114.5985872922101,21.56194812867883,-1.1460529542155773,0.047309443,-2.0126920167544116,0.03628058,0.7711735,15.800236,0.3916170953708069,0.04194317,,,198.1193388692724,19.63207778889339,0
865401485983208064,114.59340879990845,21.56294132621104,-1.3043238623760625,0.024128668,-2.1294334357773756,0.019453028,1.0228415,14.389463,0.3824826432158558,0.02313603,76.41225,8.130157,198.11642230833385,19.627999205313984,0
865401485983209216,114.59816808558087,21.555327302763327,-1.147780440435976,0.050053064,-2.0147388923581167,0.042326894,0.67429066,15.799651,0.3529061615013746,0.045584,,,198.1256849382511,19.629203740201415,0
865401516046407936,114.61404331262776,21.570713457708365,-1.2324215329517112,0.12944834,-2.023862459006375,0.10577935,1.0259342,17.770845,0.42569163023014,0.11188141,,,198.1165209862743,19.648703042183204,0
865401520342927744,114.61737851118725,21.57385000527739,-1.067389591002423,0.11122119,-2.1103745683329245,0.08986537,0.94070435,17.509523,0.4257346684211849,0.09780239,,,198.11468933481868,19.652762870220062,0
865401520342930560,114.60897567375675,21.577835689891977,-1.1734696508830538,0.023858273,-2.0486586547081163,0.01987887,0.07108307,13.663803,0.39647350881949867,0.021757092,,,198.1076252194536,19.647045669522598,0
865401520342932224,114.60548787711039,21.578537449378477,-1.2479247866081984,0.038175378,-2.0240348501599943,0.03348971,0.6642046,15.644437,0.40543599015569365,0.03469294,,,198.10562897577626,19.644311205642875,0
865401520342932480,114.60633354109655,21.57657519018367,-1.2244285906068981,0.040246706,-2.117274157198321,0.0343932,0.6494322,15.696073,0.4426151964662479,0.03595775,,,198.10787351836163,19.6442941382207,0
865401520342932736,114.60840529179902,21.574282310009455,-1.166166520299559,0.024194267,-1.983197874035581,0.020462483,0.6297579,14.366013,0.40327333951760536,0.021450251,,,198.11090229189492,19.64520649212495,0
865401520342933120,114.60485102749546,21.576809310026935,-1.2449386997924505,0.037502278,-2.045402471037731,0.03269618,0.6340256,15.524614,0.342324997914765,0.034047507,,,198.1070880226972,19.643107482394367,0
865401520342934400,114.60822662988463,21.57176891964961,-1.10780249024231,0.128959,-2.1061971008748386,0.11951599,1.2500019,17.926945,0.415283728435971,0.12779714,,,198.1133044242518,19.644098948447,0
865401520342935552,114.60690631159632,21.57086697787055,-1.203973020557229,0.06598222,-1.9383523459993692,0.05677597,0.765749,16.441616,0.44653408161326685,0.061167818,,,198.1136956806525,19.64262066645832,0
865401520342936832,114.60836501828123,21.567503502639568,-1.1435424945742616,0.026126781,-2.082294833277594,0.02040121,0.6039753,14.458782,0.367354981291323,0.021821998,,,198.11754643846373,19.642599223509222,0
865401550406140800,114.6287700504119,21.564734372477293,-1.105416309876292,0.087066956,-2.1370479395962296,0.07788442,0.92603683,17.21072,0.4232462947083388,0.08063736,,,198.12791371973458,19.659105349624564,0
865401550406151936,114.62441630429048,21.573680276950927,-1.3145436735425962,0.07972838,-2.1545491638453007,0.06974693,0.87236786,17.086168,0.4305805903205693,0.071950406,,,198.11749311968697,19.658753774038754,0
865401554701600384,114.62278118610568,21.574229071250823,-1.20425815022996,0.060916614,-2.0211876188618483,0.05272999,0.7102165,16.309008,0.43308684006059406,0.054900922,,,198.11634127735863,19.657555146277076,0
865401554702660608,114.63678733609413,21.571699407284164,-1.1920937144472723,0.027582591,-2.1057293819771283,0.025335766,0.5698576,14.6677065,0.37915399319411747,0.024040397,,,198.12407462096235,19.668646454348323,0
865401554702661120,114.62986391043754,21.57624193110563,-1.2693244524404812,0.040814076,-2.0533052045125375,0.03535347,0.6605711,15.725605,0.401677006013984,0.03753139,,,198.11701735472374,19.664412838589275,0
865401554702663168,114.63002698903536,21.567644137386466,-1.2224601727460631,0.026424415,-2.105015362495956,0.022662615,0.57729053,14.671156,0.37502216744432143,0.023993455,,,198.12552593322965,19.66129098685911,0
865401589062391680,114.64900363890106,21.58531852927294,-1.120683231661022,0.07599904,-1.9640489628962914,0.065856084,0.8645916,16.99981,0.4198381333645427,0.06877186,,,198.115268463937,19.68432370619381,0
865401589062391936,114.64803021336427,21.585797994767905,-1.1716573362179488,0.077796906,-2.0945201385531744,0.06736057,0.8585682,17.016293,0.3839203489050936,0.069663815,,,198.1144326796183,19.683668025931844,0
865401589062393088,114.64426710148808,21.58459269824421,-1.2216358420704934,0.025634201,-1.9821940872992714,0.021447869,0.58934784,14.602032,0.35552541935304455,0.02302589,,,198.11420756584658,19.67997312569256,0
865401619125252608,114.62235397273048,21.575265129285206,-1.294373529498683,0.020483118,-2.001244147741472,0.016733317,0.22592545,12.360076,0.4093796334093166,0.01821507,,,198.1151633020897,19.657580687709206,0
865401619125628800,114.61931986639458,21.574385872262656,-1.2196554359961163,0.09127998,-2.171393908020073,0.073993795,0.85027313,16.996006,0.4696943260817199,0.07706558,,,198.11489029702304,19.654636535440233,0
865401623421080448,114.61270162569377,21.581350094810222,-1.3552140811405275,0.15799703,-1.9454305709181128,0.14477864,1.2339516,18.273407,0.39634142928594185,0.15336058,,,198.1055686189409,19.651584883436257,0
865401623422139008,114.61463399255837,21.586335056264012,-1.2437966675404655,0.037680194,-2.0150406515284183,0.03303138,0.63305664,15.523746,0.3446634440107156,0.034404702,,,198.10139504217037,19.655138782106434,0
865401623422141696,114.61041872144895,21.582736779012414,-1.2972014481797594,0.021482768,-2.0327304781275277,0.018817624,0.63611794,14.298532,0.43314422574386086,0.020552564,,,198.10335098857848,19.6501469409726,0
865401623422142336,114.61313752226515,21.57924430358244,-1.163991734408793,0.045737807,-2.078728341930815,0.037833557,0.6758251,15.750881,0.3409627861428694,0.04248631,,,198.10780074076385,19.651160888299906,0
865401653484987776,114.62654569849836,21.59137382603431,-1.268307503339797,0.0290389,-2.012081287178945,0.026928995,0.5852814,14.911572,0.33220472489859754,0.026031105,,,198.10090632314328,19.66729842320673,0
865401657781870080,114.63846542065065,21.589243420826364,-1.2222049364326117,0.035015866,-1.9610085292499195,0.027679937,0.6640644,15.149413,0.40601079750881275,0.03104618,,,198.1074643440044,19.676745483535417,0
865401657781870336,114.62858357812058,21.597178235866796,-1.1779688222587512,0.024022618,-2.0379055015069696,0.02081327,0.59768486,14.558254,0.3547113664844024,0.021721698,,,198.09596615718002,19.671253334748233,0
865401687845101184,114.58715385603718,21.563413786331207,-1.365479438504781,0.06741565,-2.075484772517138,0.06159952,0.8004265,16.57668,0.3664127766303672,0.057755504,,,198.11361374106403,19.622796843530033,0
865401692141632256,114.59508516759581,21.573096757339894,-1.1898571304436627,0.043557495,-1.9680434565782547,0.03723324,0.6615,15.819698,0.4210179419214952,0.04018354,,,198.1070754180431,19.633296312828854,0
865401722204859264,114.59312625002069,21.584149462033178,-1.1760154501781983,0.07438116,-1.965670004836318,0.061974343,0.8265743,16.814877,0.3569559039668463,0.07013949,,,198.09548434079687,19.635805738788065,0
865401692141632384,114.59378029327654,21.574205599112084,-1.223801160047975,0.026051491,-1.9892623898825819,0.022093669,0.6031561,14.585704,0.39118648877880763,0.023988934,,,198.1054972322153,19.632594511202278,0
865401692141633664,114.58877107206936,21.575893914239295,-1.068516854852966,0.02656504,-2.158256236715364,0.022396518,0.5839195,14.748433,0.4054587790440984,0.024346843,,,198.10196170071373,19.628925637003153,0
865401692141633920,114.58675509399454,21.57733945635569,-1.1681807753061237,0.043864075,-2.0369192133660774,0.036505383,0.6238508,15.52566,0.39216049582759827,0.040504362,,,198.09978636279854,19.627739882843862,0
865401692141636096,114.58745789442027,21.57221038380564,-1.1314950630551242,0.07349575,-2.1118754606744847,0.06606631,0.79452324,16.783134,0.37828388064135277,0.06506944,,,198.10508767359056,19.626397684571213,0
865401692141637504,114.5877878671136,21.569391054430863,-1.2464858577020974,0.031122554,-2.0781424469689647,0.02691324,0.6381178,15.059529,0.35421673127385167,0.028529791,,,198.1079805316846,19.625611389623604,0
865401692141638528,114.58342037585433,21.572177466723794,-1.1260681252615647,0.081199065,-2.1551175898115855,0.07220438,0.87161446,17.039965,0.40229611994889614,0.07289478,,,198.1036068542969,19.62291150318785,0
865401692141639936,114.58493005646093,21.56708530760639,-1.1267851344297697,0.024178902,-2.076803342835122,0.020900007,0.5985031,14.511562,0.3832338176745821,0.021793649,,,198.10917412382906,19.62227733680833,0
865401722204854912,114.60068428562826,21.58639718628469,-1.3358440882809322,0.10646304,-1.977588998166966,0.09583559,1.1616764,17.635988,0.43965478087449567,0.09695788,,,198.09610798783999,19.643161011032646,0
865401039306618368,114.55594991245653,21.575919688714794,-1.099390631762522,0.03577486,-2.112926849656871,0.031214831,0.6243868,15.4454,0.41225828548511984,0.032300048,,,198.08963597432276,19.600698793699536,0
865401039307016448,114.5627662053671,21.583049497474082,-1.228704870650229,0.01892943,-2.0523084714436854,0.015607655,1.5954828,10.573787,0.3993711775136948,0.017740985,74.12815,0.22566198,198.0851886161479,19.609269609018757,0
865401073666361728,114.53477661969919,21.57862490316125,-1.2199448707812595,0.03371946,-2.0847607783672903,0.026978029,0.642004,15.2986145,0.31704212835773715,0.030300846,,,198.0790435922277,19.583511225285086,0
865401726501360512,114.60281304769295,21.584224317961308,-1.1409851359977996,0.035384744,-2.0445303013115304,0.031174535,0.6276598,15.49671,0.4176349448336747,0.03206733,,,198.09904011759852,19.644167925881465,0
865401726501361792,114.60260359639967,21.58234304411631,-1.1046859276244922,0.039077856,-2.0031886917389645,0.034013268,0.6515026,15.678765,0.46542789853020805,0.035453055,,,198.10080976855724,19.643273850235094,0
865401726501362560,114.60323292978707,21.580431512648225,-1.223232104154035,0.045709472,-1.9859972807860407,0.040354416,0.8042698,15.971231,0.3650078309042885,0.04135801,,,198.10292339985025,19.643089915131927,0
865401726501363840,114.59946494253012,21.58126022852543,-1.169541125743856,0.024045752,-2.1793974951735144,0.02083696,0.5893507,14.388493,0.4061321446723405,0.021897964,,,198.10069750366034,19.640162642362103,0
865401726501364096,114.60041694361101,21.58015380883692,-1.2239978747711304,0.051083263,-1.909093088267492,0.04431387,0.8261471,16.147089,0.40096578333871374,0.045114428,,,198.10214109483016,19.640561812436758,0
865401726501365504,114.59907502060321,21.578505547834272,-1.214451117168267,0.057755996,-2.1383478878471265,0.050398424,0.8415842,16.444864,0.41188871501486346,0.05208886,,,198.1032574345913,19.63878178422,0
865401726501368448,114.59216823667953,21.579930616140665,-1.365149552829164,0.09020838,-1.9366122891958923,0.07751069,1.0512486,17.171642,0.38478613719371446,0.08285108,,,198.09926956952918,19.633380438807478,0
865401726501368704,114.59075430181186,21.58005530286568,-1.1273021341445748,0.035317488,-2.195251985836987,0.031671975,0.59304714,15.108398,0.34307655299188,0.03259598,,,198.098617280211,19.632211309696917,0
865401760861110272,114.58356366361623,21.581223411784794,-1.223495393615577,0.06541122,-1.9671825475174414,0.05732913,0.7774658,16.670795,0.33234853736446734,0.05858198,,,198.09477548743104,19.626468393818534,0
865401760861112192,114.5775370780439,21.582695761836398,-1.1778612984449657,0.02163,-2.057717247584862,0.018003447,0.6758518,13.768371,0.3728237298106517,0.02022566,78.54175,4.733805,198.09107107421522,19.621842527019652,0
865401760861112960,114.57958647565988,21.579304869643558,-1.2597679779274542,0.019936228,-2.0894530911341826,0.01699474,0.55441475,14.030579,0.3793413201037051,0.018043004,76.4567,16.33875,198.09516956900393,19.62231855247459,0
865401760861117568,114.57160786289123,21.577989577100215,-1.1106959916955437,0.12826733,-2.097271278589107,0.11232723,1.1968651,17.67957,0.3060297194133682,0.11611818,,,198.09347145757573,19.61495517753261,0
865401790923940224,114.59148447773396,21.597456551898937,-1.277870840582587,0.016320296,-2.0577539125560307,0.013641951,1.169342,12.3292055,0.401785041371501,0.01540005,71.83156,1.5872085,198.08179717203168,19.63944292156844,0
865401795220837120,114.59360467142156,21.59336563529812,-1.2181227430823782,0.03322916,-2.104127216167211,0.027879657,0.5791149,15.180166,0.353371414566054,0.02996448,,,198.08661016451137,19.639714606602425,0
865401795220838784,114.59304075976003,21.59085423855204,-1.1409853380933435,0.041613158,-2.024849174159453,0.03540851,0.67015934,15.774781,0.41341722106760737,0.038051303,,,198.08886599555464,19.638276520424697,0
865401795220845568,114.57828212549006,21.592563081280055,-1.1400185357888568,0.034658052,-2.1024796345082746,0.029867446,0.5823345,14.905557,0.4046182905317862,0.032701366,,,198.0816582813697,19.626228506407184,0
865401795220895872,114.58048890674074,21.59235728670539,-1.3648768909720022,0.050735522,-2.0496654502597496,0.044082746,0.70552635,16.068136,0.3611515302731155,0.04496478,,,198.08268717927538,19.628048819425473,0
865401825283678848,114.61200026686558,21.596124364027865,-1.360039295480174,0.018910637,-1.9893849058479396,0.016342701,0.2972908,12.403625,0.4349785721653239,0.018023644,,,198.09079057990164,19.6565868166421,0
865401825284078976,114.60728880126554,21.595884700527453,-1.217925611756257,0.06306448,-2.083184901945706,0.054480836,0.77000237,16.565487,0.33433115450685036,0.059297133,,,198.08926131097056,19.652442645965678,0
865401825284477568,114.60724703878671,21.588613153237432,-1.0746958272185858,0.1846822,-1.9103998690678392,0.17448951,1.1948414,18.525497,0.3969877992264541,0.18118113,,,198.0963896191971,19.649647897223083,0
865401829579514752,114.60213154481515,21.589059477227373,-1.129788595379541,0.045176458,-2.0156591388010865,0.037954863,0.66510105,15.659857,0.3821132709967725,0.04325437,,,198.09403477079397,19.64541630627674,0
865401829580568320,114.61020906704273,21.59427635595686,-1.1679089044456896,0.03745657,-1.8965560737470835,0.032851864,0.6152754,15.440668,0.4153682558062189,0.034782305,,,198.09193531512634,19.654344770930436,0
865401859643819648,114.61525881624056,21.600571567907952,-1.2439981679688283,0.09349195,-2.0161802296694122,0.08341828,0.9405117,17.330593,0.41205466386299006,0.089475624,,,198.0876415395889,19.661077130220043,0
865401863940302336,114.61542819473152,21.605101441710904,-1.2444532854327395,0.031430494,-2.0338463485918625,0.0295484,0.5904064,15.035125,0.3878059418013608,0.028849805,,,198.08325410725152,19.662941074718216,0
865401894003557504,114.59824185229405,21.599249169864176,-1.2192845254831766,0.050245948,-2.087754669216484,0.04966986,0.80264854,15.98724,0.37455675625499263,0.048786994,,,198.0825672425744,19.645936191713297,0
865401894003559296,114.5889703823256,21.601189067575493,-1.1173626553420863,0.057356376,-2.1273483203889274,0.048697207,0.7477493,16.461102,0.391509024016691,0.051726937,,,198.07718875556327,19.638696385513647,0
865401898300044928,114.60367693097717,21.600749717068663,-1.1290900974502822,0.034673527,-1.9841874696649868,0.030240439,0.5981922,15.275086,0.3763249553073252,0.03112016,,,198.0831287467779,19.651181088162833,0
865401898300048128,114.59757618485209,21.595362691218856,-1.2474521466861501,0.02547016,-2.0234963737425486,0.02207599,0.6044359,14.56449,0.4072298878258239,0.023642858,,,198.08613602025562,19.64388897169863,0
865401898300110720,114.59661679074657,21.60624291364199,-1.2286122809556164,0.045338597,-1.9893855605637767,0.038294293,0.71458626,15.568152,0.4167927975040894,0.039805517,,,198.07508771135065,19.647191531266404,0
865401928363306880,114.60866693868935,21.61087764858071,-1.1745478197944363,0.12830678,-2.0408229241198343,0.11739427,0.97867775,17.964191,0.35112366355842833,0.12170108,,,198.07504672820815,19.659315589609502,0
865401932659777792,114.60917476688941,21.614783180374165,-1.2233015781564789,0.036716998,-2.0731420820189514,0.033711392,0.60808754,15.408339,0.39177966120429214,0.03258458,,,198.07139946312253,19.661233739561908,0
865401967019510656,114.64854537808232,21.59777298051018,-1.1903490310066778,0.06380793,-2.0112510307649534,0.052943572,0.90045357,16.537292,0.39287728913791975,0.05654985,,,198.1028573603244,19.688652669822133,0
865401967019510784,114.65478757407324,21.591838227463008,-1.3639833109831643,0.03138692,-2.040348676283191,0.028808715,0.5890465,15.044855,0.3620299890745946,0.027729904,,,198.1110275395233,19.691772687895963,0
865402035738987776,114.64167823262599,21.603826603870132,-1.235852689221105,0.027218169,-2.096889322215298,0.023379285,0.58515644,14.856485,0.36650970059731863,0.024597159,,,198.09433663186937,19.685040234818086,0
865402065801845760,114.65421443143828,21.61447104369835,-1.2262353864837663,0.0284561,-2.0432263885012905,0.027633773,0.5693455,14.704696,0.35960052781599056,0.025530603,,,198.08856865804157,19.699860972848835,0
865402070098719616,114.66015631711056,21.61321567034776,-1.2643825714366033,0.03230114,-2.031713799207359,0.031083249,0.5841379,15.124176,0.37824943367249547,0.029374823,,,198.0920269077534,19.70449685487277,0
865402070098720896,114.65883128636337,21.608692996523295,-1.2836663210432615,0.03414937,-1.9464002134221845,0.03144728,0.5933075,14.988887,0.3699075858953791,0.030624103,,,198.09597621762737,19.701642392736595,0
865402100162000896,114.67501325625626,21.613955886428045,-1.283693627640454,0.08392952,-2.132724417597233,0.0676597,0.9791126,16.9713,0.36647987761461087,0.07641597,,,198.09686072247345,19.717559042577342,0
865402100162002176,114.6692995373725,21.61334383308794,-1.283643812077886,0.070659265,-1.9513692973391068,0.07069951,0.80833244,16.671299,0.33390046755008,0.06756987,,,198.09532359737574,19.71241143447,0
865402168881060480,114.66729730289838,21.615228961304886,-1.2404789053468273,0.033028316,-2.1520210089710035,0.030300792,0.6046686,14.948268,0.37866294204218265,0.02963443,,,198.09272106363997,19.711403435244627,0
865402173177930624,114.67349441088234,21.621257201487,-1.2272024313246448,0.11875235,-2.0304354497798607,0.0964836,0.9999008,17.707853,0.4157422223466404,0.10798943,,,198.08911475825542,19.719019582089647,0
865402237600955136,114.63978269225035,21.614740722540674,-1.2915475638496146,0.06104673,-2.0960228779804235,0.053583946,0.7523451,16.370209,0.3640285523636521,0.056007445,,,198.0829009007366,19.687547910449823,0
865402241897416448,114.6372972673717,21.61355822881292,-1.2098320943739915,0.024214612,-2.0558144864910255,0.020973234,0.5810528,14.616877,0.4085954745919185,0.0224668,,,198.0831325256986,19.684961427165153,0
865402241897416576,114.63009615039394,21.62024413007699,-1.1634618740612483,0.058293514,-2.0517206027042043,0.05160161,0.75874233,16.414644,0.30957503437326106,0.052592944,,,198.07386605124992,19.681301729056965,0
865402241897417344,114.63588445470833,21.61076737173014,-1.2034404367607525,0.042004976,-2.079643938734577,0.036838654,0.85463715,15.81691,0.3935333581317634,0.038479887,,,198.08534628437752,19.68268779172273,0
865402241897417856,114.63005360928152,21.615082757897635,-1.169670622482848,0.028104462,-2.1845579110486004,0.023483323,0.6273508,14.7554035,0.3750395336234675,0.02534069,,,198.07892236056026,19.679308073138152,0
865402241897420416,114.6320487442125,21.603160151501925,-1.2652171979230311,0.030488713,-2.055127374527694,0.026381342,0.67241955,15.138594,0.46223839731044297,0.027431246,,,198.09138571141614,19.67650319255772,0
865402241897420544,114.62581183361321,21.607933080714435,-1.2635063857127502,0.06501815,-2.102116664155127,0.060382567,0.7723942,16.570177,0.3851901516264452,0.060987193,,,198.08436004664844,19.672947767125965,0
865402379336363136,114.64811458599777,21.634133389950527,-1.2378171725595108,0.02639317,-2.08490911160085,0.025461588,0.61146545,14.530247,0.39646210417917227,0.024166426,,,198.06695928033315,19.702066742822343,0
865402448055837440,114.64203262173787,21.651579175828466,-1.321420555077133,0.05171393,-2.0161857887108607,0.048810218,0.6919174,16.05706,0.4149314102514606,0.046821203,,,198.0475352258882,19.703446874693597,0
865402448055840896,114.64274867372885,21.634531037511916,-1.0766196674066453,0.05773057,-2.0346680210458428,0.05587601,0.74837875,16.362312,0.31328099723079017,0.054940872,,,198.06456035202032,19.69760171312995,0
865402516775355008,114.56406482909887,21.598307330617708,-1.207544502225737,0.060363144,-2.0787889657458547,0.048570182,0.7289734,16.32034,0.46179353158878156,0.052739818,,,198.0706898598299,19.616178301218397,0
865402546838589440,114.57092467983794,21.602183410230925,-1.1672480539905292,0.19050078,-1.9314961729485094,0.17412052,1.2216301,18.50476,0.4135546501131812,0.17569187,,,198.06945249613395,19.623550270110126,0
865402551135084032,114.58221259732146,21.598429390981174,-1.1976882169274277,0.024437774,-1.9804815160295082,0.020828564,0.5930538,14.547709,0.3994393405398646,0.021967968,,,198.07736835736577,19.631835898749753,0
865402551135085312,114.58066966403665,21.598091460307636,-1.2065238300961458,0.064420395,-2.0903486885594034,0.05651273,0.91254616,16.55213,0.37081727790160157,0.057889912,,,198.07712232663616,19.630380365737906,0
865402551135089152,114.57393050531125,21.597314926908233,-1.173819617386725,0.041478526,-2.020824612441892,0.036002662,0.6537008,15.780415,0.31992212363700434,0.037197825,,,198.0753605357719,19.62428838739883,0
865402585494833152,114.5511971667128,21.607466843429535,-1.2445706370367469,0.048349623,-1.9221970738227865,0.04167969,0.69909096,16.06485,0.36816062473512146,0.042112328,,,198.05687342451418,19.608586034772244,0
865402619854567424,114.56121541908618,21.606873973162756,-1.168858226523969,0.040601846,-2.0646580746147265,0.0348133,0.64119625,15.653956,0.35664466894811003,0.03597298,,,198.0612083912347,19.61697844332708,0
865402619854567680,114.55696099670388,21.610292895580518,-1.2503173216810093,0.01977221,-2.173894512000012,0.016836109,0.80454063,13.897891,0.39133453991513173,0.01761033,71.85868,6.67081,198.05625677867775,19.61461639967489,0
865402649917398400,114.59201229978093,21.612022144473727,-1.2406153237861093,0.015809348,-1.9741466167295627,0.013449743,1.1552362,12.275063,0.4013394756183856,0.014816372,73.65155,0.82030016,198.06768558214677,19.645423061778178,0
865402649919848576,114.59346519229902,21.6152439754244,-1.3025283536268966,0.07932537,-2.082003057747695,0.06909481,0.8508949,16.895514,0.3935862792980642,0.07136336,,,198.0650643565628,19.647895016980687,0
865402654214290816,114.58219124572298,21.614500484605,-1.2121049243782527,0.020395445,-2.049769488414926,0.016546179,1.063468,14.082767,0.40875585037905304,0.018384919,72.41252,5.6786113,198.06157301496023,19.637915251277498,0
865402684277559040,114.59331934396026,21.619556465124006,-1.2204259727611864,0.043355722,-2.0529827884499046,0.037280016,0.6476345,15.734124,0.4230069967583587,0.038304694,,,198.06077284026603,19.64940537132659,0
865402684277564928,114.59776789029752,21.62884411160081,-1.3286284731311104,0.068216376,-2.077474287917385,0.05899885,0.9564476,16.699455,0.44525689349920006,0.06234411,,,198.05331304379487,19.656754417924283,0
865402688574024704,114.5968198468713,21.618133588928686,-1.1882250546923558,0.019932536,-2.0435984773798173,0.017174967,0.662405,14.150158,0.39945777647982117,0.018008407,73.08235,4.7165985,198.0634814958384,19.65187674268977,0
865402752997041280,114.59016345630342,21.628431428296068,-1.1769328670489552,0.093001485,-1.9962226846364808,0.082276195,0.9405651,17.416136,0.4054670385929509,0.08301535,,,198.05087169534588,19.65005699868434,0
865402791653260288,114.55169395077681,21.6141538556664,-1.1213797317039718,0.026547957,-2.0002205009626968,0.020879496,0.59519196,14.495792,0.38828142273048144,0.022163045,,,198.0504918528971,19.61155119078075,0
865402860372744704,114.52574930930022,21.623201792265352,-1.2207987090932104,0.036220487,-2.121258005301793,0.030201068,0.6451702,15.4575,0.37549620302318587,0.033146296,,,198.03188869524004,19.592670134070577,0
865402860372745728,114.53032727713634,21.614892849802015,-1.103873313549383,0.050304383,-2.027761335109967,0.041620377,0.7169199,16.16737,0.4279354935326514,0.045202635,,,198.04176298101657,19.593453767028635,0
865402894732470912,114.54081103666698,21.6328751951478,-1.1099626694491427,0.06721231,-2.169743986963198,0.06023051,0.76280785,16.496498,0.4302348017249491,0.058789287,,,198.02802873852104,19.609295094200625,0
865402924795303040,114.56455184849337,21.63376053529533,-1.1561510178968304,0.014479889,-1.9602474602197806,0.012208004,1.166132,12.394622,0.4099369860535317,0.012851105,73.79625,0.56381476,198.03604784623874,19.630049596854445,0
865402924795738880,114.55785419195989,21.633960111080675,-1.1012166273129596,0.0522876,-2.117177551395792,0.044550225,0.6968136,15.997833,0.3696292867318589,0.045721028,,,198.0333442751333,19.62436482533693,0
865402929092198656,114.55781230704122,21.63371134436132,-1.0913556542955916,0.059279133,-2.0784256353012016,0.051187675,,16.29645,0.33549140920299403,0.05153968,,,198.03357295755504,19.624234426475148,0
865402929092198784,114.5636767565021,21.628062601597126,-1.1127398139626037,0.05186394,-2.0437427257052128,0.045043074,0.7186842,16.16079,0.3461020136996164,0.04588114,,,198.04131746950065,19.62713535850147,0
865402929092200192,114.56365004303997,21.626820694236283,-1.184420013747739,0.07360392,-2.029042212180613,0.06450457,0.83512306,16.906624,0.38654630317331035,0.0656482,,,198.0425274082164,19.626641224379913,0
865402959155487104,114.57867341676447,21.648539431951296,-1.208002235519327,0.045485973,-2.0190863687419016,0.038302116,0.69791603,15.99378,0.4268360087184068,0.04008842,,,198.02681454915736,19.647800322906193,0
865402963451931008,114.57572774059727,21.64002004829452,-1.2813343653402813,0.060755707,-1.9977041697389466,0.0518301,0.7999687,16.585346,0.38753202529116804,0.053962737,,,198.03408219060103,19.64203598555117,0
865403066531138944,114.6135544857025,21.62971862723938,-1.3312291367820772,0.038408488,-2.055944677909138,0.033352017,0.6447325,15.670279,0.4028109419458024,0.034741685,,,198.05836324198197,19.670665017891174,0
865403100889782272,114.61388134826801,21.642236783465197,-1.204372324752567,0.083553955,-1.9994576246274178,0.07220753,0.8972397,17.150787,0.32124759266358566,0.07616334,,,198.04618397326846,19.67569230841031,0
865403100890872576,114.62209487060579,21.639947352774154,-1.165821794038598,0.047102265,-2.042991135528063,0.04241333,0.69849586,15.913206,0.40895306702750606,0.042285148,,,198.0515076830808,19.681889096380388,0
865403100890872960,114.61875041886933,21.641017298819445,-1.1986111944197266,0.041513164,-2.024579915300253,0.037438225,0.6722555,15.788818,0.3720144845408082,0.036765262,,,198.04920457423782,19.67941801652794,0
865403100890875008,114.61235717678767,21.64011966213089,-1.2970625626341017,0.01582394,-1.9505842522551224,0.013274133,1.1956453,12.128442,0.3990378448144114,0.014742223,73.55265,0.6408508,198.04769410667075,19.673578700391122,0
865403169610351104,114.60645967165209,21.647256918122412,-1.1818227682387583,0.10899613,-2.183095021574819,0.096780024,1.0125103,17.70001,0.38451794475484224,0.09743684,,,198.0384732552684,19.671212060633845,0
865403199673657088,114.62959264474776,21.650563355135723,-1.2017312868687675,0.03369695,-2.0783189711136774,0.031157028,0.581563,14.973527,0.3822216350842037,0.0302594,,,198.04387954714392,19.692362054655202,0
865403203970082560,114.63990159717174,21.650500221455875,-1.1608812047081116,0.03553296,-2.142667120970315,0.033526704,0.6204071,15.345281,0.3897133888576091,0.032673024,,,198.047798538569,19.70120505168144,0
865403238329817984,114.64119390889022,21.66180435250541,-1.2127875639957857,0.088217326,-2.100642506432873,0.084543765,0.98444176,17.147518,0.4457814058804193,0.08046632,,,198.03717021112314,19.706600022167613,0
865403238329818624,114.64470700367694,21.65634906132448,-1.239441480087303,0.03077985,-2.0832035662466954,0.029326202,0.5957432,14.940377,0.35273625901460687,0.027079107,,,198.04384693899752,19.70755460311279,0
865403307049295104,114.62918231163219,21.672454693267547,-1.1511247471063013,0.07485562,-2.1305013664072456,0.071457595,0.8127556,16.650677,0.40966847174412757,0.06739655,,,198.02220841752847,19.700304701828298,0
865403341409047808,114.58493764284232,21.64847981185371,-1.194123566855082,0.032624457,-1.9988093966317595,0.0281448,0.61232376,15.220323,0.36133057385194406,0.028552782,,,198.0292174990199,19.65316524765909,0
865403444488255232,114.59142911065905,21.67426287382445,-1.2293236102334384,0.045077454,-2.0355884468549625,0.03896058,0.6946745,15.968322,0.411808974211405,0.03975578,,,198.0063107641893,19.668522445321454,0
865402310616895488,114.62292800566243,21.61629965250394,-1.0866089168039859,0.07604004,-2.0650392507026973,0.06735802,0.85261726,16.970675,0.45625771759643907,0.06958544,,,198.07505874495067,19.673639768077862,0
865402344976630400,114.62502298483449,21.629204251303445,-1.2089378200725707,0.029508905,-2.0382194926016157,0.026053287,0.5923033,15.056445,0.4056314759322605,0.02643393,,,198.06316150456075,19.680334944357313,0
865403886868352512,114.75860408976716,21.566373268214623,-1.278138679554472,0.053968523,-2.0030355292164685,0.0461929,0.72463703,16.206715,0.4503255345110254,0.047823142,,,198.1749411808495,19.77145403445144,0
865403886868358272,114.75634158047463,21.575298376367375,-1.242995555869788,0.08128039,-2.0395124971193277,0.07018266,0.87225914,17.063606,0.40331186309254946,0.07836525,,,198.1653169751945,19.772888864903184,0
865403994244052864,114.76908703623488,21.589390879099323,-1.217634600646607,0.045014422,-2.083333940819539,0.039927088,0.6562309,15.749679,0.418202997792842,0.041509014,,,198.15622868856758,19.789196180711535,0
865403994244053504,114.75663318821732,21.59603082496252,-1.1614710262156256,0.046065636,-2.0472861667558244,0.04105407,0.65916157,15.780077,0.41662356808409806,0.04182625,,,198.14503650829485,19.78099434469059,0
865404543999857664,114.80846888939834,21.624842459787736,-1.2577955041563968,0.05930689,-2.1235881504314,0.04920325,0.7631407,16.44804,0.4212700055144177,0.056241315,,,198.1360866111632,19.836507322268815,0
865404711502096384,114.73846639702074,21.59415002707089,-1.2246686815154133,0.07578618,-2.1032358495235783,0.065611094,0.85894585,16.97394,0.38359033258613684,0.07148064,,,198.14008608294182,19.764649242300237,0
865405059395946112,114.71202914727759,21.61766896694179,-1.2876576584237394,0.06619508,-2.0226678218909795,0.05826336,0.8459301,16.692987,0.36258941585045734,0.0667137,,,198.10706403483024,19.75081240041099,0
865405334273841536,114.77358745801244,21.645034131343753,-1.2301850316975556,0.02984141,-2.0392491559070502,0.026776953,0.36464596,14.623383,0.46662174593160405,0.027517535,,,198.10317517647022,19.814136487183738,0
865405540432272512,114.75422851653136,21.651675845658172,-1.2552341992460083,0.047040667,-1.903020903294916,0.042481635,0.6874399,15.936213,0.46347796034013944,0.043871354,,,198.0894024759436,19.79999540365092,0
865405746590696832,114.77152083088902,21.684807634713465,-1.1779210945260594,0.030685315,-2.1161977138365824,0.026158359,0.5644064,14.739374,0.4326337682635476,0.029637506,,,198.06326763662494,19.82740745364178,0
865408220491867776,114.71371503202133,21.66461964808153,-1.1684318052411875,0.1634026,-1.9494832316351536,0.14855233,1.1633167,18.365969,0.39314729607258614,0.15857024,,,198.06152247849172,19.77004409475178,0
865408289211354752,114.66641266494342,21.653611093149454,-1.1653746224278008,0.09749879,-2.1421517072716845,0.09303597,0.91331863,17.27765,0.38225636694080123,0.091405794,,,198.05465791039404,19.72518699789219,0
865408357930828160,114.66791649453702,21.667783541776167,-1.2193971917835884,0.03202653,-2.1115218475354225,0.029436832,0.59630585,15.047278,0.37219567461501313,0.029887278,,,198.04128614188988,19.731848988435413,0
865408632808724608,114.73734639791641,21.68247524957404,-1.231737017837991,0.02729121,-2.055018007886577,0.025489563,0.56907654,14.7789345,0.39601086385769035,0.025340615,,,198.05279217793586,19.79712930220563,0
865408942046368384,114.72261867932232,21.70756524073075,-1.3109518618694387,0.124791875,-2.115067482891594,0.1231754,0.9139061,17.69254,0.42548491193765653,0.1154419,,,198.02260593658428,19.793955438219687,0
865409113845074432,114.65146430101979,21.671571651354775,-1.1519379271538979,0.034224343,-1.9470820554929211,0.029541995,0.5957613,15.28326,0.40627802458961315,0.03271517,,,198.03140938246577,19.719133631265688,0
865409216924283392,114.65641241230864,21.699543440329883,-1.2611552380647972,0.06705101,-2.0122579572238894,0.05923075,0.8140602,16.795895,0.42167236086952753,0.06634498,,,198.00575702599107,19.733982459128217,0
865409216924285312,114.65575282601417,21.692440953332817,-1.1438888645016085,0.06645113,-2.1744615604080644,0.057940666,0.8183937,16.794569,0.361503033497892,0.061825357,,,198.01249419765546,19.730725855121737,0
865409418786332800,114.63811748037004,21.699755163498697,-1.3445478700979385,0.07064341,-2.047067279748197,0.05279781,0.75509644,16.530436,0.34933352677449125,0.06757112,,,197.99871079824555,19.71833000559271,0
865409216924286080,114.64939517600374,21.693841908285428,-1.2068636702456168,0.06447263,-2.128156797075992,0.0564821,0.8244133,16.723442,0.33987924147186765,0.059801973,,,198.00874021358754,19.72578893222285,0
865409285643757056,114.67887678173024,21.703928310205487,-1.230332724620828,0.03906027,-2.029644991641526,0.035629496,0.6352844,15.546466,0.3977189255661584,0.034814954,,,198.00984028394595,19.75496108028073,0
865409869759301760,114.70914310213938,21.736880953707637,-1.2948206523843289,0.046066843,-2.04653550382957,0.04223087,0.6701422,15.818995,0.39544001691747327,0.042615917,,,197.9887317226442,19.793456459028068,0
865412412380044928,114.42621972224474,21.553345087564086,-1.1495947578626142,0.12588729,-2.139830721631937,0.107108,1.0393791,17.709644,0.3485314767773993,0.114798725,,,198.06314452926387,19.480521265406434,0
865412824696900736,114.4339710322268,21.586934043905398,-1.266874692732191,0.047898702,-2.0230921215196553,0.03728765,0.66578007,15.809185,0.3722486651025732,0.044804685,,,198.0330970539153,19.499959230774405,0
865413305733227520,114.44739177333484,21.620367475376185,-1.2273847854636495,0.050291684,-1.9693935975379118,0.039418574,0.6909714,16.005648,0.36341188604400976,0.04469523,,,198.0053176342691,19.524205638468747,0
865413438875693824,114.46703472461367,21.65191400349073,-1.16259269536295,0.060116228,-2.163710946842198,0.048461143,0.7403698,16.390736,0.39808972231828227,0.059889223,,,197.9817087709781,19.55307672236028,0
865414199086418816,114.45461457234693,21.652806371546387,-1.217062646164886,0.081533834,-2.136984600070094,0.06345496,0.7830906,16.592154,0.32448729535796567,0.07300183,,,197.97618202390632,19.542736029947005,0
865414233446147968,114.4749124827728,21.663045843501912,-1.1918526522837236,0.024177669,-1.9883469606176363,0.019953411,0.59619427,14.573106,0.402497741031634,0.023315258,,,197.97372883432053,19.564075882820184,0
865414508324059392,114.44279532661038,21.680487849753316,-1.143625524729847,0.08813754,-1.9876335367707725,0.074767195,0.8932266,17.176624,0.3743674860831965,0.08445521,,,197.94458248612065,19.543082720422845,0
865414645762994176,114.52735762996691,21.642787789212242,-1.3276783957342853,0.069658436,-2.0059911728676862,0.057753384,0.75782585,16.615622,0.40609139398412397,0.061246198,,,198.0132559332806,19.601486186083637,0
865414675826268672,114.51516541222563,21.645912173456956,-1.1955278738042447,0.073106706,-2.080183631036386,0.061179765,0.8126812,16.754074,0.3329928407172819,0.064571306,,,198.00562284742804,19.592186778925075,0
865414680122739456,114.51631373587706,21.639326541123435,-1.2673734983604819,0.05537283,-2.0789950545598948,0.04466052,0.745698,16.284687,0.37923692079637566,0.04927094,,,198.01252020834943,19.59067512540089,0
865414778905497472,114.5518019649665,21.66402268165043,-1.2925410154612405,0.08173681,-2.0587374706545476,0.06824962,0.83546257,16.970648,0.3794335218384221,0.07476939,,,198.00154696903397,19.630562678015803,0
865414817561670272,114.5416955128386,21.663230098510237,-1.235257776841191,0.033414498,-2.044321171691294,0.027845912,0.5943508,15.218621,0.3317559770401256,0.02938199,,,197.99854366016353,19.621571186564093,0
865414817561673856,114.5252033598531,21.665388641815706,-1.208936858186716,0.02489638,-2.0615414012800004,0.019990357,1.0420322,14.33491,0.38173488347775064,0.023054015,75.352844,5.782781,197.99025155668338,19.608208112958973,0
865414851921406592,114.54720688370232,21.666780860346552,-1.1659865421049755,0.053618733,-2.124122258626358,0.044007476,0.7036066,16.099184,0.39924264235591195,0.046846814,,,197.997117927949,19.627657216294608,0
865414886281175040,114.49851799150623,21.64430716672584,-1.0769131037136155,0.12023446,-2.101299204529509,0.09969874,0.9587631,17.604746,0.41690447925871854,0.10543607,,,198.00096597517074,19.577261731790383,0
865414920640958592,114.51001823749343,21.66778971766099,-1.364927259762592,0.060354255,-1.9536032808485642,0.0478325,0.73741627,16.243494,0.4377567669960958,0.051008176,,,197.9822103758406,19.59606158302201,0
865414989360370944,114.50692821259882,21.67479225665545,-1.1983709702090026,0.040639848,-2.1338602270982774,0.032826506,0.6201353,15.526493,0.34705220697769323,0.036769256,,,197.97417659422223,19.59606115424707,0
865415264238253568,114.57392065656677,21.691665269522375,-1.2645042768404617,0.042240627,-2.032082499840744,0.03488274,0.67330647,15.708656,0.40553137596114186,0.0371545,,,197.98266112516234,19.660062398170105,0
865415298597990272,114.58622973718211,21.689857969363015,-1.220666582769383,0.049346812,-2.1271911470019123,0.040734436,0.69848347,16.008146,0.33671792182836446,0.04368931,,,197.98904024973336,19.66996178622488,0
865415539116162688,114.54578569635162,21.708649293494993,-1.2400058127023195,0.069328904,-2.0096086746662056,0.060511325,0.8025532,16.71141,0.4116902875007212,0.06677673,,,197.95545176862214,19.642308741719244,0
865415642195374336,114.54952275877214,21.72277551926656,-1.19619118449619,0.026304413,-2.0130968175083193,0.023020979,0.57624626,14.7630005,0.3682120820484944,0.025362244,,,197.94296826713892,19.650875095790138,0
865415642195374464,114.5498328366082,21.72182768593254,-1.1563604092013144,0.037669625,-2.077448057349415,0.03272813,0.6207056,15.34976,0.35792102367834167,0.03755806,,,197.94401556524946,19.65078250854002,0
865415985792801536,114.4485208931964,21.695497988604124,-1.2451440361984574,0.062336747,-2.0920603747623847,0.05171505,0.7618675,16.531712,0.34138048528696546,0.058505774,,,197.93198862872217,19.55370163876387,0
865416432469352576,114.55098849347688,21.74086810138876,-1.210706445386292,0.04877575,-2.0278821043054047,0.041733395,0.7095003,16.124363,0.3847971894977889,0.04686532,,,197.92573641006547,19.658990036583873,0
865421307255323776,114.6099024817338,21.73300597183453,-1.203099218759989,0.027990168,-2.005187185903794,0.02198235,0.5852976,14.647121,0.3201626896703506,0.025266647,,,197.95547658041508,19.706660598853585,0
865421311552192384,114.60321534961757,21.733000424693113,-1.1746377530324439,0.055648595,-2.055485587727787,0.049026147,0.7095089,16.105198,0.35564327933570533,0.051139276,,,197.95298364948894,19.700909222504134,0
865422445423554944,114.5842318529051,21.76987296976013,-1.0996981696752774,0.047541585,-2.071240441311134,0.04497338,0.68347263,15.953474,0.4188793923082503,0.046845738,,,197.90964386400535,19.6985498825741,0
