source_id,ra,dec,pmra,pmra_error,pmdec,pmdec_error,bp_rp,phot_g_mean_mag,parallax,parallax_error,radial_velocity,radial_velocity_error,l,b,ruwe,phot_g_n_obs,phot_bp_n_obs,phot_rp_n_obs,labels,prob,rs
2942682794020376576,93.61353616085768,-18.71037282295138,-0.6052262500910212,0.034997184,1.9823775846515792,0.041647743,0.5439739,16.032818,0.2264510706933292,0.040816724,,,225.94796267732497,-16.362422716787737,1.0690072,405,45,46,0,1.0,0.04037304543618625
2942683000178795392,93.6499923209557,-18.692899591010644,-0.5163551260305604,0.022881037,1.9285436221026093,0.028909424,0.675889,15.191469,0.23954706701696593,0.027537577,,,225.94577382383764,-16.323779297421055,1.0523428,402,44,43,0,1.0,0.06509633831136173
2942683000178796928,93.64322009890309,-18.693046861944662,-0.6275649692468195,0.043875135,1.9803121997026119,0.057143044,0.6455803,16.672173,0.2036162138778549,0.055210575,,,225.9432238161195,-16.329710995546527,1.0010109,419,39,39,0,1.0,0.05762098583571297
2942683412495645312,93.64561853721136,-18.65430888273312,-0.529861449901774,0.0575821,1.923514680648834,0.076155014,0.745924,17.206861,0.17866502761341782,0.07685654,,,225.90722764437618,-16.31203635071033,1.02032,416,42,43,0,1.0,0.05561013448553846
2942686917188978304,93.53892953849079,-18.64190963501338,-0.5869342663021826,0.034397125,1.9138769933024848,0.044832464,0.5926008,16.343407,0.15092270445493758,0.041938756,,,225.85299398130195,-16.399583184840854,0.98054564,426,48,47,0,1.0,0.04199409533088285
2942688944413517056,93.69113531855656,-18.667468265407,-0.5626885203326489,0.03409499,1.982772728164866,0.042732522,0.5830736,16.176,0.23269952554301832,0.040846348,,,225.93786988631032,-16.277863053555443,1.0474936,437,48,48,0,1.0,0.031333883421004204
2942689631608909568,93.75623553065799,-18.607526005050733,-0.5699147701457162,0.04490161,1.942940264321972,0.055299282,0.7694988,16.74987,0.2538321914311722,0.052877262,,,225.9066227876611,-16.19725141448502,1.0025599,482,51,49,0,1.0,0.013049822109725238
2942689734687465856,93.76204368455096,-18.598620785642083,-0.5769147824323383,0.05666335,1.9904878924535465,0.07247783,0.7704544,17.182999,0.27906834395421437,0.06901742,,,225.90044854957347,-16.188623091064322,1.0370538,436,45,43,0,1.0,0.03605426073671488
2942689837766694784,93.70223132747518,-18.603741831938766,-0.542786783633523,0.03905672,1.9453263103137197,0.05177035,0.63529587,16.574165,0.2196332185040823,0.049005255,,,225.88152735834055,-16.242564231004025,0.99904823,454,48,48,0,1.0,0.034516349639959504
2942689906486161280,93.74020492319826,-18.594996860346264,-0.5873297996023886,0.018393887,1.9619636569581302,0.024889844,1.105196,15.029463,0.22499306262322744,0.023074364,,,225.8883035602291,-16.20610268538924,0.9586175,466,51,50,0,1.0,0.013534173220040207
2942690078284875648,93.65845534571827,-18.61764214074605,-0.5623462558526094,0.0111971935,1.905196753062165,0.014693384,1.1702213,13.763341,0.21689029364234688,0.013936762,89.66244,2.8954744,225.87736514157555,-16.286135036969604,1.100404,467,47,46,0,1.0,0.051125038702723856
2942690284443296512,93.67005604497064,-18.58539094830225,-0.568957860689352,0.020017717,1.9399533651492256,0.025082182,0.63767624,15.111763,0.20808365494123535,0.024043316,,,225.85123108237562,-16.263077023387076,1.0220834,450,50,46,0,1.0,0.016144541483248783
2942690658102304384,93.67785514675035,-18.579880320786827,-0.6107727722013704,0.019187722,1.9961185924469738,0.02476465,0.63024426,15.111596,0.24139984773501,0.023180848,,,225.84908151905432,-16.25409050155564,0.95574075,483,52,46,0,1.0,0.05422731327640354
2942690593680939648,93.69177831012024,-18.597082800954826,-0.550228631426241,0.029662218,1.9385838159380233,0.03952249,0.5491276,16.079044,0.2001379878013872,0.037725367,,,225.87102055879055,-16.24894691489756,1.0004561,453,44,46,0,1.0,0.030326197818620622
2942690696760149760,93.68653312395355,-18.573492181689115,-0.5817591823649464,0.058768023,1.9926945140540393,0.07903168,0.78300667,17.27555,0.2815261187088971,0.07367003,,,225.84644603355687,-16.243987493385248,0.99503887,426,45,45,0,1.0,0.03867085069821024
2942690731119884416,93.71239555407773,-18.57918268129368,-0.5997116470015336,0.02394143,1.901044573876633,0.03410922,0.578784,15.616073,0.1998028273136943,0.03103747,,,225.86216390837433,-16.223847400892076,1.0348421,458,50,50,0,1.0,0.05839531827401336
2942691139138624640,93.78709927748736,-18.593423744129986,-0.6050827211621388,0.07290821,1.8894336035147565,0.092839465,0.7977333,17.624512,0.24960135368859818,0.08928374,,,225.90546992347493,-16.164796767146914,0.9834319,441,44,46,0,1.0,0.07118696146475606
2942691246515944832,93.77082562571024,-18.572001041618673,-0.6096810221406334,0.048655592,1.9027353206260096,0.065365836,0.7028656,16.97843,0.2567492747556391,0.061747577,,,225.87858169942092,-16.17026917666216,1.0402665,450,49,44,0,1.0,0.06166791840629188
2942691280875677184,93.80258811309315,-18.57570994135304,-0.5761743351543701,0.04486099,1.939316085541629,0.05769715,0.6629505,16.831482,0.1305607362223025,0.055344306,,,225.89476205079035,-16.144216860586138,0.9865185,474,50,50,0,1.0,0.015127585692226213
2942691727552263424,93.83282891278098,-18.550380856699366,-0.5716273515766649,0.022747561,1.9690376593789838,0.029838895,0.56325054,15.491828,0.22313006869809196,0.027910525,,,225.8826831308883,-16.107764937306875,1.01594,469,50,51,0,1.0,0.015257638272257588
2942691761912003072,93.81071723850425,-18.537782259528658,-0.5567104291456679,0.030905003,1.9072533067342623,0.039554436,0.5798521,16.199512,0.17627524766859926,0.038195312,,,225.8618760625382,-16.12185811568457,1.0353506,498,58,54,0,1.0,0.05100957177642345
2942691761912004608,93.80777614408844,-18.54019355408531,-0.5712728088280995,0.022245878,1.9864208704079231,0.028190842,0.56202793,15.516476,0.2006523159942566,0.02717754,,,225.86300070767467,-16.125382693396727,1.0075809,478,52,51,0,1.0,0.03233642237562543
2942691864991206656,93.85907006216202,-18.529521883441657,-0.5734086081437351,0.010804685,1.9604687187597871,0.014941156,1.1911936,13.61525,0.20148439006097763,0.01344194,92.090225,1.6897491,225.87327833770254,-16.076581265102575,1.0517781,459,49,47,0,1.0,0.006589902150745077
2942691998132189952,93.81779289004363,-18.521939075655123,-0.6324193986716309,0.035889138,1.9321174898462172,0.04534902,0.61678314,16.40709,0.19087730194006186,0.044084646,,,225.84960815173343,-16.10932379268955,1.0352783,458,50,48,0,1.0,0.06060427140225084
2942692002430167168,93.82116596741963,-18.525540785350692,-0.5585385836360486,0.010209502,1.921174843598799,0.013696381,1.189332,13.504754,0.20017925329063685,0.0124139935,92.81337,1.5742359,225.85438206523702,-16.10785212142001,1.0437413,484,52,54,0,1.0,0.03760851489912043
2942692066851680000,93.79851148716602,-18.51453761530605,-0.5259759721222043,0.06289263,2.0063750640141818,0.080706455,0.77563095,17.492958,0.16815546379382837,0.081258364,,,225.83487567031403,-16.123061705390562,1.0598977,447,45,46,0,1.0,0.07215984975202429
2942692204290670208,93.81600440620035,-18.496493109824044,-0.626291487522006,0.031068929,1.947993176053963,0.037617266,0.63987064,15.90407,0.12625637000144913,0.03672881,,,225.82466566578915,-16.100599210226424,1.0555018,444,46,45,0,1.0,0.050626776797137986
2942692277308094848,93.74054828616795,-18.544775588299622,-0.5736332188024885,0.02882671,1.9750473914646516,0.03735611,0.55741215,15.963387,0.22292606709686638,0.036527865,,,225.84058592052497,-16.185549079914768,0.9971423,462,49,46,0,1.0,0.02074848422081323
2942692449106782592,93.74299499446995,-18.53025349120987,-0.5947443409506308,0.028193457,1.9672384911124419,0.037167493,0.5696497,15.982639,0.2247753671531038,0.03534236,,,225.82772476596585,-16.177567250746076,1.0229734,471,51,45,0,1.0,0.022631265573576462
2942692582247472000,93.70613230288794,-18.520751210228756,-0.565433643481908,0.010528573,1.937961155021667,0.01353934,1.5322914,11.809006,0.2266295997763521,0.012717827,91.98486,0.22828102,225.80398645126624,-16.205714788214106,1.2193362,453,47,46,0,1.0,0.019620149986859618
2942693033222310400,93.79533776074162,-18.474241505583738,-0.5192879259543781,0.040546894,1.903564486681069,0.051169124,0.7345371,16.621572,0.1334065440741073,0.049263224,,,225.79523832494317,-16.109542124259487,0.97039443,451,48,43,0,1.0,0.07624756774527665
2942695227947688192,93.6259644042761,-18.46981625331045,-0.543845413756354,0.0703884,1.90698273032335,0.089899845,0.78751564,17.63302,0.19762336503847175,0.08506587,,,225.72350268914045,-16.25473413322622,0.9747942,449,47,46,0,1.0,0.05737076952256657
2942695541483243008,93.68488246002674,-18.513812075909165,-0.5502325650659764,0.057874262,1.918079732532704,0.07420984,0.7146721,17.226904,0.18502079812107128,0.07095901,,,225.78890882501716,-16.221352900815194,1.0042082,404,43,43,0,1.0,0.044612365928304774
2942695575842974464,93.70983825809911,-18.50700835219115,-0.6024601203986388,0.042229597,1.9743062852237834,0.051681273,0.64948845,16.66697,0.23828269475493716,0.04894399,,,225.79236821497753,-16.196954633390007,1.0303185,464,49,52,0,1.0,0.033024075349866684
2942695605904740352,93.67468134476627,-18.50742655134209,-0.5366191682980276,0.03399284,1.9875059346141626,0.043858714,0.6738863,16.251617,0.2237692010610997,0.04006746,,,225.77875960885385,-16.227628523400735,0.94817424,426,47,46,0,1.0,0.05147890046315766
2942696980294408320,93.61533027886456,-18.44146356701163,-0.5963814793027529,0.08591158,1.9549010664114777,0.10798066,0.8148289,17.823715,0.29466273036479246,0.10060307,,,225.69224070894305,-16.252525967614066,1.0734794,423,44,41,0,1.0,0.020309347799972028
2942717527417977472,93.95723007229297,-18.436369294557196,-0.5951643461217004,0.029681748,1.950119640460544,0.03413743,0.5776701,15.793639,0.19107924293457132,0.035046685,,,225.82379036638963,-15.953773456495991,1.1181927,446,47,42,0,1.0,0.01957064819229441
2942718425068899840,93.97504028167621,-18.36823592692226,-0.6101850161296862,0.030954022,1.9646212941801349,0.03577998,0.5711298,15.967928,0.1552331298886625,0.03636939,,,225.76611326970743,-15.910741318545167,0.9930656,407,45,42,0,1.0,0.035593922838788206
2942718631227350016,93.90723209012494,-18.391238878878635,-0.55460616301795,0.024226105,1.9534875299230496,0.028142897,0.6446152,15.412047,0.20469614325971938,0.029579423,,,225.7608987211874,-15.978894139164874,1.0423186,414,45,40,0,1.0,0.021492391555041117
2942722479518028288,93.90618825008733,-18.316691258862853,-0.545001972559976,0.02001388,1.9287660884626356,0.02365275,0.65271664,15.229296,0.19643722648210502,0.023581028,,,225.68957999879194,-15.949624178384317,0.9392856,478,47,46,0,1.0,0.040311259102012664
2941870701604144640,94.1843231352829,-18.874231971721482,-0.538331545502307,0.061818827,1.9859197293588762,0.06984116,0.7445164,17.43743,0.2293931009490408,0.07347829,,,226.33075825097376,-15.933889256917816,1.0055633,470,49,50,0,1.0,0.049147767404929724
2941908256798289408,93.8697714124093,-19.000468358821767,-0.5549645557088267,0.012088875,1.956081716378794,0.016265867,1.1687603,13.570374,0.22368289553954065,0.01364907,91.180565,2.3088887,226.32630358040737,-16.257059694989138,1.0119734,435,49,50,0,1.0,0.021176207191928934
2941909253230674688,93.9905330327511,-18.987175428435982,-0.5995439615423478,0.03597648,2.017359780416522,0.047262054,0.5892315,16.328047,0.15548094878340804,0.045880467,,,226.3614514077984,-16.147168425837997,1.0225602,446,49,47,0,1.0,0.06715028405402257
2941912822344421248,93.88833742695005,-18.96562416502654,-0.6466631877353074,0.08927442,1.9803804552866913,0.11687816,0.8125286,17.94098,0.31019199044082263,0.111060396,,,226.30042496808798,-16.2269759888107,1.0090085,426,45,45,0,1.0,0.07520041161427894
2941912964082443136,93.83801464083427,-18.96553856892601,-0.6189765182856721,0.03905998,1.9818072891643688,0.0475044,0.554842,16.116327,0.23548478064574657,0.042018022,,,226.28041278128782,-16.270516482539207,0.9275033,399,49,47,0,1.0,0.050883478947434245
2941913891795371264,93.8241567120578,-18.91976587686029,-0.5743884337683919,0.08084838,1.8823627580431908,0.106178336,0.7666893,17.665676,0.28973466709053963,0.099111125,,,226.23126501979706,-16.264115044301413,1.0142891,356,40,38,0,1.0,0.07210038422933135
2941913994874582912,93.83980936874568,-18.91576654085994,-0.5404687187289857,0.03372168,1.9144937951283902,0.043420617,0.5621748,16.023706,0.17986651013057675,0.03944431,,,226.23365367277637,-16.248949668369843,1.0694722,401,39,43,0,1.0,0.053515773942334116
2941914647709600384,93.85561554353518,-18.882596376688582,-0.5068383895376922,0.036704298,1.9355362661001811,0.047051284,0.5660553,16.203302,0.2481393223627156,0.042412993,,,226.20829040789633,-16.221914995580413,1.0379596,387,42,36,0,1.0,0.07177397510477358
2941914746489860224,93.8691777388533,-18.875938031882793,-0.5976229835771908,0.02313101,1.9575505134192788,0.028596118,0.6056318,15.243042,0.2109101756489883,0.025905583,,,226.20732058837646,-16.207487884447563,1.0273025,421,48,47,0,1.0,0.021768585728011516
2941914750788811008,93.86382368036672,-18.871037881091898,-0.5574090276843191,0.028831314,1.9299413400879555,0.037400916,0.5551071,15.704156,0.28200065401383356,0.03500789,,,226.20052576308848,-16.210153529644927,1.0677663,379,42,42,0,1.0,0.030803457377938367
2941915914722676352,94.07289406490386,-18.898773175106278,-0.5600231916660708,0.045117807,1.9936197516970344,0.05716362,0.65107155,16.774328,0.19446456876013316,0.051314365,,,226.3098876581241,-16.040262169677174,0.967033,436,46,46,0,1.0,0.042338206574238854
2941917465208460032,94.10771655681081,-18.863937636228357,-0.567001076923208,0.011232123,1.941218465105118,0.014772696,1.1778469,13.538651,0.19840325501452288,0.0126619,90.90188,1.785632,226.29054278548244,-15.996064843678063,0.9738608,443,49,48,0,1.0,0.016039809325924213
2941918255482073216,94.07373185155599,-18.862658270089607,-0.5959773336657861,0.010919529,1.9300415294814124,0.014112087,1.2527065,13.504352,0.19620168543399763,0.012591701,91.280365,1.436993,226.275832481103,-16.024977426048096,1.0413965,448,49,48,0,1.0,0.03148747493223481
2941918461640501120,94.06607326420941,-18.849157952334114,-0.5415733113509528,0.046648398,1.953507921366545,0.05509714,0.7177658,16.744583,0.20448988642595278,0.050969005,,,226.25993824101042,-16.02616593213187,0.9935923,416,51,48,0,1.0,0.03451665643745531
2941919320633999488,93.9628656385001,-18.896067730390026,-0.5333879473025915,0.025021778,1.9447800959946162,0.032681078,0.54575825,15.503449,0.21768782910188103,0.028774053,,,226.26366250448854,-16.13444814720076,1.0191253,417,47,45,0,1.0,0.04376938005067221
2941919698591117056,93.95386983789729,-18.87364123650217,-0.5929709586512033,0.019327488,1.977134672403409,0.02664625,0.70398045,14.806592,0.23149635425937687,0.024283437,,,226.23872509447781,-16.133207158872594,0.979589,344,43,42,0,1.0,0.0282894275179291
2941919870390147840,94.01230423819176,-18.86192759997672,-0.5910002621095498,0.035199426,1.9780054929864033,0.044807196,0.57388973,16.089449,0.2888680842586111,0.039472934,,,226.250753620542,-16.07787952627384,1.0419307,396,46,45,0,1.0,0.027890306861153093
2941920484566201344,93.91309184958756,-18.851286372259548,-0.5462558477798548,0.07568112,2.0116509667436318,0.09687125,0.76517296,17.557377,0.22735503075469912,0.09274487,,,226.2012439689599,-16.15952426421743,1.0549781,361,40,41,0,1.0,0.06451378671931957
2941920626304041216,93.9374900193132,-18.824415912290522,-0.6232988148828861,0.03927318,1.963274839591623,0.048906617,0.58322525,16.295527,0.29509186031012197,0.043379936,,,226.18532369087762,-16.12756539534742,0.9621533,381,43,43,0,1.0,0.04804026922553459
2941920832462476800,93.92166749954552,-18.82901327411498,-0.6237997120625999,0.03145436,2.0088489862822954,0.04118818,0.5614042,15.749152,0.2249654072693434,0.033772573,,,226.18342309954934,-16.143124411152975,0.96761405,373,46,43,0,1.0,0.07236989544402214
2941920935541684608,93.95264274254643,-18.828746617827623,-0.5570597679666279,0.026242377,1.9408704466955187,0.033721246,0.55866814,15.625995,0.1944920525026539,0.031731382,,,226.19546494610242,-16.116184079780453,1.0140326,360,43,41,0,1.0,0.023364291333901728
2941921034322082304,93.951405985863,-18.807704117437385,-0.544148928176751,0.03625525,1.9807842991923308,0.047396775,0.5861139,16.244717,0.22994418673939657,0.04103899,,,226.17492828029035,-16.10877557521601,1.0107639,389,43,42,0,1.0,0.04139160970164335
2941921038620893312,93.95335660078703,-18.80585395416406,-0.591596690284878,0.02499792,1.9594051762732696,0.030910283,0.56554604,15.509987,0.21984068794277606,0.028036984,,,226.1739404620878,-16.10634002711191,1.004398,408,45,42,0,1.0,0.016293293521058454
2941921107340361856,93.97847714705523,-18.799318102982692,-0.5697646546740716,0.03033518,1.932343865799485,0.036114592,0.554986,15.864481,0.23381116050677875,0.03326271,,,226.1776919237763,-16.08194304128228,1.0049485,389,47,46,0,1.0,0.02298340713511174
2941922133833453312,94.08265015910067,-18.774340628763987,-0.562786516711543,0.0109190615,2.001315981853202,0.013670661,1.4942026,12.013813,0.25288759386611537,0.012428773,91.62911,0.28285098,226.19530505748665,-15.981624488682085,1.2312851,465,52,50,0,1.0,0.048720502175812946
2941922374351942784,94.05596428721606,-18.767053850355126,-0.5800332887492958,0.047357872,1.9803333146622888,0.058091603,0.6587086,16.9023,0.28010630173142054,0.053883605,,,226.17776195743218,-16.00180106986265,0.9728729,455,49,48,0,1.0,0.026190450223525324
2941922928406484864,93.96837453635689,-18.75560425270444,-0.609590000934534,0.030480068,1.99581576090866,0.03750114,0.40325642,15.948645,0.23313505699247186,0.03560158,,,226.13204735629387,-16.073068995680917,1.003524,415,47,45,0,1.0,0.053242627386534035
2941922962766216192,93.97574685170873,-18.744163236564585,-0.5857134722796596,0.030827153,1.9441830050795534,0.03763534,0.56066704,16.003437,0.22389906000788792,0.035454385,,,226.12408292992518,-16.06206630682544,1.0133867,429,49,47,0,1.0,0.014075897683114116
2941922962766222208,93.97219999665917,-18.7561802576235,-0.6339065457985158,0.02863989,1.9074735561221527,0.03604117,0.5474777,15.825208,0.2418379080338535,0.032028604,,,226.13411622281933,-16.069986661401703,0.9950027,412,46,47,0,1.0,0.07450090821828519
2941922997125947136,94.00360175748624,-18.745939619148817,-0.5853374552359649,0.037893277,1.9964991758850155,0.047369808,0.622736,16.58923,0.18427666733247478,0.04482745,,,226.13684720063998,-16.0386472578909,0.9961569,474,51,51,0,1.0,0.04306323627442209
2941923031485679872,94.01038330520755,-18.732734619563868,-0.5706261609072651,0.023235943,1.9967292391493574,0.029253392,0.62733364,15.202257,0.21798759293219275,0.025701603,,,226.12697216491324,-16.027442917995813,1.1029975,418,46,45,0,1.0,0.042635787612648926
2941923168924627328,94.05518873774865,-18.737668744033222,-0.6238070145280274,0.010220887,1.958086504579471,0.01308147,1.1702156,13.501714,0.22432662332335548,0.01193947,92.45954,1.8660979,226.1494854147281,-15.990612663890191,1.0275961,475,49,48,0,1.0,0.04786856096545977
2941923306363570176,94.07233760693641,-18.7218661587334,-0.560190555944319,0.031523213,1.9802595493229491,0.03790086,0.5923271,16.173576,0.225857659646165,0.03665319,,,226.14126748617187,-15.969374324890588,1.0050464,458,47,46,0,1.0,0.030312768680907397
2941923439503925248,94.03637798635798,-18.71600506926326,-0.5799274173912574,0.051024742,1.9330922695789146,0.058563024,0.7658653,16.785286,0.2946480964181996,0.05536297,,,226.12138593820154,-15.99816603512067,1.0870962,461,51,48,0,1.0,0.02169544981891251
2941923649960954240,94.03378601450223,-18.691011990328086,-0.5583513762646583,0.048513755,2.0000866089629286,0.057549194,0.7051773,16.984562,0.23548278974610304,0.057109147,,,226.09656861461,-15.990321120235238,0.98115313,457,45,42,0,1.0,0.04896441758756983
2941923581241476992,94.05082706933153,-18.703484732365503,-0.5884427556294753,0.019125892,1.9704058157023157,0.023827808,0.54219055,14.853316,0.19849224766719634,0.020835314,,,226.1152184823127,-15.98059044682237,0.9944375,421,46,43,0,1.0,0.020191699772181423
2941923924839280896,93.71044390667362,-18.944142825150468,-0.5700671385815496,0.02335401,1.9544427236665414,0.028617425,0.6238632,15.15703,0.18828306836936157,0.026045946,,,226.20948290277542,-16.372404928481817,0.9845218,371,41,41,0,1.0,0.006010151215368122
2941925883344067968,93.78037150737923,-18.90866938862788,-0.5490044884496009,0.036329824,1.9662898211349644,0.048396323,0.5762291,15.979104,0.1768281307120874,0.04021561,,,226.20333056089356,-16.297578881637364,0.9826485,325,37,35,0,1.0,0.029551230321966583
2941926123862220672,93.80925061011494,-18.868313497030005,-0.5979333133784203,0.029690407,1.9780700418439834,0.041580144,0.5565853,15.955598,0.2436827217935264,0.037320916,,,226.1762864046776,-16.25633246498452,0.95271146,391,42,43,0,1.0,0.03218549153767984
2941926226941147904,93.7508033339467,-18.879271860822424,-0.5447305475774226,0.030632889,1.943025571646843,0.045590337,0.53329563,15.984806,0.18814404047841832,0.039922368,,,226.1635674107807,-16.311374712066673,1.0071169,360,40,38,0,1.0,0.03336141686785732
2941926570539132288,93.84642839682338,-18.845665691561628,-0.5254458902370734,0.031302124,2.0052487774620684,0.043845035,0.55467796,16.048004,0.17126656356950287,0.038555995,,,226.16943754481815,-16.215010758260213,1.0084625,406,42,40,0,1.0,0.07172676673609363
2941926673618018176,93.8479402562051,-18.83457199541932,-0.5378369521952779,0.025476592,1.9478415097521176,0.03424701,0.5165844,15.579334,0.20814577856064612,0.031023892,,,226.15946163284616,-16.209235286909404,1.0308369,404,44,44,0,1.0,0.03880602844101459
2941927120294341888,93.76020679227395,-18.856131066190127,-0.6018571778526492,0.02681378,2.0030997754301514,0.03846601,0.5330486,15.688637,0.21280814138085982,0.033990152,,,226.14522029078148,-16.293922425141105,1.002743,370,39,38,0,1.0,0.05506404813620338
2941927665751574528,93.79368837722573,-18.81104172439339,-0.5861213990088403,0.05420346,1.9775871172189026,0.073245,0.7050171,17.156424,0.16080186549035524,0.070882276,,,226.1155004108355,-16.246770522575208,0.96080095,406,43,43,0,1.0,0.02522930104057459
2941927670050145920,93.8006611648474,-18.809587882433064,-0.5456038366367897,0.07377774,1.9773552154750327,0.10006864,0.79005814,17.72151,0.2721819261757754,0.09641891,,,226.11688129514997,-16.240143228809522,1.0128145,415,43,44,0,1.0,0.0381259028612673
2941930036573577856,93.59132180252473,-18.792300592652516,-0.5283807996089547,0.072483204,1.8952134182221494,0.09055777,1.0198841,17.554293,0.3103041035479968,0.090431765,,,226.01733597104794,-16.4146253575617,1.0252396,400,36,40,0,1.0,0.07604696687103805
2941930178311063168,93.61500203923136,-18.785151582215324,-0.536228272809276,0.030910766,1.9924363305201502,0.036774915,0.5643463,15.954699,0.2291104778032237,0.037096933,,,226.0199052029122,-16.39122412823227,0.98060274,422,45,45,0,1.0,0.05505824157051313
2941930831146078720,93.73261574024164,-18.7832281076781,-0.636355926118779,0.02360927,1.9863099293095159,0.030342722,0.5832796,15.3079405,0.20341048535093073,0.029372558,,,226.06473905663876,-16.288504096517666,1.0589712,406,42,40,0,1.0,0.06818351885566662
2941931002945717376,93.77471874380927,-18.7627258827606,-0.6005959974289784,0.02602075,1.9632106027248486,0.03339512,0.59167385,15.371554,0.26049419276762187,0.030290447,,,226.06190281609938,-16.24376037577509,1.0394026,432,45,46,0,1.0,0.026039039372587596
2941931071664239104,93.76740726023895,-18.75123703823946,-0.5497299720641825,0.026197001,1.9132177127247847,0.032930266,0.55541134,15.608204,0.19912717992873263,0.030337304,,,226.04804563028355,-16.245471737069387,1.0046525,452,49,49,0,1.0,0.04892581260629215
2941931243462933760,93.74401702502473,-18.748738121322866,-0.5670704724205929,0.04686631,1.9737923210984483,0.06066687,0.6433487,16.737692,0.175452254533558,0.057065357,,,226.03637413275766,-16.264740074493183,1.0173091,418,41,41,0,1.0,0.02134256442217665
2941932102456391680,93.72812227190234,-18.725469015876612,-0.6135010130516105,0.05222728,1.951838384144585,0.067734785,0.68102837,17.00695,0.23999246542340652,0.06345032,,,226.00787306448166,-16.269150378518948,0.99419457,436,48,46,0,1.0,0.03751427679855689
2941932171175868288,93.71342905432246,-18.712879740648297,-0.5628649732543519,0.014119895,1.9638258148524885,0.018559745,1.2066431,14.016361,0.2220309197060419,0.016696237,89.65825,1.8591205,225.99003154214435,-16.27681974350832,1.0288833,388,44,42,0,1.0,0.016204806925798412
2941932205535612544,93.6700366436001,-18.72247254202089,-0.5464111281740144,0.03949284,1.9185957016034216,0.05096348,0.62707996,16.38226,0.19775782599616332,0.052170336,,,225.98194454377992,-16.318301937455107,1.1060101,386,44,42,0,1.0,0.04653101925027331
2941932446053773952,93.69704324793493,-18.693312262360596,-0.5671162304847022,0.046661757,1.9644426966785409,0.059112016,0.7454872,16.73738,0.26467836354049384,0.057744432,,,225.9648618375103,-16.283147765202298,1.0558733,428,48,46,0,1.0,0.013427111319144114
2941932583493006336,93.8692410727037,-18.807272277528746,-0.5791031917387258,0.043794792,1.9568554858710303,0.06413784,0.773201,16.710339,0.18438014750580028,0.055647757,,,226.1418941812958,-16.179787591330168,1.0201463,405,43,45,0,1.0,0.0038696814103426555
2941932583493009664,93.86361249813706,-18.814644458163524,-0.5840637086872025,0.025164118,1.9723683943582275,0.036682963,0.5244541,15.603026,0.19634289288163428,0.032057095,,,226.1466862575986,-16.18763334909254,0.9920269,384,42,41,0,1.0,0.019623703669694723
2941932647913663104,93.89390805935435,-18.79622363700392,-0.56704395384526,0.053209785,1.9703430604281031,0.07004964,0.6580906,16.974545,0.16500883009034312,0.058958914,,,226.1411586389983,-16.153964529277857,1.0243673,411,44,42,0,1.0,0.018286651772720108
2941932652212471808,93.90450130288126,-18.80279483568601,-0.6000066824509926,0.036695488,1.9616339297418954,0.05014057,0.5982208,16.41645,0.20643403141272212,0.045578923,,,226.15162625826056,-16.1474337694669,1.0144068,416,48,47,0,1.0,0.024986398866527534
2941932824011181184,93.83417626855753,-18.799906058638854,-0.614340532651076,0.0690776,1.927728018977005,0.09687251,0.76825905,17.589254,0.24191272309317874,0.08855284,,,226.12095354020943,-16.207203924558605,0.96820927,411,43,47,0,1.0,0.04666674618687881
2941932892730647552,93.86723734411414,-18.792338779037497,-0.5170446142992182,0.036205493,1.9719518749576355,0.050223634,0.59438133,16.348143,0.18382517075944743,0.043917995,,,226.12686654782303,-16.175508795649062,0.9999447,405,44,43,0,1.0,0.061574384854130776
2941932892730648320,93.85884234986148,-18.78986130111597,-0.5215891258891096,0.04092679,1.9283201962809762,0.055993337,0.5984764,16.506254,0.24130864009241604,0.048166156,,,226.1211721481205,-16.181785138523217,1.0394708,422,43,42,0,1.0,0.06042664712297106
2941932991511094016,93.86048817258937,-18.76743496651819,-0.5622998197993075,0.030702606,1.9584379865241144,0.042876907,0.54710007,16.034609,0.19835801898225336,0.03817814,,,226.10045343934232,-16.171324648889602,0.98305595,410,44,41,0,1.0,0.014344884804787133
2941932995809856640,93.86218639797666,-18.773147093449154,-0.575614522099204,0.019039422,1.9650755289047908,0.026074018,0.6350546,14.967374,0.19272894297905757,0.023333268,,,226.1065713474902,-16.17215433868373,0.9348337,415,44,47,0,1.0,0.010642235224091225
2941933064529319808,93.93255291956622,-18.780141354576273,-0.5424412370511178,0.038979597,1.969478426766677,0.050071158,0.6011152,16.369915,0.18825678974873097,0.04519245,,,226.14118449572524,-16.114000140853676,1.0204186,403,43,40,0,1.0,0.03684341564232435
2941933064529321984,93.91827579027196,-18.77695622924325,-0.5830048139038956,0.009711907,2.021312710396821,0.013553208,1.4238577,12.459148,0.25830652232974977,0.011833029,90.46392,0.44671395,226.13247899398255,-16.125086832114732,1.0725564,395,45,44,0,1.0,0.06722723123642309
2941933098889065472,93.90276429213577,-18.781310241203762,-0.5814165756542435,0.010784513,1.9831792405631354,0.015459565,1.9932079,10.775774,0.22237199898798216,0.013819316,92.029526,0.14977275,226.13046592826757,-16.14028188529588,1.0116073,414,39,39,0,1.0,0.029227706176834234
2941933133248801280,93.90816401792523,-18.77494658955696,-0.5236210784545658,0.01837689,1.9359058129257731,0.026248049,0.86749554,14.90558,0.18937481531100164,0.022784306,,,226.12654781092021,-16.133038545671088,0.99674064,415,40,40,0,1.0,0.055635373231301695
2941933167608530176,93.93133314880451,-18.76482272264477,-0.5434468907477732,0.0403164,1.9232930546067535,0.054665882,0.6098671,16.596745,0.13266230257295125,0.049757995,,,226.126107952051,-16.108881881442056,1.0028713,410,45,40,0,1.0,0.04511191043362492
2941933167608532352,93.93093992864715,-18.771921448267864,-0.5731960810010038,0.0108236475,1.9714235982144506,0.015434148,1.1697397,13.529683,0.20253135559683758,0.013154458,94.021286,1.8666587,226.13271363047394,-16.112084297569528,1.0180557,373,44,44,0,1.0,0.017222945607602645
2941933167608534400,93.92518595070389,-18.772206761741774,-0.5480129287268186,0.035599496,1.9339785383682586,0.0475165,0.68315506,16.270823,0.20500598202808248,0.042419795,,,226.1306995367452,-16.11718498260321,0.9953912,413,46,44,0,1.0,0.03473351814618158
2941933476846171008,93.91795939398092,-18.73612354998354,-0.6004411791567724,0.030288676,1.892760264971443,0.041953538,0.55277824,16.01041,0.1387793537120848,0.038111527,,,226.09345687511228,-16.108899945606037,0.9680694,399,44,43,0,1.0,0.06632045923154903
2941933511205914368,93.89944477685194,-18.740699858310435,-0.5746833054139056,0.03023068,1.9851149265350951,0.040640354,0.63221645,15.869476,0.16617381393358824,0.03680291,,,226.09045782391286,-16.12679006594356,0.996545,385,39,39,0,1.0,0.030703227665277496
2941933545565649408,93.91003654493908,-18.73503225720707,-0.5754490015206286,0.027078634,1.909844549100707,0.03798657,0.52587223,15.716668,0.2108973334644809,0.03473268,,,226.08926841646485,-16.115326004296165,1.0665902,410,48,48,0,1.0,0.04460323615399795
2941933717364085376,93.85133487385689,-18.769773632678,-0.5711946949888844,0.022349719,1.9632587351973445,0.028311202,0.54797363,15.352954,0.20895808503507554,0.026497561,,,226.09904669110327,-16.180198970661714,1.0073353,443,46,41,0,1.0,0.010077230396185835
2941933751724783104,93.8641483817038,-18.76123367530217,-0.5716653322902062,0.026542205,1.965409055282538,0.037344977,0.57889557,15.604177,0.2084056476537587,0.033479996,,,226.09599791463808,-16.16565415520198,1.0093703,421,46,45,0,1.0,0.011819976431438265
2941933820443297664,93.84925628998913,-18.753093364983,-0.594154133891934,0.059691407,1.9702374683469979,0.07563788,0.7001667,17.143318,0.27740292917465603,0.07453343,,,226.08232498562847,-16.17528008297846,1.0955305,418,44,42,0,1.0,0.024004711072328423
2941933820443297792,93.84629365338645,-18.750686798088086,-0.5277243392992607,0.058587037,1.9468794091935622,0.07628441,0.71149826,17.16003,0.21044265918513927,0.07448842,,,226.07885468415125,-16.17687802120197,1.07427,405,43,44,0,1.0,0.048940996819009416
2941933854803044352,93.80438788304404,-18.764179882218446,-0.6023702310037471,0.07083995,1.910489435780645,0.09107451,0.8012581,17.594345,0.2131450121155541,0.088299386,,,226.07507057476997,-16.21863167402939,1.0714941,450,46,50,0,1.0,0.05121783096816066
2941933957882258816,93.80129308955136,-18.75578456806061,-0.5127803909005288,0.024281552,1.9705459206311995,0.030721854,0.5622225,15.486843,0.2120870887153178,0.029225424,,,226.0658386467029,-16.217932848151325,0.9569622,466,49,50,0,1.0,0.06531301452301311
2941934095321203584,93.82732763529087,-18.72888949763499,-0.5892116922298116,0.057620507,2.026821367385866,0.07275929,0.6743221,17.125435,0.21707909988266552,0.072018,,,226.05054691596405,-16.184533269331354,1.0226902,411,44,43,0,1.0,0.07356010119855382
2941934095321205376,93.82268386850261,-18.733352938360465,-0.5170461807988221,0.043841515,1.942284169022935,0.056795027,0.6203098,16.63884,0.28695843604234644,0.05170958,,,226.05295548075765,-16.190356734752736,1.0014776,444,51,47,0,1.0,0.06027037207121565
2941934129680940800,93.86093085315203,-18.74733062578997,-0.6217036355793464,0.04926272,1.9578633629600177,0.06633442,0.6810341,16.915812,0.26971626177191466,0.06011796,,,226.08147163243294,-16.162840225960668,1.0146861,422,45,41,0,1.0,0.045754342450858014
2941934198400415488,93.85318014799172,-18.73527787845997,-0.5295600642235789,0.04469274,1.9387681674741444,0.060257796,0.64443207,16.67749,0.12509812411506852,0.057972554,,,226.0669073229314,-16.16470041747874,0.9859322,375,40,39,0,1.0,0.04908730926732022
2941934198400418304,93.84905767283347,-18.74406582150176,-0.5908520281105971,0.025424281,1.9437691058226052,0.032917466,0.5598812,15.548166,0.22041254944658473,0.03104587,,,226.07364334009364,-16.171814698272925,1.0231056,408,46,43,0,1.0,0.018227248679888366
2941934228461726208,93.87142018751635,-18.737100650500565,-0.6032900746677123,0.039061677,1.9629282069329674,0.05310811,0.62423515,16.547,0.17816714331961064,0.05001231,,,226.0758921425394,-16.14962663378216,1.0163605,407,43,42,0,1.0,0.028504881872379983
2941934232760150656,93.86528013393344,-18.726646634773374,-0.6050750334932222,0.02474138,1.883449852951138,0.032335,0.5650368,15.43396,0.19015715408080155,0.030341743,,,226.06349179845,-16.15073446958104,1.0074173,383,38,39,0,1.0,0.07668733387999856
2941934297181238400,93.89832887605587,-18.715151139029274,-0.5527719645535538,0.036749557,1.9982962475580572,0.04954484,0.6015787,16.332039,0.1637661021281201,0.046079814,,,226.06567710481687,-16.117456177468757,0.9420106,393,40,38,0,1.0,0.04966099006839798
2941934301479618944,93.89907189979975,-18.7198252984379,-0.6378124003047686,0.025040513,1.9931874132501235,0.032638676,0.547204,15.534976,0.1742608112885343,0.029778814,,,226.07042480478594,-16.118696978691766,1.0039858,423,46,44,0,1.0,0.07288570188721234
2941934335839359744,93.88084608196306,-18.71566624125783,-0.6110786436854948,0.0134959705,1.9908728032242633,0.017626325,1.7435694,11.250575,0.24814997836918903,0.016505811,92.936386,0.21779653,226.05921781669997,-16.132816549873777,1.1498908,404,46,47,0,1.0,0.05051929446819205
2941934335839363328,93.87735719467064,-18.72417560880253,-0.5468539004507865,0.032602567,1.9010574144432326,0.039729223,0.5692234,15.7841835,0.1896618502797389,0.037042383,,,226.06593756368656,-16.13927105204091,1.00096,321,41,40,0,1.0,0.060861035652584654
2941934370199092864,93.89079221943128,-18.703137880397584,-0.5629326325107566,0.011422615,1.9565933936319664,0.015573026,1.1600533,13.571303,0.20920217231777558,0.013949768,93.37526,3.1378632,226.05123771432434,-16.119144040550673,1.0471536,389,33,27,0,1.0,0.01331933403413455
2941934370199096192,93.88283149783685,-18.707985764688246,-0.5649234385660081,0.029855955,1.9654706275370515,0.04125797,0.5502367,15.846712,0.19733775482480748,0.03823686,,,226.0526905692532,-16.12799892878285,1.0310056,379,41,40,0,1.0,0.0156846749069294
2941934404558846336,93.84610739174055,-18.730795832855577,-0.5817703571861607,0.01126448,1.9397546143583353,0.013870699,1.258338,13.469462,0.20194908535747144,0.0134646185,95.18011,3.9986193,226.0598259816421,-16.169024211020197,1.0056973,391,45,43,0,1.0,0.015753420700881263
2941934507638059392,93.8388932339737,-18.714002266279646,-0.5302229790215092,0.04072428,1.9038870527911642,0.0484681,0.5881567,16.307775,0.1974355877079839,0.04502295,,,226.04095669566942,-16.168508953631004,1.0533738,413,43,42,0,1.0,0.06825362999340252
2941934541997789824,93.87472483395173,-18.710430165481252,-0.5096427884877948,0.035681516,1.9841729885619686,0.04769169,0.5727892,16.176332,0.20529890727806194,0.042848837,,,226.05179635217002,-16.136011010682676,1.0223294,386,44,44,0,1.0,0.07278319707900024
2941934541997794176,93.86571139245042,-18.71671220178757,-0.5890168516765988,0.025250241,1.8893981533119615,0.035567697,0.6171608,15.408747,0.1587895082113781,0.031861704,,,226.0541982183004,-16.146356068611766,1.0522382,366,41,40,0,1.0,0.06631976454476841
2941934576357523200,93.87808214099574,-18.693466229696025,-0.6175919712310586,0.028026521,1.9302264923710855,0.035737585,0.5764704,15.6840725,0.1698234897316945,0.03455448,,,226.03697121693872,-16.12626067627157,0.99884,417,47,42,0,1.0,0.048061683832091535
2941934576357525632,93.87863315007334,-18.701520667217284,-0.6170101402867679,0.025394535,1.9209462177773442,0.0357326,0.5739479,15.561914,0.2665376546234513,0.032808736,,,226.04486278974215,-16.129031016583284,1.07701,405,43,41,0,1.0,0.05289193497886884
2941934576357526784,93.87113793500662,-18.700318427563907,-0.5330741825963918,0.047667544,1.9016849235627091,0.06276619,0.6740856,16.846806,0.17706602744484454,0.06000201,,,226.04073748983166,-16.135043012423193,1.0011197,424,47,42,0,1.0,0.06806408624362667
2941934984375986688,93.9445031082637,-18.72740829776078,-0.5985776558831418,0.065417506,1.911824472557655,0.087369666,0.711853,17.517748,0.24593993292976954,0.08237572,,,226.09570762627166,-16.082382292320005,0.9898492,420,44,41,0,1.0,0.048193734428950696
2941934988674649728,93.93903594467973,-18.72640977149774,-0.5750229710571961,0.010358373,1.9042581436465251,0.01401401,1.197381,13.440134,0.19900344085319538,0.012248723,92.04063,1.549828,226.09258323552316,-16.086717432160516,1.028138,445,49,48,0,1.0,0.05019628993758708
2941935023034388608,93.92965480205909,-18.719078502319505,-0.5599953858622367,0.022170873,1.9143882416291802,0.03074242,0.61217594,15.414809,0.18657153377031832,0.02756454,,,226.08187167834558,-16.091890496359845,1.001524,437,44,46,0,1.0,0.04316294865837921
2941935297912275840,93.98789361177981,-18.70562583471181,-0.6181284089459909,0.028388813,1.9489983220501068,0.03489286,0.5618839,15.939113,0.15354032982297058,0.032387786,,,226.09222151096654,-16.035991267297998,1.0166979,471,53,52,0,1.0,0.04240218228191142
2941935435351219456,94.00573457943666,-18.679770554250446,-0.631977272208635,0.030875357,1.9727986610960044,0.036357023,0.5803795,16.002666,0.21400195833466795,0.034710303,,,226.07470792899733,-16.01009252248906,0.98526996,442,46,45,0,1.0,0.05883642679077273
2941935504070704256,93.97516023069572,-18.686181194930818,-0.6405227645602037,0.033975635,1.9417497674470596,0.04258808,0.5842724,16.254354,0.17977153373570665,0.04005636,,,226.06864532407693,-16.039178804437263,0.98092574,433,44,46,0,1.0,0.06568368528388242
2941935641509650944,93.9923719980352,-18.674012977561365,-0.5677451842383704,0.013023189,1.9616682538882237,0.015605603,1.5708799,11.786117,0.2462081543414569,0.013653064,92.89318,1.2045898,226.06391050829984,-16.01934923141089,1.1306834,402,47,46,0,1.0,0.01102828521920983
2941935675869380096,94.00782067434665,-18.660645268378744,-0.5822424403744583,0.050556973,2.017723745466805,0.05908274,0.70209694,16.816338,0.13661467001962802,0.056919117,,,226.057335797035,-16.000561774761053,1.0255276,435,45,45,0,1.0,0.06357999900157825
2941935740290360576,93.99557845483132,-18.656025863135742,-0.5731578458399699,0.037222765,1.9480135027491305,0.042777307,0.59123516,16.22127,0.24846231650205824,0.040636558,,,226.04806657950803,-16.009307316201596,1.0253662,436,40,42,0,1.0,0.007061601550804985
2941935778948361856,93.9059414795452,-18.70670157666656,-0.6405780253557397,0.0345326,1.9616162694471593,0.04553161,0.57155323,16.21166,0.19962375246653674,0.044145897,,,226.0606555382129,-16.107450723726302,1.0190225,409,47,46,0,1.0,0.0648983476107732
2941935778948638080,93.90795523842607,-18.71732155030258,-0.579867428096763,0.022823462,1.9348903091623102,0.031675387,0.56518364,15.29788,0.28147476817138084,0.027116315,,,226.07157138739774,-16.10998825956814,0.99550265,400,46,44,0,1.0,0.019917001374377328
2941935813308091136,93.92256139856278,-18.697621152813554,-0.5422239807970353,0.027334983,1.9332865637099659,0.035048664,0.5466547,15.728178,0.2441083607364346,0.03187465,,,226.05861626537472,-16.089383155505146,0.94728,424,46,45,0,1.0,0.03992062819096801
2941935813308363136,93.93299217733026,-18.701467060637526,-0.5759693877276848,0.03437567,2.012177952134159,0.04642703,0.67699337,16.183268,0.22642573998848126,0.03944809,,,226.06642687832294,-16.081894067363315,0.9691141,418,47,43,0,1.0,0.0577346930134893
2941935813308367872,93.91952305598485,-18.702541047505434,-0.5917636283805564,0.03397454,1.9309034334085362,0.046121817,0.5640497,16.13841,0.1653808556922935,0.03888138,,,226.06209344835366,-16.09400116769575,1.0107356,408,48,46,0,1.0,0.02828761850809271
2941935847667836160,93.90576204576467,-18.700546629084993,-0.6199406687244093,0.03534496,1.9008103421555604,0.045474544,0.5906935,16.233854,0.14603107108483757,0.043579523,,,226.05472194035247,-16.105123853631557,0.96713567,401,43,43,0,1.0,0.06928561619685172
2941935847667837312,93.8990012005517,-18.69711662967593,-0.6046625059271762,0.042006377,1.9349325372514652,0.05509314,0.62158203,16.569033,0.2767183475118399,0.051619764,,,226.04876662319538,-16.109600459931347,0.9970038,396,40,40,0,1.0,0.03460905640965108
2941935882027565568,93.91793987364545,-18.68872632563265,-0.5831282681026556,0.033975504,1.9132656530273446,0.044002764,0.57702446,16.129904,0.1695573230524683,0.040419456,,,226.04830750696502,-16.089800614635042,1.0435324,427,47,45,0,1.0,0.041777025301763124
2941935882027571712,93.91171162826753,-18.697660193614112,-0.5987052122678842,0.020710444,1.9753609155828873,0.027820166,0.64633656,15.120534,0.22802041551573454,0.02571939,,,226.05433874744597,-16.098802838783303,0.9819127,384,40,40,0,1.0,0.030815045196686406
2941935916383740032,93.92470510030688,-18.69246936660437,-0.5428672243897701,0.047694217,1.9710520624113577,0.061194643,0.70446014,16.787746,0.2197174821286074,0.057751168,,,226.05456271761685,-16.085446828852834,0.99763006,393,41,42,0,1.0,0.03713162317370736
2941935916387298560,93.93436856725519,-18.684720191072284,-0.6261834232080478,0.031381536,1.9214403405656777,0.040154655,0.57672024,16.007061,0.24795339948728934,0.037983406,,,226.05102716893867,-16.07394450772924,0.9809341,430,49,46,0,1.0,0.05999853246006803
2941935916387573888,93.93229073929598,-18.69020518113044,-0.6402607484639845,0.046265144,1.9269763153783463,0.06125609,0.7503052,16.689024,0.19936900618930592,0.053384643,,,226.0554236433004,-16.077958535965244,1.0563251,418,44,42,0,1.0,0.06981371576106861
2941935950747306880,93.94910426816702,-18.684763663866274,-0.5099945809383536,0.056683153,1.9478246237135486,0.07028187,0.73156166,17.156734,0.2873956355862019,0.06600832,,,226.05693025805988,-16.06118989151725,1.0590004,418,42,42,0,1.0,0.06641334259785564
2941935950747308160,93.94735504580856,-18.688139754436726,-0.5902493628592687,0.053924114,1.9664579583321535,0.067201205,0.6911068,17.03512,0.16507971609599909,0.06264592,,,226.05944893865023,-16.064068360643414,1.0376769,416,44,39,0,1.0,0.018579511029376588
2941936053826269440,93.88758649796625,-18.692478995770056,-0.5119501358074924,0.026361959,1.9784054286957031,0.035514675,0.5664463,15.607751,0.17930126377757413,0.033531107,,,226.03981024152176,-16.1176241236973,0.97100145,401,45,45,0,1.0,0.0684578163029737
2941936088185995392,93.90419696456541,-18.676399093795386,-0.5759051998712562,0.024267545,1.9879248288283402,0.02956659,0.5677681,15.357187,0.20760064900803563,0.027243953,,,226.0311015836151,-16.09673987570584,0.9699338,429,46,46,0,1.0,0.03348191113258359
2941936088186000768,93.89957586084323,-18.686066016278915,-0.5550644615051072,0.010420072,1.9269577497033477,0.013930927,1.2811174,13.377363,0.2338378906792689,0.012639041,94.1913,1.3737355,226.03847015292902,-16.104645140371673,0.9930099,415,45,44,0,1.0,0.03459765486434025
2941936122545741952,93.8859577255206,-18.681379534719515,-0.5807948932964077,0.025359742,1.968582245658322,0.033083845,0.5796995,15.573192,0.14770272925245814,0.030759525,,,226.0285903765604,-16.114559307573703,0.9781408,443,49,48,0,1.0,0.014905162599929807
2941936122545743232,93.87936448368643,-18.679032299636123,-0.5667907975020171,0.03279467,2.028959794920616,0.042601764,0.6485405,16.01351,0.247538714835931,0.03900991,,,226.02373239075902,-16.119327913324092,1.0343491,427,43,39,0,1.0,0.07509286263715784
2941936122545744000,93.88407935356057,-18.684564538979338,-0.5444967746426245,0.026941594,2.013029341898837,0.03569364,0.59791946,15.708731,0.2070225517272123,0.033232033,,,226.03087699566842,-16.117472165273018,0.93061465,427,46,47,0,1.0,0.0665555874140689
2941936122545746048,93.87520096490489,-18.68207139155815,-0.5223104682975743,0.03036545,1.9101557122401294,0.041989837,0.56931305,15.906415,0.17181349906063723,0.03769706,,,226.02497130434293,-16.124162795338204,1.0425787,401,40,38,0,1.0,0.06965821437788682
2941936156905479680,93.88156316344057,-18.67446247030354,-0.5641624581655759,0.04693717,1.9358052457025399,0.062310286,0.696846,16.777838,0.1290496982716015,0.05797409,,,226.0202541912546,-16.11557874478944,1.07418,436,45,44,0,1.0,0.0221210875581012
2941936191265207040,93.90700219798816,-18.666023387464747,-0.5438106360035407,0.031590197,2.0151179679108053,0.04165113,0.5647936,15.946136,0.18886434074598424,0.037854675,,,226.02233652511455,-16.09012206910179,1.0110784,417,46,45,0,1.0,0.06872077557681416
2941936191265207296,93.90737448109972,-18.667396190356577,-0.5521455716953254,0.025331596,1.8945681033438337,0.032501683,0.62478065,15.355694,0.21915427954355549,0.02909727,,,226.02379194613084,-16.090353246361886,0.9865288,400,44,43,0,1.0,0.06448079933980883
2941936191265209728,93.90433249732303,-18.67230327496886,-0.5771596460448021,0.046320423,1.9175104937035674,0.05868441,0.6845398,16.68835,0.19314956988997292,0.05491852,,,226.0272548809382,-16.094969995735312,0.9871302,408,49,46,0,1.0,0.03694872263554675
2941936221326677888,93.91482994588192,-18.66461534174744,-0.6136260596937123,0.043470174,1.989321506572511,0.05600942,0.6525135,16.651543,0.28891393724258835,0.05478827,,,226.02410996379692,-16.082768386807796,0.9981962,401,46,44,0,1.0,0.051248368120530255
2941936225624940416,93.91858183179795,-18.662435081833483,-0.5935915438849212,0.05069544,2.020707696918869,0.064960524,0.688818,16.933792,0.15711679017319555,0.059928603,,,226.02352662186942,-16.078636261024748,1.0182582,424,46,46,0,1.0,0.0685398530140004
2941936259984682112,93.90211790371714,-18.657544314977283,-0.6000831104277002,0.052094433,1.9218497995176884,0.06885696,0.7190838,16.948738,0.20160495285140181,0.06660885,,,226.0123187134422,-16.090934948871958,1.0074031,412,42,44,0,1.0,0.0404798666934399
2941936259984685312,93.89759234508351,-18.66410515116214,-0.5932892013847341,0.012836224,1.8883839365864985,0.016126681,0.09932518,13.481447,0.1946204747271432,0.014387379,,,226.01676615339176,-16.097505247863495,0.92783284,397,44,41,0,1.0,0.06826490545636178
2941936294344416640,93.9119384870529,-18.65638094656801,-0.6113734096113703,0.024160294,1.9489619791731987,0.031217672,0.61004734,15.388809,0.1994710899788898,0.02986969,,,226.01511842090113,-16.08195213396281,0.99416554,396,42,41,0,1.0,0.03571920508030898
2941936328704425216,93.95418093230606,-18.669817574103497,-0.6185329723741072,0.03174278,2.0077285479702134,0.03879483,0.5650492,15.920514,0.16163987182314443,0.03681675,,,226.04472007847806,-16.050757679398078,1.0520327,396,45,45,0,1.0,0.06813072910337985
2941936363064160512,93.96330234456424,-18.661902762171714,-0.6112589498871784,0.024510985,1.9424566933278684,0.028635161,0.6317358,15.27513,0.1732093312576795,0.027020043,,,226.04081480999724,-16.039656503355918,1.0605125,388,44,43,0,1.0,0.037167585149154025
2941936397423624960,93.94363619835946,-18.662978807346185,-0.5700786876904389,0.039960705,1.9558728757044221,0.04705618,0.63547516,16.495487,0.17592578467083814,0.046584938,,,226.0340133925954,-16.057137614918464,1.0035181,427,44,42,0,1.0,0.006166582693517215
2941936397423627136,93.93505601206921,-18.662720207327595,-0.5908858513635958,0.018250853,1.9444952634962929,0.022188324,0.79984474,14.813101,0.23939586331650753,0.021362929,,,226.0303530428511,-16.064470773036646,0.9540677,402,40,40,0,1.0,0.017839790350540053
2941936397423627264,93.9434010554343,-18.67088084985478,-0.584984355279104,0.01958079,1.9442647680886314,0.023899954,1.1219587,15.0026455,0.2015158988171858,0.023595136,,,226.0414432779406,-16.060530682987313,1.0083919,410,41,40,0,1.0,0.013525514718938895
2941936431783359104,93.95993735730987,-18.65438457599628,-0.6091259007466682,0.030721774,1.9999960355651252,0.035754442,0.66424465,15.83791,0.21195326349009752,0.035202004,,,226.0323186883574,-16.039538255013486,1.085894,417,44,45,0,1.0,0.05627838789007648
2941936569222304384,93.97358046977425,-18.631138638442884,-0.5633979108949777,0.021224251,1.9481011252255547,0.025663622,0.67822266,15.120657,0.2012185829583086,0.024717333,,,226.015622593183,-16.01832548197437,1.0227728,415,43,41,0,1.0,0.014177115002786235
2941936702363086720,93.93160766892304,-18.628028975098328,-0.5827900397908623,0.03055314,1.9153218531013596,0.03640786,0.57133293,15.964893,0.17476711992300364,0.036067814,,,225.99595234552962,-16.05345686212061,0.9981617,445,47,46,0,1.0,0.03969324011905628
2941936706661263744,93.93351860491552,-18.62379459355664,-0.5735383479366127,0.038002547,1.9286234894063097,0.044983324,0.6117592,16.40035,0.18993384611551847,0.044414956,,,225.99268200509857,-16.050090597794195,0.99015737,448,49,47,0,1.0,0.025944400948235895
2941936741020999168,93.9520599126617,-18.626774013357842,-0.6452481921121399,0.029629257,1.9807895682896455,0.03487209,0.5593939,15.846021,0.25280766562354773,0.033601187,,,226.00290003044904,-16.035219267152886,0.9570877,418,47,40,0,1.0,0.07401848705266258
2941936809740475776,93.9421160047912,-18.61851632076932,-0.5527762771866704,0.03319539,2.0133104340003745,0.038954396,0.5693779,15.942419,0.2005003801822601,0.037689276,,,225.9910803846092,-16.040505716707425,1.06337,407,43,41,0,1.0,0.06331089633059916
2941936844100211840,93.95592275832199,-18.61838562658833,-0.5865462149843677,0.06045009,2.0297931712408133,0.07054814,0.8310623,17.266983,0.1545197004539413,0.0725747,,,225.99645350991267,-16.028483021071917,0.8781727,429,44,43,0,1.0,0.0760735989462826
2941936844100212864,93.95281631034207,-18.62054944597549,-0.5252550268109656,0.033388145,1.9864138759780356,0.039791405,0.55550385,16.108349,0.2594595413916342,0.03982236,,,225.99727620512095,-16.03204997914259,0.9829911,421,44,45,0,1.0,0.060041788003030346
2941936912819756032,93.79696261537474,-18.737262543516554,-0.5829024437930137,0.026690854,1.991126647587894,0.033924267,0.54424477,15.650181,0.22748523645382454,0.032557387,,,226.04646292803156,-16.214226022020178,0.99745727,440,47,44,0,1.0,0.03731281709217211
2941937015898970240,93.79637611786262,-18.73191097769612,-0.5883153206150661,0.03297124,1.9880984786850897,0.0418135,0.5790367,16.112566,0.28884406279465047,0.040023785,,,226.04112886896888,-16.212578679289035,0.98298776,440,46,44,0,1.0,0.035811121402587805
2941937050258706048,93.8052024970254,-18.724687316900955,-0.5361845136856518,0.044285573,1.9175061711704533,0.059665397,0.6475067,16.67255,0.13511178564776527,0.0528504,,,226.0377505822668,-16.202017851483355,0.9835803,427,45,44,0,1.0,0.05436717298346158
2941937153337927936,93.75732585799254,-18.72598093522749,-0.5574576250732236,0.030463682,1.9992706779141989,0.038122628,0.56535816,15.748653,0.19124774484877516,0.036132306,,,226.01996207812144,-16.244040208995866,1.0828372,434,49,50,0,1.0,0.04854050214932656
2941937153337928832,93.75198730308686,-18.728098969957205,-0.589750856388684,0.02717872,1.9573152866934915,0.03360327,0.58280945,15.667121,0.18742931603140225,0.031017873,,,226.0198606534921,-16.249520991280985,0.98553294,440,44,46,0,1.0,0.013971914237950555
2941937256417139584,93.76453924882604,-18.709378876785784,-0.5827969446570729,0.024643399,1.9064606701215323,0.03156327,0.61800385,15.461421,0.1718814026038737,0.028489016,,,226.0070008642096,-16.231100158066592,1.0042942,440,46,45,0,1.0,0.04845092656698101
2941936603582056960,93.92722100789796,-18.65462284037797,-0.6081878510874932,0.024870293,2.0126411141184843,0.03149371,0.60060024,15.459526,0.19854883363078862,0.029708147,,,226.01952561025865,-16.06799453635489,1.0509537,417,43,43,0,1.0,0.06646853946533157
2941936637941787520,93.9452970630603,-18.63448818921399,-0.6129180506297678,0.022603644,1.9751338443186373,0.026761113,0.6254511,15.304981,0.21454716907131055,0.026506146,,,226.00755096614273,-16.044196855029035,1.0249864,414,44,45,0,1.0,0.042253257916720924
2941937428215824000,93.81566139122026,-18.71002777336348,-0.5227653144342825,0.061610237,1.9918115149079596,0.07643876,0.7163334,17.310287,0.16291306694818533,0.07411732,,,226.0279357224354,-16.187044946799126,1.0060296,443,43,42,0,1.0,0.06510411445012088
2941937458277192192,93.83855872793106,-18.700445770359533,-0.5635033974458963,0.058718737,1.8896995254349924,0.074803,0.69787025,17.221163,0.2666034436419085,0.07431212,,,226.02790652493968,-16.163334612841435,1.0177367,434,40,38,0,1.0,0.0659535205723893
2941937496935298944,93.80667955229735,-18.69716948030408,-0.5983522934466756,0.01178917,1.9037324132917206,0.014807119,1.1960573,13.360503,0.21591256058037336,0.012814112,91.73986,1.7548823,226.01211188107496,-16.189649145929042,0.9997448,418,45,45,0,1.0,0.05538750671600383
2941937561356422016,93.83960436961809,-18.695323024545523,-0.5196047608415364,0.04650071,1.95540857393249,0.058304403,0.7700386,16.811296,0.1753333246474953,0.05705935,,,226.02344124907026,-16.160363135234785,1.0269722,447,47,49,0,1.0,0.05648077691428823
2941937600014502144,93.85778662387449,-18.684639534542228,-0.536694191046184,0.044931803,1.989055380988035,0.059477713,0.66077423,16.681803,0.26774015452940303,0.054019194,,,226.02049238679615,-16.14029423469769,1.0220199,429,48,45,0,1.0,0.05243110207500321
2941937634374245632,93.82722096033093,-18.67931113937618,-0.5730575024414527,0.028741995,2.0118809244278104,0.03489251,0.5988636,15.82143,0.21304348845109225,0.034630004,,,226.00326150263035,-16.16464314754734,0.9653342,428,44,47,0,1.0,0.057516892548656315
2941937634374246400,93.82680646791933,-18.681100788117668,-0.5488104758759174,0.04520195,1.974066796833544,0.055801418,0.7215233,16.650558,0.12043854365072758,0.055578783,,,226.00480187123708,-16.165723980315978,1.0663333,439,47,47,0,1.0,0.03359402349576829
2941937668733975936,93.84358775214206,-18.664146926245348,-0.5910976152906564,0.025942791,1.9806310606768842,0.033811465,0.5931444,15.570273,0.25635273286053584,0.031585924,,,225.99532321183617,-16.144339652905888,1.000358,406,44,43,0,1.0,0.03018949897296389
2941937668733976960,93.84343913832214,-18.665446639866417,-0.599115761302113,0.025278661,1.9113012894605872,0.031563707,0.5493336,15.44379,0.16094961275934885,0.030047497,,,225.99650227351952,-16.14499263174762,0.9924583,418,44,44,0,1.0,0.04890817331571054
2941937668733979264,93.8453596069363,-18.67620255386551,-0.6008657567711958,0.044559542,1.9787081203488053,0.05715719,0.6516514,16.715487,0.23277350693043683,0.053461786,,,226.00751289584946,-16.147665027576004,0.97048247,424,44,43,0,1.0,0.034687846484748396
2941937870594134784,93.8369258463955,-18.656665798305802,-0.5082522109653578,0.058279105,1.9766744159389875,0.073061325,0.73360634,17.208736,0.16477803370839963,0.07217809,,,225.98554640526757,-16.147098360492226,0.9665453,444,43,45,0,1.0,0.0713754941437388
2941937874892405504,93.84250769345657,-18.66204239066781,-0.5485153849865386,0.019233752,1.9000245141554277,0.023881657,0.54102135,14.923824,0.1672136681923032,0.023217289,,,225.99288873223412,-16.144427309281184,1.016068,420,46,45,0,1.0,0.061000568625896125
2941937909252151168,93.80836216016836,-18.660008873544214,-0.5902935194511826,0.02480723,1.918410234787498,0.031777773,0.55592155,15.570592,0.16351269772254942,0.030942785,,,225.97737021182235,-16.17321122546497,0.9951083,449,49,49,0,1.0,0.03873612391058171
2941937909252151680,93.80885274169586,-18.661928176092886,-0.5258906259208797,0.045006327,1.9242499503844679,0.056443878,0.6718178,16.593128,0.293481617275213,0.051542543,,,225.9793941022484,-16.173559691172642,0.97837114,427,45,45,0,1.0,0.058569131877642004
2941937943611883520,93.8301984962791,-18.654154474136686,-0.6148888138341804,0.026031012,1.9724033347619296,0.03128575,0.6028166,15.421141,0.2190335467452774,0.028763667,,,225.98047789076614,-16.151918203657726,1.021626,424,48,50,0,1.0,0.04276558307687709
2941937943611886720,93.81963183208222,-18.657781816703096,-0.5386197429151587,0.060849745,1.9840803488618437,0.072135754,0.82951164,17.19159,0.22673819935880046,0.06996527,,,225.9797306388822,-16.162542311592198,1.0334219,433,49,47,0,1.0,0.04776420131809269
2941937977971649792,93.73535404114484,-18.715180798302246,-0.5978355734934487,0.057170406,1.9132926729015716,0.07108336,0.7217293,17.059523,0.2195715094705126,0.06626071,,,226.0009360502563,-16.258738316669845,1.0610129,428,44,39,0,1.0,0.046548920025658386
2941938012331383168,93.75565683126551,-18.70061830369551,-0.5727308570234912,0.0317927,1.9324117393003912,0.038156483,0.5728092,15.928382,0.12889446759926435,0.036293194,,,225.99511977659202,-16.23527169157394,1.0461905,441,47,48,0,1.0,0.022284320061209374
2941938046691125376,93.7308262626658,-18.703922303147827,-0.5378306350313962,0.04184681,1.950686785791082,0.054448146,0.6217346,16.479723,0.15583117577464403,0.05101285,,,225.98840258128652,-16.258129779404822,1.0153214,412,41,41,0,1.0,0.03843069668374971
2941938149770330112,93.77297820295699,-18.676862382293677,-0.5677514133388425,0.03086578,1.9138969262822423,0.037998453,0.6043711,15.769907,0.18228869170666465,0.035474565,,,225.9793607642874,-16.210682956886,1.0853481,445,48,46,0,1.0,0.041392432901673236
2941938149770332544,93.76613337521198,-18.685454443718196,-0.6149496194802033,0.01193444,1.89873745294065,0.015098761,1.177351,13.582172,0.19963770612096374,0.01386435,92.544685,1.9504403,225.98482908094738,-16.220079649841367,0.9959277,425,47,47,0,1.0,0.06792794780877703
2941938424648237312,93.75347742061469,-18.66477768552741,-0.6304469392441148,0.033168938,1.9499298519102892,0.04241931,0.57578945,16.171398,0.19787143867729118,0.040122904,,,225.96008913736412,-16.222721158553217,0.9437612,454,44,44,0,1.0,0.054556672731303005
2941938459007980672,93.72562543710394,-18.66814448391141,-0.6037786208062069,0.033303168,1.98003530982824,0.039769735,0.55869293,16.02689,0.1420844809189238,0.040333103,,,225.95222520797523,-16.248227958929785,0.9778202,420,44,43,0,1.0,0.03771354716878662
2941938523429134976,93.78239572028173,-18.670440545665638,-0.5357253371676005,0.068969116,1.8988327400867506,0.08966873,0.77409744,17.50113,0.20014160511454457,0.08466022,,,225.97698472629725,-16.199929730349783,1.0344453,437,46,45,0,1.0,0.0687082318212892
2941938699527098496,93.81789494272684,-18.63914100994301,-0.5587199048378415,0.07217955,1.8858566158308006,0.08849073,0.77929497,17.49268,0.2698751709942088,0.08604746,,,225.96128007700082,-16.15653121432478,1.0548584,453,45,43,0,1.0,0.07074899490812042
2941938729587622144,93.78595578344233,-18.641530943767506,-0.5771185691577868,0.040401973,1.8990592463375842,0.05177795,0.6732559,16.485308,0.23897387708296328,0.04970111,,,225.95085103572796,-16.1851891533854,1.0477083,443,48,46,0,1.0,0.05539390132101745
2941938733885873536,93.79111327231186,-18.649845361119834,-0.5652277962786783,0.023259629,1.9556729997870952,0.029223047,0.6075573,15.438574,0.19277293389937483,0.027865618,,,225.96082526801794,-16.18406923957261,0.95511156,443,50,50,0,1.0,0.010918952467936898
2941938871324833792,93.74354527508883,-18.645283841665403,-0.5605265718327035,0.012331349,2.0177421914948175,0.015767554,1.5555649,11.628919,0.2410122947697278,0.015082962,92.32218,0.31589726,225.9375588845621,-16.223477571588816,1.1638956,421,46,46,0,1.0,0.06518103177244376
2941938871324834688,93.74000000089212,-18.646406817203232,-0.6129302953932979,0.021588385,1.9060386052899478,0.028970374,0.6237068,15.230847,0.18861861922836543,0.02800218,,,225.9372193042395,-16.227004459703934,0.98578846,374,44,44,0,1.0,0.06083719501918321
2941938905684567168,93.75966199266121,-18.629633146664847,-0.6034310954804558,0.025122741,1.9707221595495366,0.032359198,0.5980339,15.529215,0.22543925310257695,0.0304695,,,225.9290533160589,-16.20319309723185,0.9753947,433,49,47,0,1.0,0.03183127398601165
2941938905684568576,93.74975661726265,-18.630584554207733,-0.6240253442618021,0.048189744,1.9159623891159623,0.06150534,0.75997734,16.842415,0.19632910744392784,0.056753594,,,225.92601957775616,-16.21216650368759,0.9846598,417,47,48,0,1.0,0.06148008658609042
2941939043123513856,93.77646094361309,-18.618890881608824,-0.6328047144302674,0.09397539,1.9767716001717481,0.12344507,0.8629093,18.027716,0.3124895070903481,0.1125717,,,225.92550044392607,-16.184293957405913,0.965745,444,42,46,0,1.0,0.06096352204960304
2941939111842978560,93.8788557650285,-18.670891387425502,-0.5449500626970801,0.029794723,1.966924937503098,0.039007425,0.56908226,15.846757,0.23844761925740435,0.036480963,,,226.01577593937537,-16.1164852874073,0.93882036,396,42,38,0,1.0,0.03353645841480242
2941939146202721792,93.84898193987694,-18.659502803999796,-0.5014535690269455,0.038916647,1.9521190592877655,0.049214534,0.5936527,16.349693,0.2742258205921935,0.046917066,,,225.99304475901954,-16.13779016575454,1.040724,430,46,47,0,1.0,0.0746599093898646
2941939180562449792,93.87234422169851,-18.652886859754105,-0.6421316768400479,0.029313035,1.9163114966010344,0.03646197,0.54058456,15.80959,0.25588793599232873,0.034481525,,,225.99603702800448,-16.114867396456884,0.99585885,424,46,48,0,1.0,0.07627070902163001
2941939180562450816,93.87068631865071,-18.652754420894002,-0.5945017678991146,0.010970478,1.9414440995993871,0.01432044,1.1626177,13.49888,0.20301094493943225,0.013001167,92.61655,2.0213404,225.99525127341232,-16.11625129511092,1.0773691,445,48,47,0,1.0,0.022548662139430138
2941939214922181632,93.88961537982172,-18.646581268011047,-0.6096585660686674,0.04096174,1.9198889858931412,0.05170109,0.6030464,16.320158,0.14226597903152627,0.047424708,,,225.99690378765402,-16.097350080171978,1.0597252,404,41,42,0,1.0,0.04818409369136172
2941939214922183296,93.89304962575642,-18.654340064123296,-0.5779319475626071,0.03565297,1.8855387837926065,0.045217115,0.58852196,16.170572,0.1873933751236181,0.041756198,,,226.00565916391454,-16.097503425789668,1.0370992,439,50,47,0,1.0,0.0689295319233495
2941939214922185344,93.88492674957018,-18.65454448585559,-0.5967422521903799,0.04153226,1.924766100074392,0.053166438,0.6214695,16.527777,0.16320847524195667,0.0498758,,,226.0026219279643,-16.10462782536475,0.9556421,434,48,47,0,1.0,0.03616324689406539
2941939249281912448,93.90030361850873,-18.636777252554065,-0.5220530663140815,0.02191889,2.00452804844363,0.027630165,1.1069403,15.159233,0.20781159167073898,0.025142657,,,225.99182123782276,-16.084127490537995,1.0451245,436,45,47,0,1.0,0.07366880439270491
2941939249281915008,93.89983340585675,-18.64241713322172,-0.541025517739772,0.030734101,1.9036138733117869,0.039644863,0.55790424,15.912602,0.19715090963858956,0.03744542,,,225.99700456832224,-16.086811215736812,0.9298118,410,43,42,0,1.0,0.06174352949118489
2941939283641659904,93.87681509738282,-18.640003236060522,-0.5534168173133,0.011174802,1.9588183154375736,0.01463553,1.2651663,13.373675,0.224511249397681,0.013508847,93.82532,1.6010219,225.98554560690133,-16.105793337713763,1.0668209,446,51,50,0,1.0,0.023078935139225244
2941939283641663104,93.86776586863806,-18.642879620537638,-0.5945699286807435,0.021334244,1.9739661706036926,0.027144196,0.59076977,15.189748,0.19110621956590756,0.025374562,,,225.9846841356711,-16.114799466815953,1.0123571,435,48,45,0,1.0,0.026890850300792083
2941939313703193472,93.88179080229607,-18.632701360581642,-0.5576770552845576,0.061070126,1.9535332991815326,0.07703383,0.71367455,17.260157,0.15409119611923627,0.072707996,,,225.98057193082806,-16.098533018213182,0.99067444,402,42,43,0,1.0,0.01842272616838144
2941939318001389568,93.89085966375278,-18.63074650347615,-0.5668943329145215,0.028584264,1.9437362280041652,0.036166877,0.5937929,15.742387,0.22192212263509203,0.03323452,,,225.98231980270623,-16.08988138461139,1.0349914,436,46,47,0,1.0,0.014105650322487244
2941939352361148672,93.85096807760344,-18.652714878051995,-0.5590527634818667,0.05153329,2.001802361471185,0.06686446,0.7108822,17.021725,0.2070912397617097,0.06229709,,,225.9873688199741,-16.133330463059437,0.978832,464,51,50,0,1.0,0.050326032230433006
2941939386717322624,93.85897212246734,-18.643037942085883,-0.5231271683659167,0.031589203,1.93508909246343,0.03948081,0.57042027,15.974694,0.1999804536227678,0.03782193,,,225.9813358633737,-16.122487506653773,0.9874561,437,46,46,0,1.0,0.05637644034511013
2941939386720879616,93.86242042096099,-18.64377555761144,-0.554043051671586,0.04147353,1.8884225099111227,0.054435246,0.63718796,16.587017,0.14106513103090754,0.051861003,,,225.98341048789007,-16.11979539643303,1.0125273,447,45,44,0,1.0,0.0696007204583171
2941939386720881536,93.85714343934099,-18.643782017067597,-0.5454067543202252,0.028471578,1.9635492415798534,0.036839534,0.49648666,15.846999,0.1769117158960297,0.034355737,,,225.9813169628132,-16.124373151423004,1.0287671,457,49,48,0,1.0,0.03199373102019989
2941939386720881920,93.8514726245047,-18.640137507421624,-0.5929112253228633,0.027392974,1.9642000545698821,0.032847904,0.58278084,15.529348,0.19023373029439342,0.029837525,,,225.97558917498384,-16.12781962168314,0.9123255,431,49,47,0,1.0,0.01945699042258357
2941939386720882944,93.8536877085609,-18.643734887117432,-0.5255076753654643,0.047490407,2.009930497781593,0.061128657,0.66488075,16.843784,0.25502463049838625,0.056941636,,,225.9798970811683,-16.127350283049953,1.0222837,457,47,44,0,1.0,0.07507401924054134
2941939421080622976,93.83419271983294,-18.632796968707524,-0.5750414410450077,0.01127515,1.9494841401028464,0.014110831,1.1668634,13.594137,0.1665888317541309,0.013182531,93.028145,1.9473559,225.9617211568057,-16.139841056019282,1.0118272,453,51,48,0,1.0,0.00506624555988744
2941939421080902400,93.83509530865551,-18.648503260921327,-0.6386287464570803,0.046315894,1.9113089642600907,0.055712108,0.6797514,16.36485,0.15227802614324223,0.04872849,,,225.97704219903903,-16.14539350939584,1.11025,415,45,43,0,1.0,0.07598197698253163
2941939489800092544,93.86066683634634,-18.63498985759166,-0.6083773563263757,0.027928956,1.9648174179594196,0.035622336,0.560091,15.5361185,0.2236777048618484,0.03201891,,,225.97434476844577,-16.1177712814794,1.1628435,416,44,43,0,1.0,0.03392514376590809
2941939524159818496,93.88724968350644,-18.62334176893488,-0.5659267067332282,0.062935844,1.9657083274689504,0.07323328,0.7658291,17.06604,0.17858836844145315,0.06830185,,,225.97383178836387,-16.090022869630637,1.0465584,405,42,44,0,1.0,0.015163569138601871
2941939627239031296,93.91045752589622,-18.63470028157764,-0.571171945923015,0.020613732,1.960944578747023,0.024542263,0.6598749,14.843504,0.2497736824730026,0.02303971,,,225.99388493800535,-16.074486147103663,1.0403466,402,42,43,0,1.0,0.008144215371643075
2941939627239032192,93.91105222616814,-18.638253038668065,-0.6144205345810576,0.050868787,1.9750085159330575,0.065326504,0.6591778,16.860624,0.1666216319659517,0.06218867,,,225.99750442191896,-16.075404518521342,1.0636895,417,45,46,0,1.0,0.04351011449893425
2941939661598763264,93.92375445562196,-18.615532575265064,-0.5227156776053322,0.03379476,1.9643834008635688,0.04141966,0.5605869,15.960386,0.18959472206041358,0.03884247,,,225.98092915827044,-16.055220213925708,1.0181955,423,45,44,0,1.0,0.054279517918149514
2941939799037708928,93.94446985763169,-18.59486007946396,-0.5526833603847383,0.0779603,1.9225971311371126,0.09001595,0.8140011,17.599398,0.249355479805106,0.08880722,,,225.96950039401295,-16.02891133646102,0.99449867,421,46,46,0,1.0,0.03951529098281331
2941939730318242560,93.90976266435895,-18.613255748551413,-0.5989957517091119,0.013191835,1.9164674682851952,0.016622966,1.09478,13.930579,0.21064979481914667,0.014886798,91.127686,4.126428,225.97319070754583,-16.06643215251768,0.9981964,434,47,45,0,1.0,0.044355656300023735
2941939799037709696,93.94519136442543,-18.599634175349156,-0.6362088874188312,0.071537524,1.9808474703774945,0.085433275,0.80119896,17.557796,0.19440138203274807,0.0859329,,,225.97433180800644,-16.030213994514774,0.96256644,429,45,46,0,1.0,0.06567332855892968
2941939833397451264,93.93139404769249,-18.604278059779375,-0.5708994217755441,0.036659315,1.9499676517186093,0.043027807,0.57731724,16.140041,0.16003607830863942,0.040437642,,,225.97325734033473,-16.044052145514797,0.94619346,398,42,41,0,1.0,0.0068441420998398995
2941939936476671488,93.90400247348165,-18.602539593717022,-0.5276147410443649,0.010779821,1.9468782685230663,0.014064895,1.1821947,13.514035,0.19648656972191453,0.012569458,92.84439,1.6378527,225.96069464631438,-16.06710019466052,0.9670438,452,51,48,0,1.0,0.04904945704742962
2941940039555883776,93.90958494765307,-18.598807893969813,-0.5878401390019806,0.023573205,1.9992152967467733,0.029808836,0.56682396,15.426559,0.2600285871667214,0.0275636,,,225.95936492049606,-16.060753059743128,0.9985622,451,51,48,0,1.0,0.04629137010960811
2941940073915616768,93.92630579313071,-18.584800138941556,-0.582694910640613,0.030181192,1.964315988233096,0.035939094,0.5651617,15.967778,0.22403668097498494,0.03470296,,,225.95268989228057,-16.040597802796135,0.92477727,459,52,48,0,1.0,0.011885356337348964
2941940138337017216,93.91152391091617,-18.57014640287484,-0.5371794007683431,0.06108631,1.9639353817263183,0.077452466,0.737545,17.298689,0.2178928087288826,0.07311044,,,225.932852698804,-16.04749724494147,1.0193313,438,46,47,0,1.0,0.04003928378024604
2941940142635093760,93.91495863235299,-18.577064065803,-0.6062396839490869,0.033108946,1.9555753514179994,0.041982025,0.58747196,16.162376,0.19939069370871532,0.03897143,,,225.94080593523006,-16.047312755464542,1.0027026,459,45,45,0,1.0,0.03018362847146012
2941940211354599680,93.83573281399636,-18.620112190275222,-0.5129899772000102,0.052634288,1.91823214782757,0.06537236,0.688015,17.038017,0.18941205212037188,0.062886335,,,225.9502511540812,-16.13338854498023,0.99154717,464,50,45,0,1.0,0.07274105367621023
2941940280074076800,93.8238195318634,-18.61130752560799,-0.593904417224592,0.026793452,1.9415764307993884,0.034463547,0.60050774,15.546134,0.20579284988739846,0.033172987,,,225.93712280349055,-16.14016689300087,1.0586928,425,47,43,0,1.0,0.021985548419942037
2941940378855119360,93.8350496410673,-18.611979532362593,-0.5574797552192721,0.0247512,1.8850415412792183,0.03055629,0.573349,15.508459,0.18557226961647147,0.02958276,,,225.94223282452631,-16.13069981737947,0.96980673,427,46,48,0,1.0,0.07185040519104002
2941940417513021696,93.83926386523859,-18.59758568850462,-0.5408369021347373,0.010063184,1.9806763591430312,0.012728434,1.3151426,12.252688,0.24857134672587272,0.011531437,91.51137,0.39012632,225.9302009565373,-16.121237424555446,1.0243269,427,46,45,0,1.0,0.043932393137597205
2941940451872778496,93.79981584438383,-18.6153733768382,-0.5599073058632051,0.02363016,1.92989522935132,0.029602353,0.6250973,15.340745,0.20469669410610564,0.027947672,,,225.93144276167786,-16.162622255960848,1.0612086,449,47,48,0,1.0,0.029395222320719772
2941940481934345088,93.8186926562383,-18.60370310588624,-0.5210955175716749,0.060324483,1.9980049278210885,0.0756571,0.74536896,17.272541,0.2796784546762153,0.07460251,,,225.92783847087475,-16.141544871067456,1.0447938,447,50,49,0,1.0,0.07014702751074042
2941940486232509824,93.81294400166564,-18.608377308974678,-0.6327195710587197,0.019081462,1.9695239154341628,0.023857871,0.63045216,14.967083,0.2179679647676153,0.022782404,,,225.93000282518665,-16.14841573982837,1.0510212,456,47,46,0,1.0,0.0586154517514464
2941940486232510976,93.80863780459481,-18.60741336370726,-0.5807599764935238,0.026149506,1.9283568772871136,0.03295132,0.55800533,15.691524,0.174972305703223,0.03159077,,,225.92737059233636,-16.151761168195147,0.9640238,459,50,49,0,1.0,0.026503436245263228
2941940520592256128,93.78330254038185,-18.60464013864151,-0.5682180233482765,0.027337406,2.0024374519463706,0.035196066,0.5641327,15.743681,0.20646318298183486,0.034158938,,,225.91464486246457,-16.172613698252746,1.0442041,446,48,48,0,1.0,0.04863333152278978
2941940554951986176,93.8026214479201,-18.598989006939647,-0.569326602810335,0.023755431,1.992134390541552,0.02983325,0.60632896,15.438793,0.20307593469847576,0.028321363,,,225.9169505622454,-16.153580189087513,1.0298595,437,49,48,0,1.0,0.038290802567795115
2941940589311717376,93.82691314335456,-18.597501118778972,-0.587963460505073,0.024373397,1.9707154530169346,0.029622326,1.0187292,15.467973,0.1800709274652806,0.02863811,,,225.9252033909389,-16.13191375209794,1.0070335,434,48,48,0,1.0,0.020150981803336014
2941940623671448192,93.82909314366401,-18.58148016119661,-0.5932634974787108,0.04659207,1.9038912570848625,0.056577496,0.6744404,16.791676,0.1642457060831359,0.057707272,,,225.9108122612243,-16.123558129563353,1.0172187,447,46,46,0,1.0,0.05339364044402402
2941940623671450240,93.82993076319688,-18.586921261734037,-0.5253819955875,0.02995761,1.915484120914657,0.03686355,0.5679331,15.93746,0.2682734289644665,0.036549993,,,225.91632798862375,-16.125027551839437,1.0078559,457,52,52,0,1.0,0.06393618035106936
2941940658031193600,93.81618654753619,-18.587679770392217,-0.5349211504290797,0.032802343,1.9490546676212452,0.038934845,0.65957737,15.958695,0.1167585462389551,0.03718316,,,225.9115780635699,-16.13725317393386,1.0121498,416,43,43,0,1.0,0.04150741873353852
2941940692390925184,93.8251106114481,-18.578566282916494,-0.6006759964287147,0.025811484,1.8858259563031492,0.031943977,0.5926819,15.63877,0.18903338946569254,0.030977532,,,225.9064511705213,-16.125836047580226,1.0244706,448,44,45,0,1.0,0.07289337729202539
2941940726750659584,93.8607921163079,-18.595351858606513,-0.530267092768322,0.03291445,1.972293846557565,0.041199252,0.6105232,16.145937,0.2850656623179716,0.040648207,,,225.9366450030158,-16.101667183690886,0.9974367,441,46,41,0,1.0,0.049165170810144695
2941940726750659840,93.85742600093484,-18.593327906162358,-0.6080748725643855,0.06356295,1.9165775162797005,0.077955656,0.735836,17.372644,0.20353614685101268,0.07608905,,,225.93337731680205,-16.103769257505036,0.89611274,445,44,46,0,1.0,0.04957486683879193
2941940761110390144,93.88303669913842,-18.578522040651606,-0.6038638119871835,0.019240798,1.963673133576971,0.024028365,0.5785351,14.958453,0.21392137322307597,0.021891445,,,225.92947846644452,-16.075583150965137,0.9858773,462,49,46,0,1.0,0.0292793363736558
2941940761110393344,93.8809889832453,-18.588377373457796,-0.5215563770743794,0.0414867,1.9082579268747777,0.0519628,0.6865654,16.533237,0.1887089303979122,0.050677,,,225.9380463386859,-16.08133789646005,1.03419,443,45,47,0,1.0,0.07145365035390891
2941940825531774976,93.8633511957949,-18.576774141855648,-0.610870399645585,0.06552069,1.9722008379935727,0.08033058,0.78045654,17.416853,0.1595845020710328,0.0778767,,,225.91997366150227,-16.091948782215127,0.9741499,451,48,47,0,1.0,0.039062623077622066
2941940864189604736,93.88667375857972,-18.58018270236225,-0.6212186592976345,0.07666782,1.9148750303408097,0.098238,0.7944832,17.679123,0.25944317134115813,0.09224123,,,225.93250819316472,-16.073099687627156,0.9458692,427,45,42,0,1.0,0.060028292926013506
2941940898549336832,93.90404689718837,-18.56233175085128,-0.5553230879974344,0.066373155,1.9266105745903463,0.07826861,0.72239304,17.241066,0.2532631365543636,0.07671335,,,225.92243499839702,-16.050824907208696,1.0436537,419,44,43,0,1.0,0.03471888292973465
2941940932909077760,93.88249777840309,-18.55819384530518,-0.5795869860737133,0.039001346,1.9347801308495576,0.04902266,0.70389557,16.457544,0.18247217108474129,0.04533777,,,225.90991025853953,-16.067841798105757,0.9792253,448,48,46,0,1.0,0.01997399676835529
2941940967268815104,93.88947083130604,-18.561092773688202,-0.5325852281384219,0.034375854,1.904299147526439,0.042801145,0.5759554,16.166206,0.20946096813877355,0.039652906,,,225.9154481951818,-16.06296520506776,1.0277038,462,49,42,0,1.0,0.06637771812960731
2941941035988298496,93.8636249000655,-18.566446230569543,-0.6019892261953831,0.021439228,1.963493401864039,0.027365096,0.9601393,15.175083,0.20962758739892726,0.025608812,,,225.91024869818096,-16.087541711585615,1.0060389,457,48,46,0,1.0,0.027446888863487146
2941942406081078784,94.18705733085913,-18.78525872831276,-0.6160867928913732,0.023254769,1.9935361670289862,0.027329274,0.61598873,15.353979,0.25773094561053034,0.025772858,,,226.24720090709104,-15.895600031590455,0.9983696,436,49,48,0,1.0,0.05593753574986876
2941942577878126208,94.18984710511282,-18.75922903034146,-0.6290432319608152,0.024643349,1.9683965620966084,0.029363122,0.5917921,15.429234,0.14009612990316717,0.028144632,,,226.22355340316946,-15.882668208110545,1.0354006,436,51,49,0,1.0,0.0547730123599483
2941947152021983616,94.06707771168152,-18.676067439884495,-0.5832760512135138,0.033625085,2.017296092112165,0.038981453,0.58219147,16.213612,0.242516255508864,0.037802618,,,226.09559721184485,-15.955434605913617,1.0198228,432,46,46,0,1.0,0.06326363968737664
2941947152021984640,94.06001754416094,-18.67192078063225,-0.6010158493529776,0.045811143,1.9962343974379229,0.052668426,0.66427803,16.78637,0.23638813456043756,0.052996945,,,226.08884168524332,-15.959877917140151,0.97345936,426,46,48,0,1.0,0.048666441914457424
2941948217173838208,94.17607250086834,-18.642777914685784,-0.5718363914071724,0.044631768,1.9292192035590687,0.048599765,0.6491718,16.685593,0.25952526823839267,0.050108183,,,226.10734083018752,-15.847525207767855,1.0335941,430,47,45,0,1.0,0.025578179852560015
2941959006131714048,94.06294453570794,-18.65228770891705,-0.5601926244954514,0.045663655,1.9316939881956903,0.052812424,0.66500473,16.807068,0.28135392579804214,0.052339554,,,226.07132801139505,-15.94940918744932,0.90367216,444,47,45,0,1.0,0.027746288147207133
2941959040491446528,94.07278112102708,-18.64177214076118,-0.570159307975512,0.033794235,1.97553882816976,0.0380666,0.56801605,16.12399,0.24148513192844373,0.037018243,,,226.06524142434483,-15.936634509151748,1.0320944,468,52,49,0,1.0,0.02190984454058946
2941959212290157440,94.0088282054959,-18.646322402340466,-0.5817979506748767,0.010745839,1.9750600773759919,0.013529759,1.2118788,13.342026,0.20380738397472287,0.011881218,92.42369,1.2276223,226.04410623597056,-15.993903891619974,0.9934286,427,47,46,0,1.0,0.021395677101520755
2941960140003071616,94.03133941659826,-18.599030485141324,-0.5710675029379995,0.038423743,1.950154154932426,0.04483055,0.6139488,16.376585,0.2605156490053528,0.044347174,,,226.0080741374932,-15.955282297033547,0.8853771,432,48,49,0,1.0,0.00659509239729676
2941960174362816896,94.01318556800429,-18.60576878584894,-0.5708373105351224,0.040213916,1.938401532100498,0.04756906,0.61989594,16.46695,0.21169220225788954,0.045013312,,,226.0072527398356,-15.97374325281507,0.9533254,440,47,46,0,1.0,0.016875948065462498
2941960311801513088,93.97036477720324,-18.608477703109976,-0.5672005513760424,0.03817265,1.9328528566859968,0.046084587,0.6108494,16.438486,0.18531485759058527,0.04641749,,,225.99277464152738,-16.011960704712248,0.9574203,440,48,46,0,1.0,0.023344085239026115
2941960552319922176,94.05402015698637,-18.579153222290557,-0.6219807603993396,0.03192749,1.9797965886954305,0.035890855,0.5395422,15.837565,0.20714136635797706,0.03567246,,,225.99820438167293,-15.927584231385932,1.0004765,392,40,40,0,1.0,0.05243963028271719
2941960689758868864,94.07334500857878,-18.566443258639236,-0.5450094424977164,0.01270933,1.9475296359191208,0.014060408,1.1751757,13.536281,0.1968297292737387,0.013528313,90.62917,1.8017381,225.99381978553296,-15.905690661696243,0.9709016,384,40,42,0,1.0,0.03182782923335845
2941961170796080000,94.12989625311059,-18.567813812079216,-0.6212293421155499,0.029128619,2.006217333482326,0.031241685,0.6289139,15.573775,0.13754502726294837,0.030482404,,,226.0176702699567,-15.857219758557875,1.0251532,411,41,37,0,1.0,0.06869681336721419
2941961308234139392,94.14871031643631,-18.558799210942357,-0.5136453882846179,0.0453043,1.9214474206570131,0.04839707,0.66275024,16.637882,0.25440822765244747,0.048407003,,,226.01660394098323,-15.837262162627308,1.025787,407,45,44,0,1.0,0.07061497243611325
2941963129300255360,94.12905329486775,-18.477079211936452,-0.6093785603148661,0.04626545,1.9661090927007794,0.050165597,0.6244259,16.544157,0.1234445618720626,0.054299146,,,225.93109213245202,-15.821219269220022,1.0108422,341,35,36,0,1.0,0.035285463592439927
2941963335458488064,93.94564544502947,-18.576342243064428,-0.6274175857391842,0.04061674,1.976300311877562,0.047715586,0.6242161,16.519901,0.17704821420124348,0.047214862,,,225.95234404242342,-16.02041183896131,0.9952766,442,44,40,0,1.0,0.055799214496277914
2941963369818223488,93.9624956766333,-18.571758235107698,-0.5678011530309952,0.011320462,1.9569086322759452,0.01395903,1.1947098,13.613484,0.21342768755100597,0.013043581,93.28563,1.8637778,225.95469532122462,-16.0039489224756,1.0435526,473,47,48,0,1.0,0.008635508487926657
2941963541616919808,93.92678804488916,-18.573059157921968,-0.5768487576582582,0.017122852,1.9328593991051306,0.020931132,0.5934887,14.737231,0.22835808755010448,0.019613031,,,225.94170640334082,-16.035437324065576,0.9713495,461,50,48,0,1.0,0.021597743598005488
2941964538049325824,93.9347587955383,-18.524337906414843,-0.5503615266065882,0.022931935,1.9464265597838637,0.026995433,0.6211662,15.314015,0.19097310802123812,0.026558649,,,225.8985148319725,-16.008839044175485,1.0169418,435,46,46,0,1.0,0.02693639841654058
2941964641128547200,93.89030283513614,-18.538329062510268,-0.5619981873673019,0.06990449,1.897769984901159,0.09035191,0.79393005,17.57985,0.2077624952098049,0.08529986,,,225.89411002317425,-16.053049107213656,1.0037032,448,44,43,0,1.0,0.058395997841097606
2941965328323302272,93.95157712890516,-18.46917892021446,-0.5175679718519882,0.04093503,1.953898829164001,0.04863895,0.6585045,16.568607,0.23158818000265985,0.047981273,,,225.8527427473728,-15.971949921730632,1.0337962,465,49,46,0,1.0,0.05851185175857889
2941966840152803712,93.98050143130227,-18.46071325613603,-0.5677125440863099,0.06594728,1.9195820177953284,0.078461975,0.78871346,17.552452,0.26700915554596666,0.08677756,,,225.85623320810177,-15.943435087366655,0.9141193,446,47,47,0,1.0,0.035850831889378695
