_RAJ2000,_DEJ2000,_r,RA_ICRS,DE_ICRS,GaiaDR2,Plx,pmRA*,pmDE,RV,o_Gmag,Gmag,BP-RP,proba,Cluster,Teff50,Simbad,_RA.icrs,_DE.icrs
268.0325865780327,-35.1123500784401,0.434672,268.03260236038,-35.11237632263,4040708431928693376,3.610536123632246,2.998537076056743,-6.0954246405641435,-20.64335652396339,175,12.209382,0.94710636,1.0,http://vizier.u-strasbg.fr/viz-bin/VizieR-4?-info=XML&-out.add=.&-source=J/A+A/640/A1&Cluster=%-17s,5965.088,Simbad,268.03258657803,-35.11235007844
267.9984665636273,-35.105938217324,0.453078,267.9984803475,-35.10596348447,4040709217806453632,3.6527508395303223,2.6190469372073606,-5.868497089888663,,175,12.4369955,0.9631052,1.0,http://vizier.u-strasbg.fr/viz-bin/VizieR-4?-info=XML&-out.add=.&-source=J/A+A/640/A1&Cluster=%-17s,5673.244,Simbad,267.99846656363,-35.10593821732
267.9561577271527,-35.1021580526594,0.479566,267.95617156834,-35.10218418978,4040709355245406848,3.6844189988760423,2.6300582887932644,-6.070555735601376,,127,9.366785,0.25631905,0.9,http://vizier.u-strasbg.fr/viz-bin/VizieR-4?-info=XML&-out.add=.&-source=J/A+A/640/A1&Cluster=%-17s,8782.527,Simbad,267.95615772715,-35.10215805266
268.7062249042804,-35.2571478343829,0.46716,268.70624030983,-35.25716991923,4040729112097391616,3.5561459942161187,2.9217378040747626,-5.1293833784871135,,139,14.543385,1.5746107,0.8,http://vizier.u-strasbg.fr/viz-bin/VizieR-4?-info=XML&-out.add=.&-source=J/A+A/640/A1&Cluster=%-17s,4403.0205,Simbad,268.70622490428,-35.25714783438
268.4865050987844,-35.3302199320986,0.49031,268.48651936977,-35.33024260475,4040735056426283392,3.7133822519165554,2.7041195160320575,-5.265905608749369,,150,16.879705,2.276331,0.7,http://vizier.u-strasbg.fr/viz-bin/VizieR-4?-info=XML&-out.add=.&-source=J/A+A/640/A1&Cluster=%-17s,3994.5762,Simbad,268.48650509878,-35.3302199321
268.5487032188828,-35.2722919203674,0.439279,268.54871949319,-35.27231535408,4040735640446987136,3.823514150259288,3.085925425697199,-5.442668823996126,-12.771404158093398,150,12.082088,0.89311504,0.9,http://vizier.u-strasbg.fr/viz-bin/VizieR-4?-info=XML&-out.add=.&-source=J/A+A/640/A1&Cluster=%-17s,5844.469,Simbad,268.54870321888,-35.27229192037
268.2930968172458,-35.3093769966652,0.485035,268.29311131772,-35.30939936745,4040737534583521024,3.639341123892236,2.7483118762659107,-5.195794114589651,,174,17.07722,2.2992735,0.7,http://vizier.u-strasbg.fr/viz-bin/VizieR-4?-info=XML&-out.add=.&-source=J/A+A/640/A1&Cluster=%-17s,3854.9219,Simbad,268.29309681725,-35.30937699667
268.3918391496308,-35.2589045005543,0.420364,268.39185484531,-35.2589331776,4040738595392738176,3.526322474569748,2.9766972002174894,-6.660474787674889,,137,16.833035,2.4709272,0.7,http://vizier.u-strasbg.fr/viz-bin/VizieR-4?-info=XML&-out.add=.&-source=J/A+A/640/A1&Cluster=%-17s,3635.076,Simbad,268.39183914963,-35.25890450055
268.4272557518684,-35.2386555868839,0.398004,268.4272728626,-35.23867579305,4040738732823438080,3.601283280257394,3.245873077814472,-4.693045361684642,,176,12.10877,0.9187794,0.8,http://vizier.u-strasbg.fr/viz-bin/VizieR-4?-info=XML&-out.add=.&-source=J/A+A/640/A1&Cluster=%-17s,6094.4204,Simbad,268.42725575187,-35.23865558688
268.3962008977412,-35.2388660942272,0.400061,268.39621480909,-35.23889449809,4040739458728752384,3.369737349517718,2.638950358438675,-6.597025629537792,,146,16.297531,2.2393618,0.8,http://vizier.u-strasbg.fr/viz-bin/VizieR-4?-info=XML&-out.add=.&-source=J/A+A/640/A1&Cluster=%-17s,4528.967,Simbad,268.39620089774,-35.23886609423
268.638380174023,-35.1979424198385,0.389864,268.63839873213,-35.19796554697,4040741481603603072,3.4935171011511144,3.522204951982844,-5.371462054581642,,145,13.318573,1.1957407,1.0,http://vizier.u-strasbg.fr/viz-bin/VizieR-4?-info=XML&-out.add=.&-source=J/A+A/640/A1&Cluster=%-17s,5189.6797,Simbad,268.63838017402,-35.19794241984
268.5714830002981,-35.2368720977668,0.40881,268.57149736468,-35.23689803562,4040741653401199232,3.618906904159156,2.724957139074544,-6.024275521984858,,104,12.546229,0.99367905,0.9,http://vizier.u-strasbg.fr/viz-bin/VizieR-4?-info=XML&-out.add=.&-source=J/A+A/640/A1&Cluster=%-17s,5414.7153,Simbad,268.5714830003,-35.23687209777
268.5915657986905,-35.1931048187592,0.371503,268.59157942851,-35.19312808957,4040742173150467712,3.3736647925877983,2.5870018065009996,-5.404832676753471,,130,15.333227,1.8663359,0.7,http://vizier.u-strasbg.fr/viz-bin/VizieR-4?-info=XML&-out.add=.&-source=J/A+A/640/A1&Cluster=%-17s,4027.2427,Simbad,268.59156579869,-35.19310481876
268.7143361198247,-35.1595763065623,0.386608,268.71435340144,-35.15959717332,4040743233949159296,3.4405054648259825,3.2814826156730224,-4.846473395653863,-8.007976751433464,155,11.045313,0.73646355,1.0,http://vizier.u-strasbg.fr/viz-bin/VizieR-4?-info=XML&-out.add=.&-source=J/A+A/640/A1&Cluster=%-17s,6254.592,Simbad,268.71433611982,-35.15957630656
268.7257507417892,-35.1359126578863,0.373021,268.72576053801,-35.13593672742,4040743581899434112,3.5581910263938608,1.860675859946277,-5.590343955423109,,160,16.190939,2.1730423,0.8,http://vizier.u-strasbg.fr/viz-bin/VizieR-4?-info=XML&-out.add=.&-source=J/A+A/640/A1&Cluster=%-17s,4297.4297,Simbad,268.72575074179,-35.13591265789
268.7233657838523,-35.0892961618717,0.3361,268.72338554794,-35.08931890985,4040744436539998720,3.6120630542144934,3.7561022640116226,-5.28340011702384,,155,7.9915614,0.12263298,1.0,http://vizier.u-strasbg.fr/viz-bin/VizieR-4?-info=XML&-out.add=.&-source=J/A+A/640/A1&Cluster=%-17s,9150.968,Simbad,268.72336578385,-35.08929616187
268.695261803396,-35.0715752323661,0.307539,268.69527819102,-35.07159456763,4040744715771269632,3.5496600286065627,3.1150929774307525,-4.490771430261006,,151,13.858693,1.3512249,0.8,http://vizier.u-strasbg.fr/viz-bin/VizieR-4?-info=XML&-out.add=.&-source=J/A+A/640/A1&Cluster=%-17s,5057.2954,Simbad,268.6952618034,-35.07157523237
268.4714529512566,-35.0874313512598,0.247274,268.47146992652,-35.08745928938,4040746807361945856,3.52310481205137,3.226168571822896,-6.488854581375029,-14.970904755565702,145,11.651942,0.9790487,0.7,http://vizier.u-strasbg.fr/viz-bin/VizieR-4?-info=XML&-out.add=.&-source=J/A+A/640/A1&Cluster=%-17s,6435.138,Simbad,268.47145295126,-35.08743135126
268.6626224406907,-35.0493661522899,0.273259,268.66264215615,-35.04938819513,4040747700717351168,3.601298026380265,3.748693817264519,-5.1196274087036375,-13.877276806948057,152,13.455388,1.230525,0.7,http://vizier.u-strasbg.fr/viz-bin/VizieR-4?-info=XML&-out.add=.&-source=J/A+A/640/A1&Cluster=%-17s,5329.6533,Simbad,268.66262244069,-35.04936615229
268.5798896922948,-34.9728994793393,0.171122,268.57990406048,-34.97292258353,4040749143824147328,3.578463947583742,2.734518836540194,-5.366135436176702,-17.259228732598984,165,12.185855,0.9063139,1.0,http://vizier.u-strasbg.fr/viz-bin/VizieR-4?-info=XML&-out.add=.&-source=J/A+A/640/A1&Cluster=%-17s,5868.388,Simbad,268.57988969229,-34.97289947934
268.8281543053768,-35.1808148755721,0.461469,268.8281713681,-35.18083621867,4040753958543736320,3.5871112151762947,3.239074056791904,-4.957106584957836,,91,9.895394,0.4272833,1.0,http://vizier.u-strasbg.fr/viz-bin/VizieR-4?-info=XML&-out.add=.&-source=J/A+A/640/A1&Cluster=%-17s,7787.794,Simbad,268.82815430538,-35.18081487557
268.8278405527574,-35.1838809228416,0.463557,268.82785432275,-35.18390739634,4040753958544909824,3.4942460388804326,2.6139045625509905,-6.148683888206444,,115,17.09364,2.3252783,0.8,http://vizier.u-strasbg.fr/viz-bin/VizieR-4?-info=XML&-out.add=.&-source=J/A+A/640/A1&Cluster=%-17s,3832.0818,Simbad,268.82784055276,-35.18388092284
268.8446175247535,-35.1718809549364,0.464304,268.84463653134,-35.17190623327,4040753992903469440,3.6510192225835367,3.608479315520759,-5.87109701294215,,141,16.319508,2.2286768,0.9,http://vizier.u-strasbg.fr/viz-bin/VizieR-4?-info=XML&-out.add=.&-source=J/A+A/640/A1&Cluster=%-17s,3929.1423,Simbad,268.84461752475,-35.17188095494
268.906566308262,-35.1362695961195,0.478504,268.90658474417,-35.13629317977,4040754366579684608,3.593415842172302,3.5016656635328567,-5.4774935455872065,,149,14.602063,1.9288578,0.9,http://vizier.u-strasbg.fr/viz-bin/VizieR-4?-info=XML&-out.add=.&-source=J/A+A/640/A1&Cluster=%-17s,5344.6333,Simbad,268.90656630826,-35.13626959612
268.9074279645296,-35.1366556380045,0.479295,268.90744619328,-35.13667661218,4040754370861678080,3.5878023408318223,3.4623026314176792,-4.8714199174593,,148,14.623881,1.651556,0.8,http://vizier.u-strasbg.fr/viz-bin/VizieR-4?-info=XML&-out.add=.&-source=J/A+A/640/A1&Cluster=%-17s,4478.043,Simbad,268.90742796453,-35.136655638
268.7852776131091,-35.1503625493328,0.415355,268.78529367862,-35.15038685151,4040754989335950592,3.669241904959628,3.0509110922390996,-5.644376052319936,,154,8.56449,0.17481804,0.9,http://vizier.u-strasbg.fr/viz-bin/VizieR-4?-info=XML&-out.add=.&-source=J/A+A/640/A1&Cluster=%-17s,8674.393,Simbad,268.78527761311,-35.15036254933
268.8818559295786,-35.0938702713591,0.436983,268.88187227986,-35.09389673298,4040755397298383104,3.6008849053261645,3.1071439966797674,-6.145924682254333,,123,15.572828,2.0055637,1.0,http://vizier.u-strasbg.fr/viz-bin/VizieR-4?-info=XML&-out.add=.&-source=J/A+A/640/A1&Cluster=%-17s,3932.2632,Simbad,268.88185592958,-35.09387027136
268.9212494784441,-35.072784478561,0.452575,268.9212683438,-35.07280841853,4040756191928059520,3.3835581352170094,3.5860272859970865,-5.560251394375472,,116,17.266428,2.590047,0.7,http://vizier.u-strasbg.fr/viz-bin/VizieR-4?-info=XML&-out.add=.&-source=J/A+A/640/A1&Cluster=%-17s,3564.0237,Simbad,268.92124947844,-35.07278447856
268.976210644747,-35.0147916376834,0.46742,268.97623044149,-35.01481460702,4040756840408071040,3.6273674602941313,3.765742155228666,-5.334812269394311,,100,13.471028,1.2581692,0.9,http://vizier.u-strasbg.fr/viz-bin/VizieR-4?-info=XML&-out.add=.&-source=J/A+A/640/A1&Cluster=%-17s,4889.411,Simbad,268.97621064475,-35.01479163768
268.8996724003005,-35.0822847800176,0.442566,268.89968719106,-35.08230765212,4040756909294606208,3.6641889861477326,2.8111787800450223,-5.312229658434463,,107,17.466673,2.4508686,0.8,http://vizier.u-strasbg.fr/viz-bin/VizieR-4?-info=XML&-out.add=.&-source=J/A+A/640/A1&Cluster=%-17s,3653.689,Simbad,268.8996724003,-35.08228478002
268.8813483510873,-35.026072610437,0.40133,268.88136365255,-35.02609455122,4040757291440067456,3.512465231775114,2.9102466468043096,-5.095922441923612,,142,12.539454,1.0268488,0.8,http://vizier.u-strasbg.fr/viz-bin/VizieR-4?-info=XML&-out.add=.&-source=J/A+A/640/A1&Cluster=%-17s,5808.6553,Simbad,268.88134835109,-35.02607261044
268.9435414500388,-34.9939582986439,0.434957,268.94355859963,-34.99398294574,4040757871372537856,3.8429668087113753,3.2630307440760182,-5.724487516454296,,122,13.901709,1.4201136,0.9,http://vizier.u-strasbg.fr/viz-bin/VizieR-4?-info=XML&-out.add=.&-source=J/A+A/640/A1&Cluster=%-17s,4849.6987,Simbad,268.94354145004,-34.99395829864
268.9978366939841,-35.0026205917311,0.479716,268.99785300985,-35.00264425365,4040762754641729280,3.6526443730917677,3.104069663047935,-5.495670307528787,,93,13.2439,1.1834183,0.9,http://vizier.u-strasbg.fr/viz-bin/VizieR-4?-info=XML&-out.add=.&-source=J/A+A/640/A1&Cluster=%-17s,5236.2363,Simbad,268.99783669398,-35.00262059173
268.9900990034229,-34.958315795719,0.460634,268.99011600874,-34.95833843125,4040763609277028352,3.6453251456664018,3.2369885785826003,-5.257284025089691,,122,14.21052,1.4854612,1.0,http://vizier.u-strasbg.fr/viz-bin/VizieR-4?-info=XML&-out.add=.&-source=J/A+A/640/A1&Cluster=%-17s,4701.534,Simbad,268.99009900342,-34.95831579572
268.7659538032837,-35.0900716562147,0.361075,268.76597071667,-35.09009423945,4040767114044818688,3.628379456469143,3.2143050335853167,-5.2451372985361795,,137,16.835974,2.2305212,0.8,http://vizier.u-strasbg.fr/viz-bin/VizieR-4?-info=XML&-out.add=.&-source=J/A+A/640/A1&Cluster=%-17s,4038.011,Simbad,268.76595380328,-35.09007165621
268.7842067093852,-35.0468680115058,0.344673,268.78421911181,-35.04688883432,4040767698114625024,3.6017560200522363,2.3582671268124127,-4.836266100967812,,144,14.792093,1.6915169,0.7,http://vizier.u-strasbg.fr/viz-bin/VizieR-4?-info=XML&-out.add=.&-source=J/A+A/640/A1&Cluster=%-17s,4593.487,Simbad,268.78420670939,-35.04686801151
268.7690416135925,-35.0274227605444,0.323225,268.76906230645,-35.02744802337,4040768453999500544,3.669483538560252,3.9355924297802978,-5.867494911086704,,141,15.845934,2.1223764,0.8,http://vizier.u-strasbg.fr/viz-bin/VizieR-4?-info=XML&-out.add=.&-source=J/A+A/640/A1&Cluster=%-17s,3823.7244,Simbad,268.76904161359,-35.02742276054
268.8477088670049,-34.990810350706,0.361143,268.84772755212,-34.99083500318,4040769317353456128,3.6866803231574456,3.5553287074218365,-5.725735610653354,,145,14.143014,1.7368793,1.0,http://vizier.u-strasbg.fr/viz-bin/VizieR-4?-info=XML&-out.add=.&-source=J/A+A/640/A1&Cluster=%-17s,4774.233,Simbad,268.847708867,-34.99081035071
268.883877372109,-34.9766294104568,0.383103,268.88389565027,-34.9766529246,4040769622237401344,3.5960607671969504,3.4784977307441345,-5.461348889133302,,130,17.676758,2.572342,0.9,http://vizier.u-strasbg.fr/viz-bin/VizieR-4?-info=XML&-out.add=.&-source=J/A+A/640/A1&Cluster=%-17s,3564.755,Simbad,268.88387737211,-34.97662941046
268.920422405146,-34.9643773136544,0.40742,268.92044285654,-34.96440309901,4040769690956892032,3.5332630008128203,3.8926671898442518,-5.988856967171915,,130,16.924028,2.4372578,0.9,http://vizier.u-strasbg.fr/viz-bin/VizieR-4?-info=XML&-out.add=.&-source=J/A+A/640/A1&Cluster=%-17s,3639.028,Simbad,268.92042240515,-34.96437731365
268.7517135235166,-34.9532423532918,0.273992,268.75173237074,-34.95326786791,4040771924506991104,3.8633857882145275,3.5878195437416305,-5.925975517358642,,131,17.222486,2.4007921,0.8,http://vizier.u-strasbg.fr/viz-bin/VizieR-4?-info=XML&-out.add=.&-source=J/A+A/640/A1&Cluster=%-17s,3841.4702,Simbad,268.75171352352,-34.95324235329
268.6556857229608,-34.9730171619245,0.21617,268.65570555971,-34.97304215035,4040772341011236096,3.6219228672324992,3.7752787107986414,-5.803763675508179,,141,14.633481,1.710969,0.9,http://vizier.u-strasbg.fr/viz-bin/VizieR-4?-info=XML&-out.add=.&-source=J/A+A/640/A1&Cluster=%-17s,4422.748,Simbad,268.65568572296,-34.97301716192
268.6389013081825,-34.9699320869773,0.203476,268.6389216024,-34.96995578967,4040772405367022208,3.607629020230392,3.8624872378004005,-5.505140950141763,-10.438593931684265,147,12.8550415,1.0879574,1.0,http://vizier.u-strasbg.fr/viz-bin/VizieR-4?-info=XML&-out.add=.&-source=J/A+A/640/A1&Cluster=%-17s,5655.309,Simbad,268.63890130818,-34.96993208698
268.6607201850212,-34.9358759074072,0.199357,268.66073583122,-34.93590011864,4040772542805972992,3.3182536958910127,2.9790936209842247,-5.623254495977639,-15.707830360904152,147,10.819891,0.70488644,0.8,http://vizier.u-strasbg.fr/viz-bin/VizieR-4?-info=XML&-out.add=.&-source=J/A+A/640/A1&Cluster=%-17s,6249.243,Simbad,268.66072018502,-34.93587590741
268.6842661736686,-34.9252944490053,0.212123,268.68428207332,-34.9253140371,4040772959486635392,3.569087456413897,3.0277412479470716,-4.549493360380795,,138,17.1442,2.0733652,0.9,http://vizier.u-strasbg.fr/viz-bin/VizieR-4?-info=XML&-out.add=.&-source=J/A+A/640/A1&Cluster=%-17s,,Simbad,268.68426617367,-34.92529444901
268.7945044007532,-34.8699644885781,0.286644,268.79452121044,-34.86998597593,4040774226436938624,3.4737845805444407,3.203196323134953,-4.990611596254409,,84,12.50655,0.9977226,1.0,http://vizier.u-strasbg.fr/viz-bin/VizieR-4?-info=XML&-out.add=.&-source=J/A+A/640/A1&Cluster=%-17s,5860.1294,Simbad,268.79450440075,-34.86996448858
268.8148657075141,-34.8577490626111,0.302371,268.81488280116,-34.8577721595,4040774363872100096,3.6705638237975453,3.257789507923812,-5.36443812419748,,90,11.930083,0.95622826,1.0,http://vizier.u-strasbg.fr/viz-bin/VizieR-4?-info=XML&-out.add=.&-source=J/A+A/640/A1&Cluster=%-17s,6049.4316,Simbad,268.81486570751,-34.85774906261
268.7145908679026,-34.8431626215599,0.219644,268.71460740627,-34.8431868685,4040774986711474688,3.561934412010756,3.152520847038648,-5.631547963387499,,153,9.40747,0.29900646,1.0,http://vizier.u-strasbg.fr/viz-bin/VizieR-4?-info=XML&-out.add=.&-source=J/A+A/640/A1&Cluster=%-17s,7584.3926,Simbad,268.7145908679,-34.84316262156
268.7240775868344,-34.8374510372665,0.227454,268.72409315943,-34.83747180538,4040775016716587648,3.514198370019526,2.9686324590705313,-4.823561339273384,,117,17.14753,2.391942,0.8,http://vizier.u-strasbg.fr/viz-bin/VizieR-4?-info=XML&-out.add=.&-source=J/A+A/640/A1&Cluster=%-17s,3611.8342,Simbad,268.72407758683,-34.83745103727
269.0080772140728,-34.8838089515347,0.462378,269.00809110596,-34.88383392932,4040776189305612288,3.5207257752483487,2.646743218950803,-5.801291910068729,,123,13.562212,1.271884,1.0,http://vizier.u-strasbg.fr/viz-bin/VizieR-4?-info=XML&-out.add=.&-source=J/A+A/640/A1&Cluster=%-17s,5004.218,Simbad,269.00807721407,-34.88380895153
269.0292089481147,-34.802884354305,0.479482,269.02922633037,-34.80291082078,4040778216528757120,3.4172626417177994,3.3150022490294417,-6.14705221893442,,148,16.676983,2.1959314,0.7,http://vizier.u-strasbg.fr/viz-bin/VizieR-4?-info=XML&-out.add=.&-source=J/A+A/640/A1&Cluster=%-17s,4013.1765,Simbad,269.02920894811,-34.8028843543
268.9177846126054,-34.7466818128271,0.397963,268.9178057764,-34.74670607977,4040780995301596032,3.50395329705146,4.038936267324536,-5.636193253417514,-15.477841287248706,123,12.744406,1.0276461,0.7,http://vizier.u-strasbg.fr/viz-bin/VizieR-4?-info=XML&-out.add=.&-source=J/A+A/640/A1&Cluster=%-17s,5721.8574,Simbad,268.91778461261,-34.74668181283
268.8310571730899,-34.7315764749321,0.333864,268.83107009362,-34.73160002976,4040781923208714240,3.490956805798001,2.466228462699834,-5.470798835431526,,140,14.202174,1.4778652,0.8,http://vizier.u-strasbg.fr/viz-bin/VizieR-4?-info=XML&-out.add=.&-source=J/A+A/640/A1&Cluster=%-17s,4825.68,Simbad,268.83105717309,-34.73157647493
268.9531474408807,-34.7157439519914,0.434198,268.95316415364,-34.71576228746,4040782610407781888,3.490082784380216,3.1906862991064497,-4.258559913596806,,143,15.394338,1.8806353,0.7,http://vizier.u-strasbg.fr/viz-bin/VizieR-4?-info=XML&-out.add=.&-source=J/A+A/640/A1&Cluster=%-17s,4050.387,Simbad,268.95314744088,-34.71574395199
268.8794668840957,-34.6974689276826,0.383154,268.87948266276,-34.69749445303,4040783572479616768,3.621395838845865,3.013022345438859,-5.928468330976049,,100,17.595354,1.7905655,0.9,http://vizier.u-strasbg.fr/viz-bin/VizieR-4?-info=XML&-out.add=.&-source=J/A+A/640/A1&Cluster=%-17s,,Simbad,268.8794668841,-34.69746892768
268.9578002299627,-34.6527353354941,0.460004,268.95781584797,-34.65275945081,4040783881519613056,3.5265029768226057,2.9839534902420826,-5.600976320197892,-15.457116273037638,148,11.595357,0.81387997,0.9,http://vizier.u-strasbg.fr/viz-bin/VizieR-4?-info=XML&-out.add=.&-source=J/A+A/640/A1&Cluster=%-17s,6130.218,Simbad,268.95780022996,-34.65273533549
268.9230499701317,-34.6344610732733,0.442381,268.92306996237,-34.63448411124,4040784229484265088,3.471996145041569,3.8205302040720115,-5.350754000837459,,142,16.393057,2.1904345,0.7,http://vizier.u-strasbg.fr/viz-bin/VizieR-4?-info=XML&-out.add=.&-source=J/A+A/640/A1&Cluster=%-17s,4333.652,Simbad,268.92304997013,-34.63446107327
268.2888756801908,-35.2532221861346,0.432087,268.28889270161,-35.25324361788,4040784951040631168,3.5363626912587915,3.22835192079287,-4.977695212638334,,139,15.850433,2.0298405,1.0,http://vizier.u-strasbg.fr/viz-bin/VizieR-4?-info=XML&-out.add=.&-source=J/A+A/640/A1&Cluster=%-17s,3921.374,Simbad,268.28887568019,-35.25322218613
268.3063485102247,-35.237359783566,0.412768,268.30636998925,-35.23738355184,4040785084111280128,3.677468423887024,4.074595575652228,-5.520371988148847,,148,13.350932,1.2232065,1.0,http://vizier.u-strasbg.fr/viz-bin/VizieR-4?-info=XML&-out.add=.&-source=J/A+A/640/A1&Cluster=%-17s,5087.783,Simbad,268.30634851022,-35.23735978357
268.2629201227134,-35.1647375828106,0.357146,268.26293729474,-35.16476144963,4040786291071324288,3.535496669398883,3.2604669310267185,-5.543260717674736,,140,8.973621,0.15685749,0.9,http://vizier.u-strasbg.fr/viz-bin/VizieR-4?-info=XML&-out.add=.&-source=J/A+A/640/A1&Cluster=%-17s,8892.422,Simbad,268.26292012271,-35.16473758281
268.3205125435302,-35.2011379927168,0.374756,268.32053149493,-35.20116028207,4040786664659498368,3.5014963620988846,3.5967064236197,-5.176881040608395,,113,14.429658,1.820179,1.0,http://vizier.u-strasbg.fr/viz-bin/VizieR-4?-info=XML&-out.add=.&-source=J/A+A/640/A1&Cluster=%-17s,5409.757,Simbad,268.32051254353,-35.20113799272
268.3423555609972,-35.1497211428797,0.320421,268.34237576453,-35.14974556898,4040787046985142912,3.634462226674232,3.836770544598298,-5.6731584000927615,-20.160499818599178,143,11.336611,0.887866,0.9,http://vizier.u-strasbg.fr/viz-bin/VizieR-4?-info=XML&-out.add=.&-source=J/A+A/640/A1&Cluster=%-17s,5986.709,Simbad,268.342355561,-35.14972114288
268.3962473871913,-35.1404005189905,0.302295,268.39626093738,-35.14042371418,4040787283135221248,3.4794618838570073,2.57355485171782,-5.387269828168953,,141,14.307847,1.4983654,0.7,http://vizier.u-strasbg.fr/viz-bin/VizieR-4?-info=XML&-out.add=.&-source=J/A+A/640/A1&Cluster=%-17s,4647.549,Simbad,268.39624738719,-35.14040051899
268.4091867447851,-35.140475793045,0.301097,268.40919854993,-35.14050053074,4040787321862673024,3.51945071310728,2.242120623264586,-5.745528424704702,,105,17.68944,2.4369602,0.7,http://vizier.u-strasbg.fr/viz-bin/VizieR-4?-info=XML&-out.add=.&-source=J/A+A/640/A1&Cluster=%-17s,,Simbad,268.40918674479,-35.14047579305
268.3665541412246,-35.1124125100917,0.279321,268.36657052536,-35.11243477857,4040787631100829696,3.534947932280093,3.1128694272934174,-5.172033656540708,,148,9.821623,0.41232014,1.0,http://vizier.u-strasbg.fr/viz-bin/VizieR-4?-info=XML&-out.add=.&-source=J/A+A/640/A1&Cluster=%-17s,7167.2397,Simbad,268.36655414122,-35.11241251009
268.3739776926677,-35.104033713177,0.269772,268.37399883709,-35.10405629743,4040787665460588288,3.8063914336004494,4.017703897842997,-5.245374799439894,,123,16.823246,2.2222013,0.8,http://vizier.u-strasbg.fr/viz-bin/VizieR-4?-info=XML&-out.add=.&-source=J/A+A/640/A1&Cluster=%-17s,3839.185,Simbad,268.37397769267,-35.10403371318
268.2635160387226,-35.1169264541998,0.314241,268.26353258474,-35.11695249591,4040788077778134528,3.602022483716887,3.1434519789381796,-6.048396955241375,,151,11.381018,0.77716064,0.9,http://vizier.u-strasbg.fr/viz-bin/VizieR-4?-info=XML&-out.add=.&-source=J/A+A/640/A1&Cluster=%-17s,6176.537,Simbad,268.26351603872,-35.1169264542
268.2902113524141,-35.1047668989787,0.293406,268.29022581615,-35.10478810714,4040788210848414592,3.514565448750325,2.7482653008006017,-4.9257666731978675,,130,13.09735,1.1124487,0.7,http://vizier.u-strasbg.fr/viz-bin/VizieR-4?-info=XML&-out.add=.&-source=J/A+A/640/A1&Cluster=%-17s,5533.3003,Simbad,268.29021135241,-35.10476689898
268.3136241154313,-35.1168045202981,0.296684,268.31364119843,-35.11682959355,4040788318295931904,3.621343182171037,3.2454744457553444,-5.823463775972375,-13.080288068617644,130,10.554156,0.61022186,0.9,http://vizier.u-strasbg.fr/viz-bin/VizieR-4?-info=XML&-out.add=.&-source=J/A+A/640/A1&Cluster=%-17s,6375.217,Simbad,268.31362411543,-35.1168045203
268.3349666297117,-35.103401513216,0.278015,268.33498731551,-35.1034268946,4040788352655635840,3.4534958052949962,3.930589623825625,-5.895031484374265,,130,15.935242,2.0685577,0.9,http://vizier.u-strasbg.fr/viz-bin/VizieR-4?-info=XML&-out.add=.&-source=J/A+A/640/A1&Cluster=%-17s,3931.7126,Simbad,268.33496662971,-35.10340151322
268.0917184727343,-35.1460601634562,0.421638,268.09173598353,-35.14608391745,4040790169350160896,3.5523099565002867,3.3255535858920977,-5.517056943667219,,158,15.648595,2.2699728,1.0,http://vizier.u-strasbg.fr/viz-bin/VizieR-4?-info=XML&-out.add=.&-source=J/A+A/640/A1&Cluster=%-17s,3835.0266,Simbad,268.09171847273,-35.14606016346
268.257612924942,-35.092323801386,0.295398,268.25762675007,-35.09234907547,4040791204514582144,3.661387667688472,2.6273231983615792,-5.8701104660729335,,141,9.799007,0.41967297,1.0,http://vizier.u-strasbg.fr/viz-bin/VizieR-4?-info=XML&-out.add=.&-source=J/A+A/640/A1&Cluster=%-17s,7210.167,Simbad,268.25761292494,-35.09232380139
268.2481630566572,-35.0839476411303,0.29255,268.24817431224,-35.08397184872,4040791410673152384,3.374476209275568,2.139227641192069,-5.622408175534034,,141,15.566864,1.9069281,0.7,http://vizier.u-strasbg.fr/viz-bin/VizieR-4?-info=XML&-out.add=.&-source=J/A+A/640/A1&Cluster=%-17s,4185.4385,Simbad,268.24816305666,-35.08394764113
268.2795752420674,-35.0085437536537,0.216609,268.2795875408,-35.00856656921,4040792063456381440,3.5525979507341354,2.3396461011364105,-5.299096726892996,,140,16.208323,2.127756,0.9,http://vizier.u-strasbg.fr/viz-bin/VizieR-4?-info=XML&-out.add=.&-source=J/A+A/640/A1&Cluster=%-17s,3968.7542,Simbad,268.27957524207,-35.00854375365
268.2323789167101,-35.0188920917293,0.250223,268.23239319633,-35.01891716787,4040792716343899520,3.4623194946052713,2.716137639552457,-5.824136356618947,,157,6.516502,0.03902483,0.9,http://vizier.u-strasbg.fr/viz-bin/VizieR-4?-info=XML&-out.add=.&-source=J/A+A/640/A1&Cluster=%-17s,9537.892,Simbad,268.23237891671,-35.01889209173
268.2489135023845,-34.9616754875851,0.202376,268.24893485354,-34.96170254068,4040793163020824192,3.634024850774263,4.064058836869984,-6.283299208736961,-12.047478599076424,154,12.17761,0.9091673,0.7,http://vizier.u-strasbg.fr/viz-bin/VizieR-4?-info=XML&-out.add=.&-source=J/A+A/640/A1&Cluster=%-17s,5854.121,Simbad,268.24891350238,-34.96167548759
268.4127278174656,-35.055870509017,0.216723,268.4127397488,-35.05589573317,4040793712778382976,3.5578666652624746,2.268440165159515,-5.858512485649857,-18.474542672522233,134,12.13419,0.9641895,0.9,http://vizier.u-strasbg.fr/viz-bin/VizieR-4?-info=XML&-out.add=.&-source=J/A+A/640/A1&Cluster=%-17s,6093.803,Simbad,268.41272781747,-35.05587050902
268.428874462372,-35.0505898052797,0.21014,268.42888553397,-35.05061497027,4040794090735445248,3.6662941744315756,2.1051204718334278,-5.844771076397276,,137,14.857202,1.7691813,0.9,http://vizier.u-strasbg.fr/viz-bin/VizieR-4?-info=XML&-out.add=.&-source=J/A+A/640/A1&Cluster=%-17s,4415.4688,Simbad,268.42887446237,-35.05058980528
268.3905994637236,-35.0418545592777,0.206126,268.39061534379,-35.04187706449,4040794503052585472,3.6450499913794747,3.0197111604481908,-5.227016464446355,-14.609963454613714,136,11.471601,0.7758293,0.9,http://vizier.u-strasbg.fr/viz-bin/VizieR-4?-info=XML&-out.add=.&-source=J/A+A/640/A1&Cluster=%-17s,6035.885,Simbad,268.39059946372,-35.04185455928
268.3422140745234,-35.039393995066,0.216205,268.34222839579,-35.03941439337,4040794636117751680,3.5574815592458466,2.723376218421875,-4.737671541787377,-27.615933109201585,135,11.874324,0.9752264,0.8,http://vizier.u-strasbg.fr/viz-bin/VizieR-4?-info=XML&-out.add=.&-source=J/A+A/640/A1&Cluster=%-17s,5981.688,Simbad,268.34221407452,-35.03939399507
268.4644041427557,-35.000036430924,0.159698,268.4644195008,-35.00005785346,4040795735871619840,3.528769118632927,2.9219392491033274,-4.975556805693189,,133,14.142421,1.4060545,0.8,http://vizier.u-strasbg.fr/viz-bin/VizieR-4?-info=XML&-out.add=.&-source=J/A+A/640/A1&Cluster=%-17s,4718.459,Simbad,268.46440414276,-35.00003643092
268.5556251051143,-34.9385304084466,0.132131,268.55564165925,-34.9385565146,4040796358426877056,3.6462311026748275,3.151865957843592,-6.063364896034289,,149,15.326303,1.8112211,1.0,http://vizier.u-strasbg.fr/viz-bin/VizieR-4?-info=XML&-out.add=.&-source=J/A+A/640/A1&Cluster=%-17s,4600.1323,Simbad,268.55562510511,-34.93853040845
268.5564934287721,-34.9396519771446,0.133439,268.55650986537,-34.9396780234,4040796358478204416,3.6027692829477425,3.1294437227954774,-6.049453570374176,-16.084900193721936,159,12.003478,0.8809986,0.8,http://vizier.u-strasbg.fr/viz-bin/VizieR-4?-info=XML&-out.add=.&-source=J/A+A/640/A1&Cluster=%-17s,5848.9053,Simbad,268.55649342877,-34.93965197714
268.5404403514902,-34.9259476580411,0.114444,268.54045374534,-34.92597300738,4040796427197870464,3.614418170131646,2.5505466512502326,-5.887588371647169,,166,16.439777,2.1857634,1.0,http://vizier.u-strasbg.fr/viz-bin/VizieR-4?-info=XML&-out.add=.&-source=J/A+A/640/A1&Cluster=%-17s,3767.1216,Simbad,268.54044035149,-34.92594765804
268.4954490740982,-34.8940570655838,0.066324,268.49546563776,-34.89408188801,4040797522339315328,3.543791975613706,3.1553893463947102,-5.765207506155004,,158,14.416689,1.5541811,0.9,http://vizier.u-strasbg.fr/viz-bin/VizieR-4?-info=XML&-out.add=.&-source=J/A+A/640/A1&Cluster=%-17s,4769.35,Simbad,268.4954490741,-34.89405706558
268.3833265660223,-34.9570057097342,0.127231,268.38334285192,-34.9570252437,4040798351343808640,3.581005928501078,3.100095363667448,-4.536920272943829,,149,12.774564,1.0496368,0.7,http://vizier.u-strasbg.fr/viz-bin/VizieR-4?-info=XML&-out.add=.&-source=J/A+A/640/A1&Cluster=%-17s,5246.8047,Simbad,268.38332656602,-34.95700570973
268.2844649567267,-34.9855536011176,0.196628,268.28448112091,-34.98557589528,4040798694941518976,3.6159945364775656,3.07585498653192,-5.177998091145833,-12.26859936418732,102,10.51362,0.6137037,0.9,http://vizier.u-strasbg.fr/viz-bin/VizieR-4?-info=XML&-out.add=.&-source=J/A+A/640/A1&Cluster=%-17s,6126.5073,Simbad,268.28446495673,-34.98555360112
268.2631394275526,-34.9493483983292,0.185692,268.26315856706,-34.94937380508,4040799072898937856,3.3276627518639232,3.643632661391606,-5.900921494206242,,136,16.93896,2.1806602,0.8,http://vizier.u-strasbg.fr/viz-bin/VizieR-4?-info=XML&-out.add=.&-source=J/A+A/640/A1&Cluster=%-17s,3766.1296,Simbad,268.26313942755,-34.94934839833
268.3314075851551,-34.9262764402214,0.127534,268.33142185832,-34.92629840348,4040799347776656640,3.5582957781637043,2.717981337722441,-5.101144223609507,,130,10.806498,0.6564636,0.9,http://vizier.u-strasbg.fr/viz-bin/VizieR-4?-info=XML&-out.add=.&-source=J/A+A/640/A1&Cluster=%-17s,6481.035,Simbad,268.33140758516,-34.92627644022
268.3396872404943,-34.9049660675078,0.108828,268.33970471875,-34.90499071357,4040799446481112832,3.6480030788083293,3.3291776781968196,-5.7242463400793735,,139,12.006282,0.9124193,1.0,http://vizier.u-strasbg.fr/viz-bin/VizieR-4?-info=XML&-out.add=.&-source=J/A+A/640/A1&Cluster=%-17s,6128.8784,Simbad,268.33968724049,-34.90496606751
268.338635809595,-34.9097099695214,0.112364,268.33865296038,-34.90973656855,4040799450855927296,3.59568041732973,3.2666135209400395,-6.177839031897118,-12.469358832137114,157,12.140777,0.9051132,0.8,http://vizier.u-strasbg.fr/viz-bin/VizieR-4?-info=XML&-out.add=.&-source=J/A+A/640/A1&Cluster=%-17s,5876.777,Simbad,268.33863580959,-34.90970996952
268.3401543507019,-34.8882545297039,0.099592,268.3401702193,-34.88827795428,4040799687002959104,3.544910193997422,3.0231923677217876,-5.440545958019435,,122,15.270258,1.757968,1.0,http://vizier.u-strasbg.fr/viz-bin/VizieR-4?-info=XML&-out.add=.&-source=J/A+A/640/A1&Cluster=%-17s,,Simbad,268.3401543507,-34.8882545297
268.4640733480172,-34.8946808520248,0.055502,268.46408839058,-34.89470178537,4040800344208601600,3.642751814787757,2.865596873695643,-4.861937485806778,,145,9.854894,0.40923595,0.8,http://vizier.u-strasbg.fr/viz-bin/VizieR-4?-info=XML&-out.add=.&-source=J/A+A/640/A1&Cluster=%-17s,7311.8027,Simbad,268.46407334802,-34.89468085202
268.4458196458481,-34.846353633192,0.005462,268.44583774982,-34.84637819889,4040800722166107136,3.4442564821559216,3.450820203143306,-5.705581447664891,,161,7.7374496,0.09008646,0.9,http://vizier.u-strasbg.fr/viz-bin/VizieR-4?-info=XML&-out.add=.&-source=J/A+A/640/A1&Cluster=%-17s,9036.424,Simbad,268.44581964585,-34.84635363319
268.3679150759324,-34.8993387037362,0.08726,268.3679297972,-34.89935850015,4040800893964862080,3.4147495575257336,2.804231154402365,-4.597876288864033,,128,9.6249695,0.6173887,0.8,http://vizier.u-strasbg.fr/viz-bin/VizieR-4?-info=XML&-out.add=.&-source=J/A+A/640/A1&Cluster=%-17s,9427.65,Simbad,268.36791507593,-34.89933870374
268.3812259501627,-34.8643435967734,0.058802,268.38124525275,-34.86436579567,4040801100123421184,3.6471162769821435,3.678486119238924,-5.1558715952607095,,157,13.150594,1.1249094,0.9,http://vizier.u-strasbg.fr/viz-bin/VizieR-4?-info=XML&-out.add=.&-source=J/A+A/640/A1&Cluster=%-17s,5164.0557,Simbad,268.38122595016,-34.86434359677
268.4170969136968,-34.83090757669,0.026515,268.41711505797,-34.83093162912,4040801546800037632,3.4393110114287047,3.4591504503310104,-5.586370418961815,,148,14.990408,1.7603369,1.0,http://vizier.u-strasbg.fr/viz-bin/VizieR-4?-info=XML&-out.add=.&-source=J/A+A/640/A1&Cluster=%-17s,4147.587,Simbad,268.4170969137,-34.83090757669
268.4342861796302,-34.8316137030083,0.014006,268.43430840781,-34.83163751622,4040801581106714880,3.399117284601589,4.237698468435246,-5.530810748848213,,86,9.40201,0.5576992,0.7,http://vizier.u-strasbg.fr/viz-bin/VizieR-4?-info=XML&-out.add=.&-source=J/A+A/640/A1&Cluster=%-17s,7195.3423,Simbad,268.43428617963,-34.83161370301
268.4601231678424,-34.8187043555648,0.024746,268.46014146284,-34.8187284505,4040801611148790144,3.6670444364940584,3.4884040435029697,-5.596243006037558,,132,13.249315,1.1535215,0.9,http://vizier.u-strasbg.fr/viz-bin/VizieR-4?-info=XML&-out.add=.&-source=J/A+A/640/A1&Cluster=%-17s,5346.999,Simbad,268.46012316784,-34.81870435556
268.4454962165498,-34.8015509522159,0.039441,268.44551228608,-34.80157766583,4040801684239589376,3.6313144565122646,3.0646999105801136,-6.204451642239789,,132,16.039604,2.0553913,0.9,http://vizier.u-strasbg.fr/viz-bin/VizieR-4?-info=XML&-out.add=.&-source=J/A+A/640/A1&Cluster=%-17s,4469.8906,Simbad,268.44549621655,-34.80155095222
268.4339061916617,-34.7943967721023,0.047802,268.43392050516,-34.79441928874,4040801890398044928,3.446237629461216,2.730035621538881,-5.229669605242338,,140,7.126456,0.047385216,0.7,http://vizier.u-strasbg.fr/viz-bin/VizieR-4?-info=XML&-out.add=.&-source=J/A+A/640/A1&Cluster=%-17s,9305.491,Simbad,268.43390619166,-34.7943967721
268.0867357411906,-35.0121879332322,0.3414,268.08674992514,-35.01221333382,4040803780185529216,3.429795224963026,2.698160775614577,-5.899490815591697,,155,14.730621,1.6034307,0.9,http://vizier.u-strasbg.fr/viz-bin/VizieR-4?-info=XML&-out.add=.&-source=J/A+A/640/A1&Cluster=%-17s,5208.0176,Simbad,268.08673574119,-35.01218793323
268.0834204447141,-34.9744313545427,0.326652,268.08343860775,-34.97445273511,4040804085044179968,3.5945037848344934,3.4566827245114964,-4.965808749093645,,164,8.046345,0.07990742,0.9,http://vizier.u-strasbg.fr/viz-bin/VizieR-4?-info=XML&-out.add=.&-source=J/A+A/640/A1&Cluster=%-17s,9049.186,Simbad,268.08342044471,-34.97443135454
268.0654550655365,-34.9699281531526,0.338419,268.06547255734,-34.96994909687,4040804158143154560,3.5085386786620125,3.3291206790859444,-4.864346529492882,,168,9.144134,0.4123268,0.8,http://vizier.u-strasbg.fr/viz-bin/VizieR-4?-info=XML&-out.add=.&-source=J/A+A/640/A1&Cluster=%-17s,7327.9404,Simbad,268.06545506554,-34.96992815315
268.2075680404068,-34.962545724874,0.230939,268.20758268901,-34.9625646054,4040804948416196608,3.5495715782823662,2.788239609023611,-4.385154243796173,-14.452323864428998,147,12.415219,0.95462036,0.7,http://vizier.u-strasbg.fr/viz-bin/VizieR-4?-info=XML&-out.add=.&-source=J/A+A/640/A1&Cluster=%-17s,5603.8296,Simbad,268.20756804041,-34.96254572487
268.1777319116127,-34.9709095410072,0.256205,268.17774656299,-34.97093398969,4040805012761535360,3.4400868019900894,2.7884835439170947,-5.678403227524532,,147,16.051363,2.2141495,0.7,http://vizier.u-strasbg.fr/viz-bin/VizieR-4?-info=XML&-out.add=.&-source=J/A+A/640/A1&Cluster=%-17s,3855.8672,Simbad,268.17773191161,-34.97090954101
268.1703327781754,-34.9293646183323,0.24354,268.1703513326,-34.92938751109,4040805871752189568,3.577342953587832,3.5331103815608103,-5.317028008963796,,147,8.205215,0.08947849,1.0,http://vizier.u-strasbg.fr/viz-bin/VizieR-4?-info=XML&-out.add=.&-source=J/A+A/640/A1&Cluster=%-17s,8972.476,Simbad,268.17033277818,-34.92936461833
268.1338268047888,-34.9294512692706,0.271692,268.13384212599,-34.92947403681,4040806116594277632,3.5907956244444326,2.91744130993103,-5.287943520792436,,112,17.154724,2.023859,0.8,http://vizier.u-strasbg.fr/viz-bin/VizieR-4?-info=XML&-out.add=.&-source=J/A+A/640/A1&Cluster=%-17s,,Simbad,268.13382680479,-34.92945126927
267.9842985364367,-35.0263350540543,0.422184,267.98431527017,-35.02636180863,4040806421506390656,3.619161541143825,3.182646123852633,-6.213965670937609,,152,12.504605,0.974638,0.9,http://vizier.u-strasbg.fr/viz-bin/VizieR-4?-info=XML&-out.add=.&-source=J/A+A/640/A1&Cluster=%-17s,5662.003,Simbad,267.98429853644,-35.02633505405
268.0163448259303,-34.9711421669052,0.376385,268.01636337042,-34.97116594081,4040807010001768064,3.394362560875311,3.529420443696391,-5.521681391327915,,135,15.700679,1.9568262,0.9,http://vizier.u-strasbg.fr/viz-bin/VizieR-4?-info=XML&-out.add=.&-source=J/A+A/640/A1&Cluster=%-17s,4086.9685,Simbad,268.01634482593,-34.97114216691
267.9685052153101,-34.944720624987,0.40594,267.96852085423,-34.94474435037,4040807662837349888,3.711570162740972,2.977385804261964,-5.510411312630306,-19.192182395184354,171,10.489852,0.74161625,0.9,http://vizier.u-strasbg.fr/viz-bin/VizieR-4?-info=XML&-out.add=.&-source=J/A+A/640/A1&Cluster=%-17s,6699.7017,Simbad,267.96850521531,-34.94472062499
268.0047459712619,-34.9137196818828,0.37002,268.00476496618,-34.91374386711,4040808173853439104,3.5325325995184333,3.6176790783034645,-5.61721405865573,,119,13.194904,1.1469088,1.0,http://vizier.u-strasbg.fr/viz-bin/VizieR-4?-info=XML&-out.add=.&-source=J/A+A/640/A1&Cluster=%-17s,5070.9507,Simbad,268.00474597126,-34.91371968188
267.9755739353605,-34.8852440284861,0.389326,267.97558923244,-34.8852673214,4040808517450865280,3.58669309220408,2.9144155673788905,-5.409966237260485,,140,13.394318,1.2016878,0.9,http://vizier.u-strasbg.fr/viz-bin/VizieR-4?-info=XML&-out.add=.&-source=J/A+A/640/A1&Cluster=%-17s,5431.3687,Simbad,267.97557393536,-34.88524402849
268.0569229504211,-34.7991979758826,0.322933,268.05693945601,-34.79922210445,4040810720855068288,3.676608099250074,3.147952153245696,-5.604054044951932,,128,5.8442364,-0.14685869,0.9,http://vizier.u-strasbg.fr/viz-bin/VizieR-4?-info=XML&-out.add=.&-source=J/A+A/640/A1&Cluster=%-17s,12936.276,Simbad,268.05692295042,-34.79919797588
268.2196756834609,-34.9185289578016,0.20196,268.21968737096,-34.91855165929,4040811060095134208,3.608063349778855,2.2258120384914717,-5.272603413113405,,164,14.158817,1.4477425,0.8,http://vizier.u-strasbg.fr/viz-bin/VizieR-4?-info=XML&-out.add=.&-source=J/A+A/640/A1&Cluster=%-17s,4670.4614,Simbad,268.21967568346,-34.9185289578
268.2914289981695,-34.8652119517083,0.129934,268.29144208681,-34.86523628479,4040811545489964928,3.475267494169014,2.4942696108613758,-5.651555061736719,,165,15.852416,2.134698,0.8,http://vizier.u-strasbg.fr/viz-bin/VizieR-4?-info=XML&-out.add=.&-source=J/A+A/640/A1&Cluster=%-17s,4434.9956,Simbad,268.29142899817,-34.86521195171
268.2041316300969,-34.8661536334743,0.20087,268.20415072515,-34.86617838913,4040812090868559744,3.6030411946022256,3.638855844579886,-5.749701256590045,,137,14.389639,1.5531654,1.0,http://vizier.u-strasbg.fr/viz-bin/VizieR-4?-info=XML&-out.add=.&-source=J/A+A/640/A1&Cluster=%-17s,4658.5015,Simbad,268.2041316301,-34.86615363347
268.2370605697115,-34.8566166080907,0.172987,268.23707385542,-34.85663842181,4040812434466032256,3.5442825814847074,2.532089884809019,-5.066413195903634,,149,12.754105,1.0710688,0.7,http://vizier.u-strasbg.fr/viz-bin/VizieR-4?-info=XML&-out.add=.&-source=J/A+A/640/A1&Cluster=%-17s,5413.348,Simbad,268.23706056971,-34.85661660809
268.3718961346621,-34.8062231467512,0.070762,268.37191092329,-34.80624974879,4040813533978087168,3.5553729119090867,2.820251731693317,-6.178538224236936,,145,13.139338,1.1624279,1.0,http://vizier.u-strasbg.fr/viz-bin/VizieR-4?-info=XML&-out.add=.&-source=J/A+A/640/A1&Cluster=%-17s,5389.996,Simbad,268.37189613466,-34.80622314675
268.3760067814856,-34.7597274464324,0.099989,268.37602669211,-34.7597511111,4040813950673600000,3.5449345417386393,3.7991784280933145,-5.496308841819413,,145,8.946512,0.18066216,1.0,http://vizier.u-strasbg.fr/viz-bin/VizieR-4?-info=XML&-out.add=.&-source=J/A+A/640/A1&Cluster=%-17s,8721.942,Simbad,268.37600678149,-34.75972744643
268.2693444843925,-34.7611307066105,0.166294,268.26935595064,-34.76115400296,4040814466068502656,3.4269681510293153,2.187856455817162,-5.410764619497858,,164,8.880375,0.26620388,0.7,http://vizier.u-strasbg.fr/viz-bin/VizieR-4?-info=XML&-out.add=.&-source=J/A+A/640/A1&Cluster=%-17s,8437.536,Simbad,268.26934448439,-34.76113070661
268.2874399154406,-34.764410932989,0.151737,268.28745972616,-34.76443341209,4040814500428129024,3.5326160292149136,3.7799021805163746,-5.220951121046386,-13.946817084611947,159,10.957001,0.6787014,1.0,http://vizier.u-strasbg.fr/viz-bin/VizieR-4?-info=XML&-out.add=.&-source=J/A+A/640/A1&Cluster=%-17s,6684.869,Simbad,268.28743991544,-34.76441093299
268.2811759049166,-34.7478149066881,0.164982,268.28119324262,-34.74783821989,4040814569147736192,3.658089098774092,3.30871219870162,-5.41467919246269,,156,9.151446,0.19614124,1.0,http://vizier.u-strasbg.fr/viz-bin/VizieR-4?-info=XML&-out.add=.&-source=J/A+A/640/A1&Cluster=%-17s,8606.969,Simbad,268.28117590492,-34.74781490669
268.3286905537045,-34.7552352238376,0.129564,268.32871167605,-34.75525846886,4040814633490094720,3.518832403238087,4.030608889220249,-5.3988442520073825,,180,15.629905,1.9648075,0.7,http://vizier.u-strasbg.fr/viz-bin/VizieR-4?-info=XML&-out.add=.&-source=J/A+A/640/A1&Cluster=%-17s,3914.5127,Simbad,268.3286905537,-34.75523522384
268.3297232022197,-34.7028629662552,0.168384,268.32973793941,-34.70288682634,4040815148881531008,3.598485430954979,2.8139628378851866,-5.541697683403642,,124,12.623676,1.0236912,0.9,http://vizier.u-strasbg.fr/viz-bin/VizieR-4?-info=XML&-out.add=.&-source=J/A+A/640/A1&Cluster=%-17s,,Simbad,268.32972320222,-34.70286296626
268.2272649918492,-34.7738509103461,0.19249,268.22727981407,-34.77387455315,4040815904795781376,3.5741515867970004,2.8277689812294384,-5.49123126921125,-16.62005435119515,123,10.681623,0.63633823,0.8,http://vizier.u-strasbg.fr/viz-bin/VizieR-4?-info=XML&-out.add=.&-source=J/A+A/640/A1&Cluster=%-17s,6523.1987,Simbad,268.22726499185,-34.77385091035
268.1880150633034,-34.7628088027194,0.226558,268.18803095952,-34.76283522109,4040816042234733952,3.5522502517949874,3.033069750412781,-6.135879643357895,,99,9.683205,0.35532665,0.8,http://vizier.u-strasbg.fr/viz-bin/VizieR-4?-info=XML&-out.add=.&-source=J/A+A/640/A1&Cluster=%-17s,7370.313,Simbad,268.1880150633,-34.76280880272
268.1832762140516,-34.7547112162782,0.233101,268.18329251058,-34.7547296142,4040816218415650176,3.4542029550070925,3.109756490974756,-4.273066332842305,,123,15.426428,1.932951,0.7,http://vizier.u-strasbg.fr/viz-bin/VizieR-4?-info=XML&-out.add=.&-source=J/A+A/640/A1&Cluster=%-17s,4379.8687,Simbad,268.18327621405,-34.75471121628
268.1271754295913,-34.7936172065141,0.266795,268.12718928733,-34.79363799351,4040816321494919680,3.578888946025607,2.6431311864938323,-4.827946909505098,,139,12.479484,0.9889841,0.8,http://vizier.u-strasbg.fr/viz-bin/VizieR-4?-info=XML&-out.add=.&-source=J/A+A/640/A1&Cluster=%-17s,5821.051,Simbad,268.12717542959,-34.79361720651
268.1853749922988,-34.7156945851027,0.248733,268.18538922776,-34.71571741291,4040817073182185600,3.4784200670384617,2.7177392153209126,-5.301942901947997,,137,17.910204,2.1916409,0.7,http://vizier.u-strasbg.fr/viz-bin/VizieR-4?-info=XML&-out.add=.&-source=J/A+A/640/A1&Cluster=%-17s,,Simbad,268.1853749923,-34.7156945851
268.1521152033492,-34.7255959318559,0.268257,268.15213598116,-34.72562006739,4040817146128943872,3.5857536665840755,3.966285924883063,-5.60567194190995,-20.149808523988362,125,12.806117,1.0541925,0.8,http://vizier.u-strasbg.fr/viz-bin/VizieR-4?-info=XML&-out.add=.&-source=J/A+A/640/A1&Cluster=%-17s,5578.252,Simbad,268.15211520335,-34.72559593186
268.3090067100991,-34.6930010874462,0.186396,268.30902307602,-34.69302598963,4040818073842410112,3.6333853336393975,3.125329204706067,-5.783733796785388,-14.56399008405153,130,10.588644,0.6280384,0.9,http://vizier.u-strasbg.fr/viz-bin/VizieR-4?-info=XML&-out.add=.&-source=J/A+A/640/A1&Cluster=%-17s,6875.669,Simbad,268.3090067101,-34.69300108745
268.2515524982463,-34.634898625365,0.261262,268.25157042232,-34.63492606561,4040819237695906688,3.657344897201168,3.4252849246327197,-6.373217987456871,,142,14.015623,1.4620199,0.7,http://vizier.u-strasbg.fr/viz-bin/VizieR-4?-info=XML&-out.add=.&-source=J/A+A/640/A1&Cluster=%-17s,5133.696,Simbad,268.25155249825,-34.63489862537
268.2032659380725,-34.6352842044701,0.287088,268.20328480008,-34.63530900108,4040819375129345408,3.5996628002499875,3.6045073061969113,-5.759211693331162,-11.74884704667418,139,10.202926,0.53252697,1.0,http://vizier.u-strasbg.fr/viz-bin/VizieR-4?-info=XML&-out.add=.&-source=J/A+A/640/A1&Cluster=%-17s,6771.7095,Simbad,268.20326593807,-34.63528420447
268.6075148609249,-34.8963270284257,0.142866,268.60752835508,-34.8963507014,4040819826190710528,3.468175328811823,2.5705738157489098,-5.498238769465159,,129,16.121943,2.329814,0.7,http://vizier.u-strasbg.fr/viz-bin/VizieR-4?-info=XML&-out.add=.&-source=J/A+A/640/A1&Cluster=%-17s,3853.915,Simbad,268.60751486092,-34.89632702843
268.6174604558193,-34.8505142645278,0.140231,268.61747391494,-34.8505380614,4040820513385634688,3.625490012066054,2.565328897562528,-5.527014180648396,,138,13.127491,1.141654,1.0,http://vizier.u-strasbg.fr/viz-bin/VizieR-4?-info=XML&-out.add=.&-source=J/A+A/640/A1&Cluster=%-17s,5278.783,Simbad,268.61746045582,-34.85051426453
268.540948544759,-34.8863594072758,0.089469,268.54096967542,-34.88638549497,4040820749522504192,3.4907956633778854,4.02578217455203,-6.059076088410419,-13.285139637553005,151,13.020483,1.0783567,0.8,http://vizier.u-strasbg.fr/viz-bin/VizieR-4?-info=XML&-out.add=.&-source=J/A+A/640/A1&Cluster=%-17s,5394.534,Simbad,268.54094854476,-34.88635940728
268.5398352510166,-34.8874040408543,0.08922,268.53985655836,-34.88742571098,4040820753848245760,3.6001527860313667,4.05939099084873,-5.033059917828123,,102,17.492186,2.1069088,0.7,http://vizier.u-strasbg.fr/viz-bin/VizieR-4?-info=XML&-out.add=.&-source=J/A+A/640/A1&Cluster=%-17s,,Simbad,268.53983525102,-34.88740404085
268.5578650524758,-34.8464440361262,0.091166,268.55788133137,-34.84646153505,4040821127476018560,3.534463308873423,3.1029363944247654,-4.06426509885747,,148,9.451897,0.2921524,0.7,http://vizier.u-strasbg.fr/viz-bin/VizieR-4?-info=XML&-out.add=.&-source=J/A+A/640/A1&Cluster=%-17s,7967.6104,Simbad,268.55786505248,-34.84644403613
268.6057292208042,-34.7935868497267,0.138672,268.6057421758,-34.79361049818,4040821681561410816,3.50562615272729,2.4709495265322587,-5.492544652785206,,151,13.040464,1.1343336,0.8,http://vizier.u-strasbg.fr/viz-bin/VizieR-4?-info=XML&-out.add=.&-source=J/A+A/640/A1&Cluster=%-17s,5542.8394,Simbad,268.6057292208,-34.79358684973
268.6797279249943,-34.860846609558,0.192029,268.67974265256,-34.86087224837,4040821780318403968,3.560316514617979,2.806745579221355,-5.954819713668289,,148,16.197315,2.1744432,0.9,http://vizier.u-strasbg.fr/viz-bin/VizieR-4?-info=XML&-out.add=.&-source=J/A+A/640/A1&Cluster=%-17s,3912.6963,Simbad,268.67972792499,-34.86084660956
268.674882528949,-34.8463836590979,0.187121,268.67490252717,-34.84640740395,4040821849034497280,3.530649433282447,3.8118845623786997,-5.5149331286003695,,107,12.923401,1.0776377,0.9,http://vizier.u-strasbg.fr/viz-bin/VizieR-4?-info=XML&-out.add=.&-source=J/A+A/640/A1&Cluster=%-17s,5424.8296,Simbad,268.67488252895,-34.8463836591
268.7199559683098,-34.7510152249151,0.241541,268.71997278708,-34.75103747448,4040822811103190272,3.762391097918055,3.209555838326498,-5.167640811748146,,123,8.355835,0.13848495,0.8,http://vizier.u-strasbg.fr/viz-bin/VizieR-4?-info=XML&-out.add=.&-source=J/A+A/640/A1&Cluster=%-17s,8610.132,Simbad,268.71995596831,-34.75101522492
268.640266098971,-34.7891459400891,0.166933,268.64027956522,-34.78916908258,4040822982909611392,3.734975499270159,2.5686018297817683,-5.37503059352583,,122,17.524057,2.2548714,0.7,http://vizier.u-strasbg.fr/viz-bin/VizieR-4?-info=XML&-out.add=.&-source=J/A+A/640/A1&Cluster=%-17s,4364.4395,Simbad,268.64026609897,-34.78914594009
268.6678533980308,-34.7704777847975,0.194574,268.66786844256,-34.77050108867,4040823051625934336,3.8087603100071847,2.8702984096954083,-5.41251210702815,,124,13.380895,1.2395735,0.9,http://vizier.u-strasbg.fr/viz-bin/VizieR-4?-info=XML&-out.add=.&-source=J/A+A/640/A1&Cluster=%-17s,5006.615,Simbad,268.66785339803,-34.7704777848
268.613680129885,-34.7783178580287,0.150527,268.61369322931,-34.7783372277,4040823159085802240,3.6477558201850573,2.4989591498450237,-4.498763322810348,,139,9.46443,0.31113625,0.7,http://vizier.u-strasbg.fr/viz-bin/VizieR-4?-info=XML&-out.add=.&-source=J/A+A/640/A1&Cluster=%-17s,8416.553,Simbad,268.61368012988,-34.77831785803
268.6435941880676,-34.7614432284534,0.179971,268.64361014924,-34.76146790379,4040823292139528960,3.561331480480265,3.0455138766109187,-5.731046460860919,,100,11.051214,0.7129946,0.8,http://vizier.u-strasbg.fr/viz-bin/VizieR-4?-info=XML&-out.add=.&-source=J/A+A/640/A1&Cluster=%-17s,6167.232,Simbad,268.64359418807,-34.76144322845
268.6398721586247,-34.7487913833603,0.183272,268.63988714482,-34.7488139177,4040823326499265536,3.391502552019252,2.8599187300896167,-5.233781266192553,,131,9.447966,0.28287983,0.7,http://vizier.u-strasbg.fr/viz-bin/VizieR-4?-info=XML&-out.add=.&-source=J/A+A/640/A1&Cluster=%-17s,8653.522,Simbad,268.63987215862,-34.74879138336
268.6658423794059,-34.7309993873997,0.210719,268.66585594938,-34.73102366049,4040823743202353024,3.3639526615611306,2.590210174801596,-5.637620300145384,,123,14.99288,1.74154,0.9,http://vizier.u-strasbg.fr/viz-bin/VizieR-4?-info=XML&-out.add=.&-source=J/A+A/640/A1&Cluster=%-17s,4700.8926,Simbad,268.66584237941,-34.7309993874
268.5449307332092,-34.7995350901729,0.090462,268.54494864988,-34.79955798838,4040824602194950016,3.5385570287243615,3.4170596723829925,-5.318293405469177,,170,9.14942,0.19564533,0.9,http://vizier.u-strasbg.fr/viz-bin/VizieR-4?-info=XML&-out.add=.&-source=J/A+A/640/A1&Cluster=%-17s,8406.318,Simbad,268.54493073321,-34.79953509017
268.5256938176214,-34.7616788212644,0.102299,268.52570897243,-34.76170365318,4040824907047232384,3.4661945628584823,2.8916452384598794,-5.767411677946367,,151,8.749742,0.18097019,1.0,http://vizier.u-strasbg.fr/viz-bin/VizieR-4?-info=XML&-out.add=.&-source=J/A+A/640/A1&Cluster=%-17s,8642.285,Simbad,268.52569381762,-34.76167882126
268.4760037385043,-34.7688509972379,0.075964,268.4760175301,-34.76886957565,4040825285004355456,3.6263910879478742,2.631306992018104,-4.3149862455324834,,123,12.29406,0.9503603,0.7,http://vizier.u-strasbg.fr/viz-bin/VizieR-4?-info=XML&-out.add=.&-source=J/A+A/640/A1&Cluster=%-17s,5444.6724,Simbad,268.4760037385,-34.76885099724
268.437404122954,-34.7622825819175,0.079088,268.43741926905,-34.76230459587,4040825456803046528,3.5542127986583427,2.8899616299402213,-5.112917274603563,,146,8.899456,0.20905495,0.7,http://vizier.u-strasbg.fr/viz-bin/VizieR-4?-info=XML&-out.add=.&-source=J/A+A/640/A1&Cluster=%-17s,8530.852,Simbad,268.43740412295,-34.76228258192
268.5159643462765,-34.7348449771958,0.120307,268.51598138559,-34.73486681616,4040825839145829760,3.485990679332993,3.2522796420072555,-5.072275192682497,,165,8.409638,0.13291359,1.0,http://vizier.u-strasbg.fr/viz-bin/VizieR-4?-info=XML&-out.add=.&-source=J/A+A/640/A1&Cluster=%-17s,8779.227,Simbad,268.51596434628,-34.7348449772
268.5947886643507,-34.7328599313862,0.162557,268.59480247222,-34.73288012951,4040826281436764032,3.547602076335131,2.635558915046258,-4.691177988748788,-15.945314800092552,124,12.127209,0.9065304,0.8,http://vizier.u-strasbg.fr/viz-bin/VizieR-4?-info=XML&-out.add=.&-source=J/A+A/640/A1&Cluster=%-17s,6053.251,Simbad,268.59478866435,-34.73285993139
268.5599158723227,-34.7276470870601,0.146444,268.55993155733,-34.72767227152,4040826526340512128,3.608539519432615,2.9940449249890992,-5.849293924769789,,141,6.8426905,0.08857727,0.9,http://vizier.u-strasbg.fr/viz-bin/VizieR-4?-info=XML&-out.add=.&-source=J/A+A/640/A1&Cluster=%-17s,9127.662,Simbad,268.55991587232,-34.72764708706
268.608914878781,-34.7036225668236,0.191208,268.60893831681,-34.70364649003,4040826625034145792,3.8289151802911037,4.475285568456861,-5.556357916068328,,133,12.401693,1.0625477,0.8,http://vizier.u-strasbg.fr/viz-bin/VizieR-4?-info=XML&-out.add=.&-source=J/A+A/640/A1&Cluster=%-17s,5892.885,Simbad,268.60891487878,-34.70362256682
268.7723795600303,-34.6903390276089,0.306834,268.77239687537,-34.69036106953,4040828897166767744,3.5933686551203374,3.306742534400753,-5.119414348729853,,126,15.2732525,1.8677292,0.9,http://vizier.u-strasbg.fr/viz-bin/VizieR-4?-info=XML&-out.add=.&-source=J/A+A/640/A1&Cluster=%-17s,4081.2292,Simbad,268.77237956003,-34.69033902761
268.8375735966611,-34.6685636821821,0.364288,268.83758681337,-34.66858826939,4040829172042682496,3.5125056795092786,2.5246827208640696,-5.7105760744176735,,127,13.969792,1.411829,0.9,http://vizier.u-strasbg.fr/viz-bin/VizieR-4?-info=XML&-out.add=.&-source=J/A+A/640/A1&Cluster=%-17s,4890.254,Simbad,268.83757359666,-34.66856368218
268.742373946087,-34.6718873719796,0.295786,268.74239108572,-34.67190889335,4040829717438985984,3.5838711195986352,3.273918011996962,-4.998511759734636,,115,13.756519,1.337614,1.0,http://vizier.u-strasbg.fr/viz-bin/VizieR-4?-info=XML&-out.add=.&-source=J/A+A/640/A1&Cluster=%-17s,4899.9165,Simbad,268.74237394609,-34.67188737198
268.7404339220069,-34.6371060882599,0.315774,268.74045025727,-34.6371299542,4040830370245623296,3.510081655656388,3.1215798047218075,-5.543057239024385,-17.213989621182087,119,11.548953,0.81884193,1.0,http://vizier.u-strasbg.fr/viz-bin/VizieR-4?-info=XML&-out.add=.&-source=J/A+A/640/A1&Cluster=%-17s,6322.4414,Simbad,268.74043392201,-34.63710608826
268.7383476090399,-34.6395931234274,0.312856,268.73836353546,-34.63961889242,4040830374578650496,3.630103540363199,3.0433620123733047,-5.985056526725153,,130,15.536535,2.1499805,0.9,http://vizier.u-strasbg.fr/viz-bin/VizieR-4?-info=XML&-out.add=.&-source=J/A+A/640/A1&Cluster=%-17s,4907.8125,Simbad,268.73834760904,-34.63959312343
268.8921853255503,-34.6213508823435,0.426735,268.8921998318,-34.6213760185,4040831199267251968,3.396574288226393,2.7725933460726395,-5.838074542774177,,153,11.230477,0.8948107,0.9,http://vizier.u-strasbg.fr/viz-bin/VizieR-4?-info=XML&-out.add=.&-source=J/A+A/640/A1&Cluster=%-17s,6083.614,Simbad,268.89218532555,-34.62135088234
268.8203054599105,-34.6091469808224,0.384564,268.82031998754,-34.60916939796,4040831714663740288,3.644880847331288,2.777087415534248,-5.206561715927637,,104,14.393653,1.5141191,1.0,http://vizier.u-strasbg.fr/viz-bin/VizieR-4?-info=XML&-out.add=.&-source=J/A+A/640/A1&Cluster=%-17s,5023.7266,Simbad,268.82030545991,-34.60914698082
268.8918154957379,-34.5439786166051,0.471147,268.89183293032,-34.54400301195,4040832397476308096,3.702298546601993,3.3353904385189312,-5.666015191244088,,151,12.738482,1.2637138,0.8,http://vizier.u-strasbg.fr/viz-bin/VizieR-4?-info=XML&-out.add=.&-source=J/A+A/640/A1&Cluster=%-17s,5746.073,Simbad,268.89181549574,-34.54397861661
268.6995161931889,-34.5421676130632,0.363869,268.69953188491,-34.54219020251,4040834635242511616,3.4187871537605417,3.0020312561050013,-5.246581217139937,,149,6.9011607,0.141613,0.8,http://vizier.u-strasbg.fr/viz-bin/VizieR-4?-info=XML&-out.add=.&-source=J/A+A/640/A1&Cluster=%-17s,8839.894,Simbad,268.69951619319,-34.54216761306
268.6837395385153,-34.5314546250138,0.365658,268.68375687496,-34.53147496604,4040834837017784704,3.5935691484557544,3.3171159438777322,-4.724367724291944,,133,14.808611,1.7124109,0.7,http://vizier.u-strasbg.fr/viz-bin/VizieR-4?-info=XML&-out.add=.&-source=J/A+A/640/A1&Cluster=%-17s,4093.0806,Simbad,268.68373953852,-34.53145462501
268.7834289822553,-34.5732377144638,0.384946,268.78344705507,-34.57325983632,4040835013199016704,3.6231794950796226,3.4562742968250357,-5.137979724389545,,123,17.618792,2.3646946,0.7,http://vizier.u-strasbg.fr/viz-bin/VizieR-4?-info=XML&-out.add=.&-source=J/A+A/640/A1&Cluster=%-17s,3650.959,Simbad,268.78342898226,-34.57323771446
268.7624310031786,-34.5660386465232,0.377947,268.76245080087,-34.56606394667,4040835043375766656,3.73985016416384,3.786471081113027,-5.8761630042596575,,122,15.799325,1.9814377,1.0,http://vizier.u-strasbg.fr/viz-bin/VizieR-4?-info=XML&-out.add=.&-source=J/A+A/640/A1&Cluster=%-17s,4200.603,Simbad,268.76243100318,-34.56603864652
268.4098350080055,-34.7505802460948,0.095406,268.40985272576,-34.75060187231,4040837242197990272,3.745433044659281,3.381129338387287,-5.022862377877491,,165,14.336874,1.7883835,0.8,http://vizier.u-strasbg.fr/viz-bin/VizieR-4?-info=XML&-out.add=.&-source=J/A+A/640/A1&Cluster=%-17s,5077.366,Simbad,268.40983500801,-34.75058024609
268.4512891012539,-34.7029314806801,0.138093,268.45130459411,-34.70295264273,4040837791954147712,3.573386111479325,2.9582495124157444,-4.915056237800215,,171,12.9445505,1.0800438,0.7,http://vizier.u-strasbg.fr/viz-bin/VizieR-4?-info=XML&-out.add=.&-source=J/A+A/640/A1&Cluster=%-17s,5558.202,Simbad,268.45128910125,-34.70293148068
268.3880411753746,-34.7116067112968,0.138132,268.38805953109,-34.71162984877,4040838307350150400,3.5647502284039616,3.5045244100711903,-5.373863685999084,,158,13.665932,1.2782001,1.0,http://vizier.u-strasbg.fr/viz-bin/VizieR-4?-info=XML&-out.add=.&-source=J/A+A/640/A1&Cluster=%-17s,5037.3994,Simbad,268.38804117537,-34.7116067113
268.4923101374417,-34.6292969478033,0.214935,268.49232536092,-34.62931676541,4040839681734720384,3.5213369626234834,2.9093981523423555,-4.602798258514081,-12.957858579384219,156,12.0948715,0.90986824,0.9,http://vizier.u-strasbg.fr/viz-bin/VizieR-4?-info=XML&-out.add=.&-source=J/A+A/640/A1&Cluster=%-17s,5984.862,Simbad,268.49231013744,-34.6292969478
268.4767681268056,-34.6418543730132,0.200619,268.47678433848,-34.64187954264,4040839716099944832,3.7181340470436393,3.0977860927366345,-5.845848725564902,,172,15.430902,1.9465322,1.0,http://vizier.u-strasbg.fr/viz-bin/VizieR-4?-info=XML&-out.add=.&-source=J/A+A/640/A1&Cluster=%-17s,,Simbad,268.47676812681,-34.64185437301
268.5580177586808,-34.5563023973704,0.298952,268.55803807917,-34.55632754194,4040840442041502976,3.5228063718914093,3.8869158197784763,-5.840028770193916,,122,13.350678,1.190978,0.7,http://vizier.u-strasbg.fr/viz-bin/VizieR-4?-info=XML&-out.add=.&-source=J/A+A/640/A1&Cluster=%-17s,5179.2437,Simbad,268.55801775868,-34.55630239737
268.4515885101862,-34.6130758599934,0.227936,268.45160255029,-34.61309556281,4040840545120740992,3.5470910414983923,2.6837651982080475,-4.576138881375259,-11.562141135918694,158,10.515395,0.6137066,0.9,http://vizier.u-strasbg.fr/viz-bin/VizieR-4?-info=XML&-out.add=.&-source=J/A+A/640/A1&Cluster=%-17s,8618.713,Simbad,268.45158851019,-34.61307585999
268.4724753593583,-34.5613234172771,0.280437,268.47249086103,-34.5613474235,4040840923078050560,3.644262782798269,2.96499040553815,-5.575638918992203,,124,16.377302,2.1662788,0.9,http://vizier.u-strasbg.fr/viz-bin/VizieR-4?-info=XML&-out.add=.&-source=J/A+A/640/A1&Cluster=%-17s,,Simbad,268.47247535936,-34.56132341728
268.5225041196175,-34.5629092849078,0.284918,268.52251727546,-34.56292873304,4040841060516851328,3.6684614791237986,2.516257178707081,-4.516985751178014,,135,10.446038,0.6042166,0.7,http://vizier.u-strasbg.fr/viz-bin/VizieR-4?-info=XML&-out.add=.&-source=J/A+A/640/A1&Cluster=%-17s,6940.4155,Simbad,268.52250411962,-34.56290928491
268.4974546072372,-34.5099781155717,0.333588,268.49746809091,-34.51000352221,4040841541553516672,3.6073591673483243,2.5805998356077273,-5.90089620547765,,115,8.528035,0.27504444,0.9,http://vizier.u-strasbg.fr/viz-bin/VizieR-4?-info=XML&-out.add=.&-source=J/A+A/640/A1&Cluster=%-17s,8311.309,Simbad,268.49745460724,-34.50997811557
268.3247540429994,-34.6256220436424,0.237628,268.32477361673,-34.62564537835,4040841983837190912,3.5485097530906216,3.7409527023278963,-5.419674778516859,-15.231933870181052,124,11.593207,0.8060608,0.9,http://vizier.u-strasbg.fr/viz-bin/VizieR-4?-info=XML&-out.add=.&-source=J/A+A/640/A1&Cluster=%-17s,6304.0757,Simbad,268.324754043,-34.62562204364
268.3165796513081,-34.6208514003284,0.244826,268.3165976293,-34.62087607241,4040842056948543232,3.480925955571632,3.43617063927943,-5.730290375766975,,129,6.92747,0.019058704,0.9,http://vizier.u-strasbg.fr/viz-bin/VizieR-4?-info=XML&-out.add=.&-source=J/A+A/640/A1&Cluster=%-17s,9435.702,Simbad,268.31657965131,-34.62085140033
268.3409159327689,-34.5455006597201,0.308077,268.34093046791,-34.54552489712,4040843431338280064,3.8701939334802145,2.7806503596978187,-5.629331955426656,,151,15.453881,1.9768181,0.9,http://vizier.u-strasbg.fr/viz-bin/VizieR-4?-info=XML&-out.add=.&-source=J/A+A/640/A1&Cluster=%-17s,3995.7065,Simbad,268.34091593277,-34.54550065972
268.3148565937047,-34.5444017650461,0.315846,268.3148724662,-34.54442492503,4040843530187641472,3.5923082839711364,3.0365342492129326,-5.379091850433236,,116,14.1013,1.4098511,1.0,http://vizier.u-strasbg.fr/viz-bin/VizieR-4?-info=XML&-out.add=.&-source=J/A+A/640/A1&Cluster=%-17s,4784.1963,Simbad,268.3148565937,-34.54440176505
268.416304077001,-34.5847985251653,0.257418,268.41631758433,-34.58482024843,4040843770553658624,3.814868365681503,2.5828047243120635,-5.0454031719151935,,140,16.518253,2.3611107,0.9,http://vizier.u-strasbg.fr/viz-bin/VizieR-4?-info=XML&-out.add=.&-source=J/A+A/640/A1&Cluster=%-17s,,Simbad,268.416304077,-34.58479852517
268.39809708521,-34.5360986609126,0.307516,268.39811036734,-34.53612326142,4040844148510776704,3.473195259777055,2.541229745316612,-5.713667116246329,,113,16.626417,2.1668425,0.8,http://vizier.u-strasbg.fr/viz-bin/VizieR-4?-info=XML&-out.add=.&-source=J/A+A/640/A1&Cluster=%-17s,4163.357,Simbad,268.39809708521,-34.53609866091
268.4697991732369,-34.5081322272694,0.333374,268.46981206086,-34.50815463286,4040844423378608768,3.3903284723930147,2.4665794701215176,-5.203878372567211,-9.858624699454683,107,12.094345,0.88830566,0.7,http://vizier.u-strasbg.fr/viz-bin/VizieR-4?-info=XML&-out.add=.&-source=J/A+A/640/A1&Cluster=%-17s,5876.7183,Simbad,268.46979917324,-34.50813222727
268.4662569322283,-34.512352221743,0.329009,268.46627392377,-34.51237352223,4040844423595733376,3.625269105495873,3.2518681537834766,-4.947209073697725,,120,15.021331,1.7702713,0.7,http://vizier.u-strasbg.fr/viz-bin/VizieR-4?-info=XML&-out.add=.&-source=J/A+A/640/A1&Cluster=%-17s,4859.457,Simbad,268.46625693223,-34.51235222174
268.4667127648967,-34.4677857752861,0.373541,268.46673237159,-34.46781152459,4040844840088710656,3.554342685633521,3.7543661030406508,-5.9804839575551,-5.327721545284794,126,10.098999,0.7168865,1.0,http://vizier.u-strasbg.fr/viz-bin/VizieR-4?-info=XML&-out.add=.&-source=J/A+A/640/A1&Cluster=%-17s,7428.379,Simbad,268.4667127649,-34.46778577529
268.3539353472398,-34.4814571506379,0.367575,268.35394728055,-34.48148228461,4040845248012328576,3.5185116961161302,2.284662828793214,-5.837568302487989,,115,12.184263,0.89507866,0.9,http://vizier.u-strasbg.fr/viz-bin/VizieR-4?-info=XML&-out.add=.&-source=J/A+A/640/A1&Cluster=%-17s,5947.6504,Simbad,268.35393534724,-34.48145715064
268.6242603326218,-34.5230666336271,0.34974,268.62428096203,-34.52309130743,4040846588070018048,3.5676495736628904,3.947580980973536,-5.730688212067244,,114,15.3352165,1.839633,0.8,http://vizier.u-strasbg.fr/viz-bin/VizieR-4?-info=XML&-out.add=.&-source=J/A+A/640/A1&Cluster=%-17s,,Simbad,268.62426033262,-34.52306663363
268.6554950649893,-34.5055222343995,0.376746,268.65551044972,-34.50554211721,4040846656761602176,3.609892205409399,2.94459461872583,-4.61794262642764,-18.707103507688004,140,11.353553,0.8141279,0.7,http://vizier.u-strasbg.fr/viz-bin/VizieR-4?-info=XML&-out.add=.&-source=J/A+A/640/A1&Cluster=%-17s,6018.2764,Simbad,268.65549506499,-34.5055222344
268.6216897135413,-34.4934049268089,0.376098,268.62170311371,-34.49343227698,4040846897290017408,3.8525640464255355,2.5651285651487847,-6.352298272790499,,144,17.952255,2.3013535,0.7,http://vizier.u-strasbg.fr/viz-bin/VizieR-4?-info=XML&-out.add=.&-source=J/A+A/640/A1&Cluster=%-17s,3644.8218,Simbad,268.62168971354,-34.49340492681
268.6478903045528,-34.4817781033393,0.39539,268.64790537946,-34.48179813028,4040846966261777792,3.3778001616802062,2.8861186843531454,-4.651418697429214,,155,16.194462,2.1754894,0.7,http://vizier.u-strasbg.fr/viz-bin/VizieR-4?-info=XML&-out.add=.&-source=J/A+A/640/A1&Cluster=%-17s,3863.2026,Simbad,268.64789030455,-34.48177810334
268.5307073719859,-34.4797717419705,0.367718,268.53072587747,-34.4797886966,4040847554510333952,3.49237216307283,3.54299309229098,-3.9378481243121697,-20.840156095098507,122,11.106606,0.75634384,0.7,http://vizier.u-strasbg.fr/viz-bin/VizieR-4?-info=XML&-out.add=.&-source=J/A+A/640/A1&Cluster=%-17s,6312.542,Simbad,268.53070737199,-34.47977174197
268.6130117383626,-34.4667238156269,0.398396,268.61303254634,-34.46674620869,4040847760668408832,3.372973383783632,3.9844430371650614,-5.200969930774571,,138,6.057842,0.13434458,0.7,http://vizier.u-strasbg.fr/viz-bin/VizieR-4?-info=XML&-out.add=.&-source=J/A+A/640/A1&Cluster=%-17s,9039.364,Simbad,268.61301173836,-34.46672381563
268.5951755386029,-34.4225529530219,0.435828,268.59519553121,-34.42257766165,4040848138625906304,3.4815432085883935,3.83033569874327,-5.738778508169334,,121,9.883887,0.44299412,0.9,http://vizier.u-strasbg.fr/viz-bin/VizieR-4?-info=XML&-out.add=.&-source=J/A+A/640/A1&Cluster=%-17s,7435.4316,Simbad,268.5951755386,-34.42255295302
268.6996848064055,-34.4513613229068,0.441609,268.69969921284,-34.45138347346,4040848374748518784,3.584567563888441,2.7591423646026296,-5.1446454584325085,,149,13.501055,1.2510338,0.7,http://vizier.u-strasbg.fr/viz-bin/VizieR-4?-info=XML&-out.add=.&-source=J/A+A/640/A1&Cluster=%-17s,5250.548,Simbad,268.69968480641,-34.45136132291
268.7161944181173,-34.4079674977046,0.486388,268.71621391476,-34.40799191673,4040849031922356608,3.674491618085284,3.735967275602951,-5.671515024649068,,149,16.570457,2.117238,1.0,http://vizier.u-strasbg.fr/viz-bin/VizieR-4?-info=XML&-out.add=.&-source=J/A+A/640/A1&Cluster=%-17s,4574.6694,Simbad,268.71619441812,-34.4079674977
268.4789605289711,-34.4711041804254,0.370805,268.47897926151,-34.47112944402,4040850646888532864,3.571750423640331,3.5868372824668215,-5.867673470915596,,104,13.672516,1.3004208,1.0,http://vizier.u-strasbg.fr/viz-bin/VizieR-4?-info=XML&-out.add=.&-source=J/A+A/640/A1&Cluster=%-17s,5032.2246,Simbad,268.47896052897,-34.47110418043
268.5270774339152,-34.4206800628389,0.425429,268.52709268803,-34.42070637613,4040851192253693312,3.603939539703643,2.9225646547615445,-6.111474308558403,,111,15.078186,1.7762928,0.9,http://vizier.u-strasbg.fr/viz-bin/VizieR-4?-info=XML&-out.add=.&-source=J/A+A/640/A1&Cluster=%-17s,4154.9507,Simbad,268.52707743392,-34.42068006284
268.5505621581143,-34.397985587825,0.451117,268.55057922481,-34.39800904408,4040851329692712320,3.5069542838693293,3.2707270316252908,-5.447903482026479,,123,14.0154915,1.3998213,1.0,http://vizier.u-strasbg.fr/viz-bin/VizieR-4?-info=XML&-out.add=.&-source=J/A+A/640/A1&Cluster=%-17s,4784.5356,Simbad,268.55056215811,-34.39798558783
268.457746499138,-34.439255527369,0.401821,268.45776255687,-34.43927702435,4040851467388757376,3.53045867249349,3.0758482738023116,-4.992846753807824,,122,15.744858,1.9789963,1.0,http://vizier.u-strasbg.fr/viz-bin/VizieR-4?-info=XML&-out.add=.&-source=J/A+A/640/A1&Cluster=%-17s,4093.7964,Simbad,268.45774649914,-34.43925552737
268.4558931056884,-34.3950395408342,0.445999,268.45591001636,-34.39506163106,4040851883838450944,3.6681610699215974,3.2409410500336286,-5.130632964385848,,106,10.278385,0.5832939,0.8,http://vizier.u-strasbg.fr/viz-bin/VizieR-4?-info=XML&-out.add=.&-source=J/A+A/640/A1&Cluster=%-17s,6591.978,Simbad,268.45589310569,-34.39503954083
268.5301923386136,-34.3844831218009,0.461604,268.5302080369,-34.38450379396,4040852158715976960,3.457704538841353,3.0089653486499137,-4.8012752684868945,,123,15.989088,2.0249815,0.7,http://vizier.u-strasbg.fr/viz-bin/VizieR-4?-info=XML&-out.add=.&-source=J/A+A/640/A1&Cluster=%-17s,3957.6116,Simbad,268.53019233861,-34.3844831218
267.891482264975,-34.9177719574659,0.462136,267.89149609822,-34.91779411194,4041558556269700608,3.5231041532610634,2.6344813324686434,-5.145556187882005,,143,15.623524,1.9407845,0.9,http://vizier.u-strasbg.fr/viz-bin/VizieR-4?-info=XML&-out.add=.&-source=J/A+A/640/A1&Cluster=%-17s,4155.9165,Simbad,267.89148226498,-34.91777195747
267.9659802123008,-34.8361965369636,0.394817,267.96599896784,-34.83622028998,4041560720871750016,3.438063890607417,3.5754576554982815,-5.516830250831215,,129,9.766293,0.35374165,0.9,http://vizier.u-strasbg.fr/viz-bin/VizieR-4?-info=XML&-out.add=.&-source=J/A+A/640/A1&Cluster=%-17s,6468.972,Simbad,267.9659802123,-34.83619653696
267.9756363952762,-34.7970868313456,0.389436,267.97565498196,-34.79711228617,4041561137506072192,3.543321208923503,3.544950135358637,-5.912086891214364,-12.33611143107612,130,10.972526,0.6845274,0.9,http://vizier.u-strasbg.fr/viz-bin/VizieR-4?-info=XML&-out.add=.&-source=J/A+A/640/A1&Cluster=%-17s,6663.625,Simbad,267.97563639528,-34.79708683135
267.9703362503572,-34.7824479278592,0.395694,267.97035338096,-34.78247161976,4041561171865960448,3.5939483623408868,3.267819594584215,-5.50263570362881,,127,7.7885065,0.017864227,0.9,http://vizier.u-strasbg.fr/viz-bin/VizieR-4?-info=XML&-out.add=.&-source=J/A+A/640/A1&Cluster=%-17s,9557.525,Simbad,267.97033625036,-34.78244792786
267.8787547581408,-34.7700498999996,0.471923,267.8787780376,-34.77007452939,4041563572701728256,3.7247241547301058,4.441436365896629,-5.720374674610295,,148,14.950512,1.8889065,0.8,http://vizier.u-strasbg.fr/viz-bin/VizieR-4?-info=XML&-out.add=.&-source=J/A+A/640/A1&Cluster=%-17s,4882.41,Simbad,267.87875475814,-34.7700499
267.8913833365698,-34.7042897241674,0.476411,267.89139883542,-34.70431391818,4041565496847317248,3.329371532388369,2.9593457883273864,-5.619255401885631,,131,17.071077,2.1342163,0.7,http://vizier.u-strasbg.fr/viz-bin/VizieR-4?-info=XML&-out.add=.&-source=J/A+A/640/A1&Cluster=%-17s,4162.544,Simbad,267.89138333657,-34.70428972417
267.9447063623513,-34.6605318967003,0.450416,267.94472094357,-34.66055594349,4041566050949903488,3.4603198227731102,2.7856058396664434,-5.585061284390963,,139,17.175571,2.361845,0.7,http://vizier.u-strasbg.fr/viz-bin/VizieR-4?-info=XML&-out.add=.&-source=J/A+A/640/A1&Cluster=%-17s,3761.6414,Simbad,267.94470636235,-34.6605318967
268.0812537071943,-34.721635508297,0.323227,268.08126891886,-34.72165590453,4041567455405859200,3.614419165352968,2.9039010944594605,-4.737189786431621,,138,15.053563,2.0681076,0.8,http://vizier.u-strasbg.fr/viz-bin/VizieR-4?-info=XML&-out.add=.&-source=J/A+A/640/A1&Cluster=%-17s,4876.9297,Simbad,268.08125370719,-34.7216355083
268.0283928010968,-34.6556345734073,0.390701,268.02840834686,-34.65565653874,4041568795381660288,3.443597329059476,2.970046856386362,-5.101626055317965,,150,9.000116,0.2804041,0.8,http://vizier.u-strasbg.fr/viz-bin/VizieR-4?-info=XML&-out.add=.&-source=J/A+A/640/A1&Cluster=%-17s,8379.744,Simbad,268.0283928011,-34.65563457341
268.0868810986271,-34.6180906865658,0.370495,268.08689150334,-34.61811495838,4041569138979042688,3.5918032256451156,1.9887408772652733,-5.637323638332885,,144,11.253845,0.72895527,0.8,http://vizier.u-strasbg.fr/viz-bin/VizieR-4?-info=XML&-out.add=.&-source=J/A+A/640/A1&Cluster=%-17s,7311.3506,Simbad,268.08688109863,-34.61809068657
268.1104985891955,-34.595087428183,0.370075,268.11051347361,-34.59511494338,4041570655157572864,3.560598507343115,2.845770890032132,-6.390626223360572,,139,13.811042,1.3256712,1.0,http://vizier.u-strasbg.fr/viz-bin/VizieR-4?-info=XML&-out.add=.&-source=J/A+A/640/A1&Cluster=%-17s,5083.532,Simbad,268.1104985892,-34.59508742818
268.0958795863415,-34.581748534803,0.38794,268.09589561347,-34.58177572648,4041570930035616256,3.5679606460922146,3.0647401094405122,-6.3154857720509945,-15.922393904191054,118,12.538281,0.9784565,1.0,http://vizier.u-strasbg.fr/viz-bin/VizieR-4?-info=XML&-out.add=.&-source=J/A+A/640/A1&Cluster=%-17s,5804.87,Simbad,268.09587958634,-34.5817485348
268.0257874303882,-34.5014076456503,0.485076,268.02580306633,-34.50143606428,4041575151973599872,3.6482467473900773,2.992823729956559,-6.600454691210927,,148,13.379947,1.4343615,0.7,http://vizier.u-strasbg.fr/viz-bin/VizieR-4?-info=XML&-out.add=.&-source=J/A+A/640/A1&Cluster=%-17s,5062.0234,Simbad,268.02578743039,-34.50140764565
268.2522245978598,-34.5573972861737,0.325663,268.25223611856,-34.55742267284,4041593740557261696,3.58670199816442,2.2036575518433597,-5.8962585886346925,,97,11.185807,0.73592186,0.9,http://vizier.u-strasbg.fr/viz-bin/VizieR-4?-info=XML&-out.add=.&-source=J/A+A/640/A1&Cluster=%-17s,6123.5967,Simbad,268.25222459786,-34.55739728617
268.2510438313988,-34.5179431619892,0.36099,268.25105984917,-34.51796666557,4041594084154774912,3.490404626280152,3.0653008641594788,-5.458895115739091,,142,13.1493,1.1220083,1.0,http://vizier.u-strasbg.fr/viz-bin/VizieR-4?-info=XML&-out.add=.&-source=J/A+A/640/A1&Cluster=%-17s,5210.4746,Simbad,268.2510438314,-34.51794316199
268.190476960187,-34.5122451589598,0.390593,268.19049129433,-34.51226747265,4041594844424703872,3.612597520268226,2.743294879762932,-5.182534530326657,,128,9.324601,0.32192135,0.7,http://vizier.u-strasbg.fr/viz-bin/VizieR-4?-info=XML&-out.add=.&-source=J/A+A/640/A1&Cluster=%-17s,7808.5425,Simbad,268.19047696019,-34.51224515896
268.2747582136609,-34.4553506765626,0.410828,268.27477120426,-34.45537671847,4041595462901020416,3.5349335916541667,2.4878618494593416,-6.048442822194476,,139,13.698215,1.2865295,0.9,http://vizier.u-strasbg.fr/viz-bin/VizieR-4?-info=XML&-out.add=.&-source=J/A+A/640/A1&Cluster=%-17s,4825.7183,Simbad,268.27475821366,-34.45535067656
268.235174456654,-34.4460412251206,0.43167,268.23519452714,-34.44606267476,4041595703418257152,3.7076704943466456,3.844175248184294,-4.98185205533614,,144,8.64383,0.20442581,0.7,http://vizier.u-strasbg.fr/viz-bin/VizieR-4?-info=XML&-out.add=.&-source=J/A+A/640/A1&Cluster=%-17s,8339.436,Simbad,268.23517445665,-34.44604122512
268.3386055450649,-34.47699434088,0.374739,268.33862172884,-34.47701874325,4041595875163518592,3.4890164595351907,3.0985909500580964,-5.667647321090513,,112,16.08488,2.1621704,0.7,http://vizier.u-strasbg.fr/viz-bin/VizieR-4?-info=XML&-out.add=.&-source=J/A+A/640/A1&Cluster=%-17s,3891.3547,Simbad,268.33860554506,-34.47699434088
268.3031569115319,-34.4458597616883,0.412454,268.30317424392,-34.44588266984,4041596214458422528,3.4716458854038423,3.319743909149989,-5.320601917568682,-10.541452817489919,117,11.556757,0.9231453,1.0,http://vizier.u-strasbg.fr/viz-bin/VizieR-4?-info=XML&-out.add=.&-source=J/A+A/640/A1&Cluster=%-17s,5746.458,Simbad,268.30315691153,-34.44585976169
268.1370598899362,-34.479681610107,0.442179,268.13707088482,-34.47970494331,4041598108600105728,3.526031716182942,2.105043341337508,-5.419324126077064,-13.055215405656389,152,11.728126,0.81803894,0.7,http://vizier.u-strasbg.fr/viz-bin/VizieR-4?-info=XML&-out.add=.&-source=J/A+A/640/A1&Cluster=%-17s,5644.475,Simbad,268.13705988994,-34.47968161011
268.1498942312566,-34.4142483397194,0.491791,268.14990983885,-34.41427280505,4041598550917295872,3.647692328813756,2.9905178830668024,-5.6822702419802145,,140,12.891462,1.086731,0.9,http://vizier.u-strasbg.fr/viz-bin/VizieR-4?-info=XML&-out.add=.&-source=J/A+A/640/A1&Cluster=%-17s,5377.061,Simbad,268.14989423126,-34.41424833972
268.15371830297,-34.4103608264606,0.493628,268.15373371225,-34.41038160425,4041598550920963968,3.474279145768571,2.952656493906025,-4.825809470299425,,148,14.303708,1.4936771,0.9,http://vizier.u-strasbg.fr/viz-bin/VizieR-4?-info=XML&-out.add=.&-source=J/A+A/640/A1&Cluster=%-17s,4579.2007,Simbad,268.15371830297,-34.41036082646
268.8725933259059,-34.5125906955432,0.479943,268.87261121166,-34.51261312721,4042333883683410816,3.51859328313783,3.4229950824128004,-5.209934690923464,,142,12.705988,1.0856333,1.0,http://vizier.u-strasbg.fr/viz-bin/VizieR-4?-info=XML&-out.add=.&-source=J/A+A/640/A1&Cluster=%-17s,5943.0444,Simbad,268.87259332591,-34.51259069554
