NGC4755_1,Arp_1,RAJ2000,DEJ2000,pmRA,pmDE,recno_1,NGC4755_2,Arp_2,x,y,Vmag,B-V,recno_2
2,105,12 53 39.188,-60 21 12.44,-3.14,-6.59,1,2,105,1123.143,1032.618,8.662,0.135,2
3,6,12 53 57.547,-60 24 58.12,2.73,-0.09,2,3,6,551.276,1384.314,9.012,0.106,3
4,201,12 53 52.031,-60 22 15.44,-2.75,-6.08,3,4,201,964.454,1276.759,9.384,0.162,4
7,307,12 53 52.258,-60 22 27.50,-1.67,-2.31,4,7,307,934.016,1281.41,9.603,0.156,7
8,418,12 53 35.508,-60 23 46.44,2.63,-0.05,5,8,418,730.325,966.341,9.681,0.152,8
9,7,12 53 20.695,-60 23 16.75,2.94,3.08,6,9,7,803.991,685.367,9.735,0.162,9
10,0,12 53 39.000,-60 23 43.44,1.53,0.42,7,10,0,738.586,1032.234,9.753,0.25,10
11,301,12 53 43.930,-60 22 29.25,-2.92,2.68,8,11,301,928.905,1123.311,9.759,0.122,11
12,331,12 53 59.844,-60 26 20.00,0.65,2.34,9,12,331,341.916,1428.58,9.914,1.344,12
13,306,12 53 51.609,-60 23 16.62,-2.68,-2.12,10,13,306,808.764,1269.777,9.983,0.271,13
14,9,12 53 47.031,-60 18 35.56,2.06,-0.16,11,14,9,1525.658,1177.683,10.023,0.138,14
15,202,12 53 51.797,-60 21 58.31,-5.46,-1.9,12,15,202,1008.525,1271.422,10.024,0.138,15
16,452,12 53 10.250,-60 25 59.31,2.16,1.19,13,16,452,387.03,491.829,10.04,0.17,16
18,113,12 53 25.727,-60 21 59.81,-0.15,-0.12,14,18,113,1000.612,778.213,10.142,0.146,18
19,405,12 53 38.070,-60 22 39.31,-2.84,-0.8,15,19,405,902.102,1012.814,10.174,0.121,19
20,210,12 53 53.023,-60 21 30.50,2.18,-2.98,16,20,210,1079.45,1294.84,10.204,0.159,20
21,451,12 52 53.734,-60 22 42.50,-0.09,0.56,17,21,451,885.892,173.988,10.209,0.294,21
23,203,12 53 48.203,-60 21 54.19,0.17,1.77,18,23,203,1018.891,1203.912,10.254,0.135,23
25,8,12 53 33.273,-60 24 32.94,4.67,2.73,19,25,8,611.169,923.064,10.29,0.198,25
26,224,12 53 46.117,-60 19 47.19,-0.97,-1.65,20,26,224,1342.435,1161.792,10.294,0.178,26
27,115,12 53 34.094,-60 20 59.75,0.51,-3.06,21,27,115,1155.002,935.729,10.354,0.156,27
29,410,12 53 25.617,-60 22 27.62,2.12,-1.57,22,29,410,929.628,777.26,10.723,0.226,29
30,311,12 53 58.312,-60 23 22.62,-0.05,0.98,23,30,311,794.441,1396.905,10.731,0.188,30
31,117,12 53 24.297,-60 21 30.62,0.5,-0.97,24,31,117,1074.999,750.756,10.889,0.124,31
32,228,12 54 14.539,-60 21 47.44,-0.01,-0.78,25,32,228,1039.087,1702.343,10.945,0.23,32
33,10,12 53 25.969,-60 20 47.69,3.53,-1.34,26,33,10,1184.65,781.599,10.989,0.18,33
34,332,12 53 56.672,-60 26 32.38,-0.97,-1.47,27,34,332,310.001,1368.959,11.001,0.123,34
35,326,12 54 03.625,-60 25 20.69,0.59,-0.9,28,35,326,494.083,1499.397,11.02,0.138,35
36,449,12 53 01.055,-60 23 09.44,4.13,4.86,29,36,449,818.137,313.16,11.135,0.17,36
37,214,12 53 43.227,-60 20 47.06,0.36,-1.36,30,37,214,1188.985,1108.315,11.212,0.165,37
38,138,12 53 25.438,-60 19 11.12,-0.12,-1.59,31,38,138,1431.116,769.105,11.226,0.19,38
39,404,12 53 39.422,-60 22 39.56,-0.4,1.7,32,39,404,901.576,1038.49,11.259,0.162,39
40,0,12 53 33.273,-60 24 32.94,4.67,2.73,33,40,0,610.815,928.354,11.3,0.157,40
41,220,12 54 08.625,-60 21 38.88,-0.3,4.82,34,41,220,1061.646,1589.91,11.313,0.211,41
42,0,12 53 41.352,-60 21 13.75,4.84,4.55,35,42,0,1121.077,1075.291,11.316,1.742,42
43,459,12 52 50.695,-60 25 36.25,3.08,-2.15,36,43,459,441.651,121.362,11.342,0.239,43
44,426,12 53 09.914,-60 22 27.06,1.31,0.22,37,44,426,928.461,479.999,11.353,0.186,44
45,11,12 53 22.617,-60 23 47.38,4.58,-1.73,38,45,11,725.778,722.346,11.393,0.225,45
46,107,12 53 38.211,-60 21 44.81,3.63,-2.53,39,46,107,1040.804,1014.759,11.415,0.234,46
47,402,12 53 41.812,-60 22 50.62,0.13,-8.48,40,47,402,872.804,1083.984,11.421,0.158,47
48,0,12 53 39.945,-60 23 26.62,0.07,-0.49,41,48,0,781.419,1049.506,11.424,0.176,48
49,316,12 53 43.359,-60 24 01.88,-0.32,-1.62,42,49,316,691.808,1114.753,11.452,0.161,49
50,318,12 53 47.023,-60 25 17.94,-0.81,-0.9,43,50,318,498.717,1185.22,11.475,0.125,50
51,0,12 53 29.469,-60 21 17.88,-5.05,-11.98,44,51,0,1112.883,850.171,11.52,0.193,51
52,406,12 53 37.141,-60 22 54.81,-1.03,-1.51,45,52,406,861.963,995.728,11.547,0.169,52
53,313,12 53 51.914,-60 23 54.25,-11.87,4.83,46,53,313,713.5,1274.77,11.555,0.148,53
55,0,12 54 07.172,-60 23 12.62,-0.58,-6.72,47,55,0,820.048,1563.942,11.608,0.188,55
56,215,12 53 49.414,-60 20 57.25,-0.3,-0.75,48,56,215,1164.013,1225.721,11.61,0.205,56
57,213,12 53 44.047,-60 20 57.75,0.52,0.73,49,57,213,1162.126,1124.202,11.616,0.173,57
58,139,12 53 26.500,-60 19 00.12,0.99,-2.03,50,58,139,1459.392,788.928,11.626,0.221,58
59,447,12 53 09.688,-60 24 13.25,1.09,-1.05,51,59,447,657.483,478.264,11.628,0.165,59
61,408,12 53 32.484,-60 22 38.81,0.42,0.79,52,61,408,902.266,907.162,11.64,0.208,61
62,413,12 53 26.234,-60 22 52.00,-0.58,5.84,53,62,413,868.431,789.04,11.644,0.197,62
63,453,12 53 16.594,-60 26 11.00,-0.92,0.01,54,63,453,358.086,611.441,11.647,0.345,63
64,0,12 53 53.070,-60 23 06.50,3.28,-5.98,55,64,0,833.803,1297.75,11.767,0.208,64
65,442,12 53 33.945,-60 26 21.75,0.0,0.36,56,65,442,333.617,939.658,11.768,0.156,65
66,446,12 53 14.055,-60 24 12.88,1.82,-0.83,57,66,446,659.037,560.864,11.779,0.188,66
67,427,12 53 41.836,-60 24 37.88,-0.1,-1.08,58,67,427,599.792,1086.617,11.78,0.192,67
68,327,12 54 14.773,-60 24 25.75,-11.72,-2.26,59,68,327,635.364,1707.648,11.815,1.229,68
70,0,12 53 29.469,-60 21 17.88,-5.05,-11.98,60,70,0,1105.431,846.559,11.936,0.221,70
71,12,12 53 23.164,-60 18 35.94,2.21,-0.12,61,71,12,1521.347,725.606,12.027,0.27,71
72,217,12 53 57.898,-60 21 22.56,2.3,0.32,62,72,217,1100.49,1387.038,12.03,0.204,72
75,312,12 53 52.703,-60 23 57.88,0.48,0.04,63,75,312,703.433,1291.456,12.082,0.28,75
76,208,12 53 56.445,-60 21 40.19,1.06,1.08,64,76,208,1055.415,1359.767,12.093,0.227,76
77,207,12 53 45.453,-60 21 07.69,3.47,-2.03,65,77,207,1136.412,1151.28,12.096,0.231,77
78,433,12 53 36.930,-60 25 26.81,0.17,0.14,66,78,433,474.299,994.905,12.129,0.176,78
80,315,12 53 43.086,-60 23 51.38,-1.63,-0.22,67,80,315,718.595,1109.157,12.161,0.169,80
81,443,12 53 29.469,-60 26 14.81,-3.09,6.15,68,81,443,351.166,854.548,12.163,0.674,81
82,122,12 53 08.969,-60 21 22.31,0.35,-0.23,69,82,122,1093.518,460.362,12.171,0.203,82
83,431,12 53 17.945,-60 23 25.88,0.81,0.02,70,83,431,779.848,633.174,12.174,0.268,83
85,109,12 53 32.297,-60 22 19.38,-6.01,2.7,71,85,109,952.121,902.405,12.233,0.272,85
86,114,12 53 34.438,-60 21 12.56,-1.67,-0.3,72,86,114,1122.483,942.108,12.245,0.254,86
87,430,12 53 33.492,-60 24 20.00,-0.48,-1.3,73,87,430,643.907,928.405,12.27,0.254,87
89,218,12 54 09.055,-60 22 09.94,0.79,-1.71,74,89,218,981.007,1598.894,12.298,0.245,89
92,101,12 53 40.773,-60 21 39.75,0.75,-16.16,75,92,101,1052.095,1062.956,12.336,0.248,92
93,136,12 53 25.367,-60 20 21.00,0.4,0.37,76,93,136,1252.857,769.39,12.342,0.241,93
94,129,12 52 56.773,-60 19 21.50,-4.36,1.4,77,94,129,1399.31,226.079,12.348,0.102,94
95,419,12 53 37.203,-60 23 41.25,-0.44,0.68,78,95,419,743.684,997.838,12.356,0.236,95
96,211,12 53 51.391,-60 21 17.25,11.11,7.44,79,96,211,1114.059,1264.703,12.363,0.237,96
98,123,12 52 55.453,-60 21 50.50,3.72,-1.06,80,98,123,1018.856,205.43,12.38,1.306,98
100,336,12 54 14.562,-60 26 54.19,1.25,-3.41,81,100,336,256.763,1707.19,12.41,0.25,100
102,216,12 53 48.719,-60 20 39.25,1.06,-1.02,82,102,216,1209.669,1212.252,12.445,0.234,102
103,116,12 53 36.148,-60 20 32.19,1.88,-0.64,83,103,116,1226.078,973.811,12.462,0.228,103
104,120,12 53 18.422,-60 22 07.62,-1.58,-0.18,84,104,120,979.428,640.291,12.475,0.277,104
105,111,12 53 25.883,-60 22 14.50,1.91,1.16,85,105,111,963.163,781.957,12.543,0.237,105
106,104,12 53 41.352,-60 21 13.75,4.84,4.55,86,106,104,1120.99,1071.647,12.547,1.324,106
108,0,12 53 51.086,-60 19 15.44,11.08,-4.31,87,108,0,1423.642,1256.445,12.567,0.322,108
110,436,12 53 38.180,-60 26 10.62,0.95,0.14,88,110,436,362.604,1019.493,12.602,0.228,110
111,137,12 53 37.523,-60 19 26.56,2.72,-0.83,89,111,137,1393.714,998.594,12.61,0.277,111
112,108,12 53 35.633,-60 21 47.81,-1.94,-6.07,90,112,108,1032.04,965.396,12.622,0.242,112
113,110,12 53 31.359,-60 22 18.44,-2.42,1.49,91,113,110,954.045,885.153,12.624,0.238,113
114,118,12 53 19.578,-60 21 30.69,0.09,0.36,92,114,118,1073.876,661.383,12.626,0.262,114
115,425,12 53 17.273,-60 22 51.75,-0.51,-0.11,93,115,425,866.906,619.673,12.639,0.293,115
116,13,12 53 18.211,-60 18 50.00,-0.37,3.58,94,116,13,1485.205,631.497,12.655,0.313,116
118,0,12 53 27.570,-60 22 36.00,-10.49,5.26,95,118,0,905.713,818.459,12.679,0.255,118
119,130,12 53 25.852,-60 21 08.88,1.3,0.2,96,119,130,1130.574,779.717,12.697,0.245,119
120,219,12 54 08.672,-60 21 45.62,2.45,5.04,97,120,219,1043.673,1591.352,12.712,0.319,120
121,416,12 53 40.609,-60 24 12.50,2.67,0.8,98,121,416,664.497,1062.891,12.742,0.268,121
123,112,12 53 23.555,-60 22 18.81,1.8,0.15,99,123,112,951.721,737.994,12.771,0.299,123
128,134,12 53 17.070,-60 20 30.69,8.48,0.55,100,128,134,1226.602,611.485,12.816,0.29,128
129,407,12 53 33.930,-60 22 41.12,4.13,-0.01,101,129,407,896.51,935.058,12.819,0.26,129
130,127,12 53 02.180,-60 20 43.50,1.12,-5.25,102,130,127,1190.464,330.692,12.823,1.878,130
133,148,12 53 38.047,-60 17 45.25,9.13,-2.52,103,133,148,1652.277,1007.043,12.851,0.515,133
134,435,12 53 38.109,-60 25 59.12,-0.2,-0.98,104,134,435,391.717,1017.774,12.873,0.19,134
135,309,12 53 57.055,-60 22 29.81,0.76,-5.24,105,135,309,925.418,1373.44,12.887,0.249,135
138,14,12 54 11.430,-60 20 34.25,-5.62,-8.04,106,138,14,1224.598,1641.431,12.933,0.756,138
139,445,12 53 20.328,-60 25 34.44,0.89,-1.5,107,139,445,452.094,681.289,12.936,0.276,139
140,234,12 53 48.148,-60 17 44.75,2.16,-2.86,108,140,234,1655.143,1197.693,12.94,0.329,140
142,333,12 53 55.109,-60 26 49.81,2.91,-3.41,109,142,333,264.806,1340.105,12.946,0.231,142
144,421,12 53 34.156,-60 23 44.88,-1.59,-0.97,110,144,421,733.572,939.981,12.968,0.324,144
146,212,12 53 50.695,-60 21 21.75,-0.86,0.8,111,146,212,1101.625,1250.188,12.979,0.268,146
147,444,12 53 22.055,-60 25 00.56,-0.41,-1.27,112,147,444,538.651,713.032,13.002,0.239,147
148,133,12 53 18.211,-60 20 30.81,4.71,-1.7,113,148,133,1226.274,634.444,13.027,0.266,148
149,204,12 53 45.109,-60 22 06.50,-2.92,0.02,114,149,204,986.46,1145.137,13.079,0.259,149
150,320,12 54 03.266,-60 24 00.81,-1.11,-2.07,115,150,320,697.108,1490.913,13.105,0.28,150
153,0,12 53 34.555,-60 21 36.00,-6.57,-7.96,116,153,0,1061.663,944.103,13.133,0.261,153
154,128,12 52 56.578,-60 20 28.75,-1.96,0.41,117,154,128,1227.501,223.869,13.135,0.358,154
157,0,12 53 52.969,-60 21 57.25,-6.18,-17.44,118,157,0,1012.956,1296.622,13.158,0.26,157
159,424,12 53 23.586,-60 23 12.06,0.7,1.74,119,159,424,816.028,739.502,13.189,0.283,159
162,0,12 53 39.195,-60 21 03.50,-1.17,-16.51,120,162,0,1144.325,1032.094,13.208,0.249,162
164,0,12 52 52.070,-60 25 12.25,-2.09,-1.08,121,164,0,503.159,145.994,13.216,0.385,164
165,121,12 53 09.234,-60 22 02.44,0.19,-2.84,122,165,121,990.715,466.296,13.236,0.261,165
166,15,12 54 14.461,-60 20 30.06,-2.33,-0.88,123,166,15,1236.528,1699.071,13.241,0.494,166
169,428,12 53 42.438,-60 25 12.19,1.86,-3.02,124,169,428,511.776,1098.85,13.256,0.334,169
170,432,12 53 12.266,-60 23 14.62,-0.1,-2.3,125,170,432,807.213,525.363,13.261,0.288,170
171,103,12 53 42.492,-60 21 28.88,2.9,-1.31,126,171,103,1082.097,1095.115,13.266,0.289,171
172,0,12 53 36.188,-60 19 49.31,-3.15,4.9,127,172,0,1336.636,972.863,13.268,0.303,172
173,17,12 54 12.125,-60 19 44.19,-0.96,-1.51,128,173,17,1353.213,1654.161,13.273,0.589,173
174,119,12 53 22.766,-60 21 51.19,-5.35,0.76,129,174,119,1022.159,721.402,13.296,0.274,174
175,205,12 53 43.922,-60 21 45.31,-2.11,4.68,130,175,205,1040.789,1122.277,13.337,0.293,175
176,0,12 53 27.570,-60 22 36.00,-10.49,5.26,131,176,0,909.576,811.929,13.338,0.287,176
179,140,12 53 23.758,-60 19 01.25,-7.48,1.03,132,179,140,1456.091,735.839,13.376,1.773,179
180,310,12 53 54.094,-60 22 45.94,-2.02,0.03,133,180,310,886.953,1316.035,13.377,0.28,180
182,16,12 54 17.695,-60 19 50.31,3.27,-3.26,134,182,16,1338.132,1760.68,13.392,0.339,182
184,222,12 54 04.680,-60 20 54.88,-0.57,0.36,135,184,222,1172.072,1514.386,13.429,0.323,184
187,412,12 53 31.219,-60 23 07.75,5.93,-5.12,136,187,412,827.441,884.373,13.437,0.272,187
191,422,12 53 31.164,-60 23 39.31,-5.3,14.79,137,191,422,749.218,882.721,13.464,0.287,191
193,151,12 53 32.930,-60 20 37.31,-0.99,-2.82,138,193,151,1212.199,912.808,13.469,0.276,193
194,308,12 53 56.875,-60 22 25.19,-3.21,2.19,139,194,308,940.658,1368.068,13.477,0.27,194
196,229,12 54 04.602,-60 19 02.31,-3.1,-0.8,140,196,229,1459.148,1510.553,13.488,1.511,196
197,226,12 53 50.508,-60 19 07.56,-1.43,0.94,141,197,226,1444.199,1243.797,13.492,0.333,197
200,321,12 54 02.367,-60 24 06.44,0.47,10.79,142,200,321,682.585,1473.735,13.501,0.396,200
201,437,12 53 38.430,-60 26 58.50,0.61,-0.18,143,201,437,240.241,1024.926,13.509,0.345,201
205,450,12 53 03.039,-60 23 43.75,-0.33,-2.21,144,205,450,731.236,351.512,13.532,0.299,205
206,0,12 53 36.312,-60 20 43.19,-1.26,-0.46,145,206,0,1197.713,976.865,13.535,0.289,206
207,232,12 53 51.180,-60 18 13.75,3.12,1.1,146,207,232,1581.76,1255.838,13.563,0.412,207
209,415,12 53 41.641,-60 23 59.19,-3.81,-3.61,147,209,415,697.838,1081.662,13.578,0.3,209
211,448,12 53 12.352,-60 24 34.00,-1.21,-1.79,148,211,448,604.555,528.834,13.603,0.33,211
216,141,12 53 10.773,-60 19 00.50,1.55,-6.37,149,216,141,1454.919,490.883,13.648,0.456,216
218,225,12 53 51.922,-60 19 31.25,1.82,0.27,150,218,225,1383.722,1271.456,13.656,0.368,218
219,322,12 54 04.984,-60 24 22.19,4.02,2.08,151,219,322,643.405,1524.29,13.662,0.303,219
220,323,12 53 57.352,-60 25 12.62,0.2,-5.8,152,220,323,512.777,1380.373,13.672,0.273,220
221,328,12 54 12.477,-60 24 52.75,-15.01,-5.59,153,221,328,565.579,1664.056,13.684,0.679,221
222,126,12 53 09.797,-60 20 44.81,0.15,2.11,154,222,126,1189.391,474.894,13.684,0.32,222
225,231,12 53 57.164,-60 18 53.06,2.68,1.34,155,225,231,1482.119,1370.005,13.69,0.366,225
226,438,12 53 35.406,-60 26 50.19,-0.92,1.04,156,226,438,261.154,967.632,13.692,0.266,226
228,144,12 53 04.969,-60 17 44.69,2.08,-2.01,157,228,144,1647.596,379.12,13.701,0.264,228
229,142,12 53 10.656,-60 18 52.81,1.39,-0.15,158,229,142,1475.314,488.471,13.708,0.351,229
231,429,12 53 37.898,-60 24 46.25,-0.86,0.17,159,231,429,577.551,1012.137,13.71,0.289,231
234,227,12 54 14.867,-60 22 16.44,0.61,1.34,160,234,227,965.332,1708.873,13.728,0.371,234
235,0,12 52 48.016,-60 20 11.62,-1.84,-1.61,161,235,0,1269.297,61.239,13.735,0.323,235
237,156,12 53 20.945,-60 21 43.00,-9.52,6.04,162,237,156,1043.272,686.203,13.736,0.322,237
239,0,12 53 52.969,-60 21 57.25,-6.18,-17.44,163,239,0,1008.396,1292.749,13.75,0.333,239
240,423,12 53 28.945,-60 23 10.69,1.07,0.19,164,240,423,820.215,840.883,13.753,0.415,240
241,325,12 54 11.859,-60 24 18.00,1.02,-1.13,165,241,325,654.669,1653.712,13.754,0.295,241
243,135,12 53 23.156,-60 20 23.62,-2.38,-0.87,166,243,135,1245.403,727.002,13.776,0.302,243
244,0,12 53 20.664,-60 22 48.62,-6.91,3.53,167,244,0,875.5,682.706,13.781,0.325,244
245,0,12 53 27.797,-60 22 54.31,1.08,2.12,168,245,0,861.953,818.793,13.801,0.417,245
248,0,12 54 00.297,-60 22 20.12,0.42,-0.89,169,248,0,953.711,1433.021,13.815,0.364,248
249,0,12 53 59.664,-60 25 35.06,-0.63,-13.7,170,249,0,458.312,1425.285,13.815,0.222,249
250,143,12 53 17.977,-60 18 14.88,-0.83,-0.4,171,250,143,1573.45,625.995,13.823,0.368,250
251,145,12 53 30.000,-60 19 08.50,-0.78,0.73,172,251,145,1438.661,855.223,13.828,0.386,251
252,152,12 53 30.797,-60 21 13.44,0.4,1.74,173,252,152,1119.881,873.221,13.84,0.295,252
253,132,12 53 18.773,-60 20 56.50,-0.49,2.02,174,253,132,1160.953,645.249,13.843,0.336,253
254,0,12 53 55.109,-60 23 03.00,-15.05,9.72,175,254,0,844.749,1333.947,13.848,0.34,254
255,0,12 52 52.352,-60 18 38.38,-1.99,-0.03,176,255,0,1508.478,140.824,13.85,0.21,255
257,147,12 53 36.023,-60 17 50.31,-4.77,-3.48,177,257,147,1638.917,967.123,13.865,0.358,257
259,434,12 53 33.188,-60 25 39.44,14.13,-3.9,178,259,434,440.794,926.027,13.878,0.325,259
261,125,12 53 09.219,-60 20 58.62,-6.72,-2.93,179,261,125,1153.428,463.444,13.902,0.858,261
263,330,12 54 15.711,-60 25 43.00,-2.52,-3.3,180,263,330,438.13,1727.404,13.909,0.824,263
264,221,12 54 05.492,-60 21 15.31,1.24,-0.63,181,264,221,1120.074,1530.309,13.914,0.34,264
265,0,12 53 20.852,-60 23 51.62,-2.79,0.25,182,265,0,714.277,688.342,13.919,0.343,265
267,131,12 53 23.125,-60 21 17.06,0.23,4.0,183,267,131,1109.508,728.156,13.922,0.497,267
268,0,12 53 06.914,-60 23 21.62,-2.63,3.93,184,268,0,789.414,423.578,13.923,0.345,268
269,0,12 53 37.430,-60 20 26.38,-1.06,4.24,185,269,0,1241.231,999.111,13.932,0.977,269
271,0,12 53 12.516,-60 19 48.12,1.36,-0.85,186,271,0,1334.241,525.092,13.944,0.354,271
272,233,12 53 49.188,-60 18 21.25,-2.48,-2.06,187,272,233,1561.952,1217.648,13.945,0.399,272
275,230,12 54 09.023,-60 19 06.38,1.17,0.57,188,275,230,1449.404,1594.963,13.963,0.467,275
276,324,12 53 50.781,-60 25 38.00,1.15,-4.61,189,276,324,447.077,1256.904,13.965,0.307,276
277,317,12 53 47.773,-60 25 04.81,-5.52,4.91,190,277,317,532.284,1198.661,13.969,0.52,277
278,303,12 53 44.867,-60 22 44.88,1.54,0.58,191,278,303,888.476,1141.767,13.974,0.343,278
279,0,12 54 12.180,-60 25 44.12,16.28,2.06,192,279,0,435.358,1662.77,13.983,1.142,279
282,209,12 53 55.383,-60 21 23.00,3.73,-1.91,193,282,209,1098.588,1339.433,14.0,0.356,282
285,0,12 54 10.547,-60 21 25.81,8.0,-4.14,194,285,0,1093.303,1626.969,14.006,0.471,285
286,154,12 53 32.836,-60 21 43.88,-4.94,-2.47,195,286,154,1041.844,911.921,14.008,0.341,286
288,153,12 53 32.164,-60 21 38.31,-0.42,2.51,196,288,153,1056.589,899.537,14.016,0.347,288
290,0,12 54 14.898,-60 21 31.50,-1.83,-1.46,197,290,0,1079.606,1708.399,14.02,0.382,290
293,417,12 53 37.984,-60 24 08.81,-0.53,4.67,198,293,417,673.588,1012.975,14.038,0.359,293
296,0,12 54 03.516,-60 22 48.88,2.8,1.53,199,296,0,881.033,1494.48,14.053,0.331,296
298,0,12 53 45.672,-60 22 54.75,3.15,-6.44,200,298,0,862.557,1157.399,14.06,0.331,298
300,0,12 53 32.289,-60 23 24.38,-1.62,-2.42,201,300,0,785.327,904.096,14.073,0.336,300
302,0,12 53 47.125,-60 24 46.19,0.96,4.36,202,302,0,579.666,1186.86,14.081,0.365,302
304,146,12 53 29.195,-60 18 47.94,1.52,2.15,203,304,146,1491.214,839.771,14.102,0.492,304
308,0,12 54 03.391,-60 24 12.25,3.87,4.86,204,308,0,668.702,1493.902,14.132,0.489,308
315,0,12 54 12.117,-60 18 08.06,6.55,-0.08,205,315,0,1598.943,1653.279,14.163,0.601,315
318,0,12 53 25.852,-60 23 22.12,4.83,5.55,206,318,0,791.053,782.942,14.18,0.353,318
319,0,12 53 49.000,-60 23 46.12,-5.39,3.35,207,319,0,733.057,1220.323,14.19,0.373,319
322,0,12 53 55.656,-60 23 50.50,3.01,4.41,208,322,0,722.889,1347.253,14.206,0.379,322
323,0,12 53 41.641,-60 23 38.69,-2.54,7.91,209,323,0,751.437,1081.318,14.207,0.336,323
324,0,12 53 59.297,-60 20 49.12,0.23,2.21,210,324,0,1186.07,1412.387,14.213,0.54,324
328,0,12 53 04.352,-60 18 50.50,-3.86,4.58,211,328,0,1479.954,368.657,14.221,0.455,328
329,0,12 53 27.906,-60 20 14.38,-6.93,2.35,212,329,0,1270.162,816.313,14.223,0.375,329
330,0,12 53 37.430,-60 20 26.38,-1.06,4.24,213,330,0,1240.634,996.036,14.227,0.35,330
334,411,12 53 38.180,-60 23 16.19,-2.11,-10.21,214,334,411,806.177,1015.404,14.236,0.368,334
336,0,12 53 38.977,-60 18 55.25,-3.39,-1.57,215,336,0,1473.383,1024.713,14.24,0.419,336
338,0,12 53 39.258,-60 20 37.75,-2.45,3.19,216,338,0,1211.762,1032.559,14.251,0.397,338
339,0,12 53 54.477,-60 17 58.00,-8.95,3.25,217,339,0,1622.619,1316.51,14.252,0.461,339
340,0,12 52 56.055,-60 20 04.19,2.07,1.71,218,340,0,1290.305,213.682,14.257,0.386,340
345,0,12 53 56.625,-60 20 58.69,-7.28,0.62,219,345,0,1161.141,1361.191,14.276,0.428,345
347,0,12 54 04.164,-60 24 45.75,0.61,-6.54,220,347,0,582.081,1508.627,14.281,0.536,347
348,0,12 53 30.656,-60 22 59.19,-9.97,-16.88,221,348,0,847.842,871.654,14.288,0.62,348
351,0,12 53 54.797,-60 26 02.94,-4.28,-12.21,222,351,0,383.073,1332.583,14.303,0.643,351
355,0,12 52 50.789,-60 22 15.25,-0.39,-1.52,223,355,0,954.385,117.084,14.31,0.436,355
361,0,12 53 19.516,-60 24 45.81,1.73,-6.71,224,361,0,574.769,664.813,14.34,0.352,361
363,0,12 53 46.336,-60 20 47.50,-2.57,-5.98,225,363,0,1187.356,1166.84,14.345,0.404,363
366,0,12 53 14.125,-60 26 41.38,-4.62,3.78,226,366,0,280.338,564.938,14.363,0.417,366
368,0,12 54 20.445,-60 22 27.00,-2.21,-4.36,227,368,0,938.352,1814.006,14.371,0.488,368
370,0,12 53 55.016,-60 21 46.44,-3.31,-8.29,228,370,0,1037.871,1332.087,14.386,0.398,370
371,0,12 54 19.047,-60 20 26.94,1.97,-3.88,229,371,0,1244.558,1786.177,14.391,0.554,371
372,0,12 53 34.328,-60 22 21.62,-17.17,11.37,230,372,0,947.408,939.531,14.398,0.428,372
373,0,12 54 04.375,-60 24 31.38,-0.69,-3.22,231,373,0,619.084,1512.328,14.398,0.457,373
376,0,12 53 16.336,-60 18 09.88,-1.49,-5.41,232,376,0,1585.382,594.568,14.401,0.421,376
378,0,12 53 21.516,-60 20 37.06,8.08,-12.96,233,378,0,1209.435,697.567,14.409,1.096,378
382,0,12 53 41.586,-60 23 47.38,-4.46,-3.9,234,382,0,727.84,1080.196,14.419,0.394,382
386,0,12 54 00.367,-60 21 23.25,-0.96,2.24,235,386,0,1097.415,1433.882,14.428,0.442,386
387,0,12 52 56.711,-60 21 29.38,-2.15,2.92,236,387,0,1073.179,227.841,14.434,0.572,387
391,0,12 54 05.773,-60 26 05.25,-5.25,5.41,237,391,0,381.276,1539.685,14.445,0.656,391
395,0,12 53 26.469,-60 25 45.44,1.35,-6.45,238,395,0,423.955,797.514,14.454,0.364,395
397,0,12 53 11.055,-60 19 45.62,-2.1,-0.26,239,397,0,1340.438,496.869,14.466,0.399,397
398,0,12 53 37.234,-60 17 54.06,-0.59,-7.64,240,398,0,1628.84,990.69,14.466,0.44,398
400,0,12 53 34.367,-60 21 24.00,4.38,17.64,241,400,0,1095.247,941.587,14.478,0.402,400
401,0,12 53 09.578,-60 19 33.38,1.8,1.25,242,401,0,1371.527,469.008,14.483,0.443,401
403,0,12 52 55.906,-60 18 57.00,-6.7,-2.27,243,403,0,1461.27,208.136,14.487,0.537,403
411,0,12 53 01.180,-60 19 30.62,2.18,-1.34,244,411,0,1376.657,310.049,14.525,0.456,411
413,0,12 53 41.930,-60 23 31.00,5.66,9.32,245,413,0,771.255,1087.543,14.529,0.448,413
423,0,12 53 07.609,-60 26 24.38,-4.65,-2.48,246,423,0,321.726,441.392,14.568,0.434,423
429,0,12 52 56.867,-60 23 42.56,-7.4,8.57,247,429,0,733.969,233.643,14.608,0.535,429
435,0,12 53 40.578,-60 18 03.44,2.15,2.97,248,435,0,1606.637,1054.517,14.643,0.448,435
437,0,12 54 00.703,-60 22 34.69,-19.22,10.01,249,437,0,917.716,1438.722,14.652,0.489,437
438,0,12 54 08.820,-60 18 05.12,-3.3,-0.28,250,438,0,1606.2,1589.535,14.663,0.492,438
439,0,12 53 08.461,-60 21 05.06,-10.01,-5.35,251,439,0,1136.505,448.877,14.683,0.436,439
443,0,12 54 00.742,-60 25 16.50,-17.29,-18.06,252,443,0,501.757,1442.551,14.696,0.432,443
445,0,12 53 53.719,-60 25 23.69,-8.61,-0.54,253,445,0,484.108,1310.856,14.708,0.417,445
448,0,12 53 59.664,-60 25 35.06,-0.63,-13.7,254,448,0,453.075,1424.418,14.719,0.399,448
452,0,12 52 50.820,-60 22 54.25,-7.76,13.2,255,452,0,856.587,117.93,14.732,0.547,452
478,0,12 53 51.555,-60 20 53.06,15.58,1.47,256,478,0,1174.553,1267.672,14.845,2.486,478
