source_id,ra,dec,pmra,pmra_error,pmdec,pmdec_error,bp_rp,phot_g_mean_mag,parallax,parallax_error,radial_velocity,radial_velocity_error,l,b,ruwe,phot_g_n_obs,phot_bp_n_obs,phot_rp_n_obs,non_single_star,labels,prob,rradec
865396950497755264,114.59745457741872,21.527629944389478,-1.0855476249816947,0.07475755,-2.2235481090608875,0.06305845,1.0338249,16.9582,0.34400973469576157,0.067505926,,,198.15262039283172,19.618072896524048,0.9805176,229,25,23,0,0,1.0,0.0482488010112441
865396950497759104,114.58928492882502,21.520977178830627,-1.34653462140907,0.058285344,-2.047517893843273,0.04850096,0.80894756,16.478035,0.36584517241007697,0.05306988,,,198.1560893175399,19.608515679246768,0.90716934,235,22,23,0,0,1.0,0.05661138710337629
865396980560910848,114.61419070042935,21.529696725508387,-1.4213068510309872,0.1730718,-1.6104597488757244,0.1567744,1.1577721,18.329262,0.3885002935010553,0.1643171,,,198.1568671876687,19.63326004477373,1.0412897,209,23,22,0,0,1.0,0.046292353458584644
865396980560914944,114.60385549059893,21.534971687172735,-1.1684648596057037,0.08791306,-2.1868959660183407,0.07510773,0.8896713,17.071474,0.30490277120199394,0.081755646,,,198.14781042050558,19.62636912576408,1.0371029,218,22,25,0,0,1.0,0.04025191263142965
865396984857485440,114.61781098919285,21.53085711789127,-1.2934012220962803,0.042328145,-2.0445754195728343,0.037197698,0.6684294,15.710303,0.4169571095002027,0.037861597,,,198.1570850572744,19.63681611880986,1.0009677,204,22,23,0,0,1.0,0.04597871197310488
865396984857488000,114.61277228347471,21.528057080204835,-1.2011490121702328,0.021303933,-2.08614237242518,0.01790291,0.6703062,14.1192465,0.3738426355793565,0.019098975,81.10516,8.505338,198.1579457121745,19.631416813932244,1.0127121,227,23,23,0,0,1.0,0.047670671927465755
865396984857488128,114.61311374927406,21.52734379758464,-0.9701114398817468,0.26555353,-2.1209659055053782,0.29723537,0.9742489,18.411898,0.45824718044784246,0.2290389,,,198.1587743534312,19.631439819185328,1.0619624,167,12,13,0,0,1.0,0.04842774135839013
865396984857490560,114.60488979630695,21.530558571060716,-1.1649431803663999,0.09791805,-2.0984237737500826,0.08260706,0.919796,17.310028,0.39207959417236415,0.088556804,,,198.1525326677218,19.625583398104133,1.0074154,220,25,24,0,0,1.0,0.044632764686068076
865398389310186240,114.63432195997832,21.53155437911664,-1.10418196848156,0.08794752,-2.0996352397999924,0.07565665,1.0313473,17.131763,0.3767676817139115,0.080907546,,,198.16259147065747,19.65128971386812,1.0201524,213,23,21,0,0,1.0,0.05223448148087571
865398389312424576,114.6345171038012,21.532498745131242,-1.2932635140231574,0.113403864,-1.9735137853666624,0.09825749,0.9684391,17.56101,0.3180503785127076,0.10831108,,,198.16173693278446,19.65181614623322,1.0371417,211,14,12,0,0,1.0,0.051557460333870646
865398393606749440,114.62998144737215,21.539188374980093,-1.251056095856803,0.039286856,-1.9788198494672877,0.033571664,0.6459055,15.602946,0.39256445096373427,0.035955865,,,198.1534646801963,19.650452330033282,0.9563712,220,25,23,0,0,1.0,0.04347517659379252
865398427966475264,114.64634219064057,21.545510471555378,-1.1515548197161403,0.026246654,-2.092576544427388,0.021800233,0.5658493,14.663969,0.4394897907002338,0.023125032,,,198.15338699180884,19.666931032343186,0.93272823,226,22,19,0,0,1.0,0.05040102267341859
865398427966478336,114.64013191038485,21.546926338884564,-1.2360718138143474,0.033450134,-2.0108450890213314,0.028165676,0.60158825,15.237985,0.39873622415033516,0.029929556,,,198.14966801240757,19.662124171977233,0.9508827,215,23,23,0,0,1.0,0.044618434700084066
865398427966483200,114.6442735723521,21.53446544109379,-1.3004865707951243,0.027703544,-2.0458172271251778,0.024280958,0.5723028,14.775511,0.3424583161543281,0.026439235,,,198.16346296061835,19.66095892977449,1.0422126,211,23,22,0,0,1.0,0.05615616683064278
865398458029329280,114.62610981641612,21.54195083754884,-1.2021232565986253,0.023209363,-2.0770744207823606,0.019607697,0.64656925,14.305273,0.36054627070249085,0.021124002,61.93045,19.906597,198.14929942531208,19.648169256803563,1.0318109,211,25,22,0,0,1.0,0.03905206852768932
865396881778276992,114.60963229746208,21.521049726160925,-1.1568592846743764,0.024954297,-2.105348961980367,0.020637507,0.6149559,14.573254,0.42612649010772746,0.022734601,,,198.163650423363,19.62605361112294,0.9944033,233,24,24,0,0,1.0,0.05428561551773352
865396916138014848,114.61157706782261,21.520301162069885,-1.2803121418713088,0.03770895,-2.0845195627582136,0.031048968,0.6044073,15.272656,0.3977159189256214,0.035034396,,,198.16511507420452,19.627442980393248,1.1639589,226,24,25,0,0,1.0,0.05520859925293929
865396950497754112,114.60080428488816,21.52774120314655,-1.0590841929437007,0.10652075,-1.9649679714855304,0.09159671,0.97995186,17.512602,0.36160486220702176,0.09582389,,,198.15376745682022,19.620997726037064,1.0165908,222,23,23,0,0,1.0,0.04768653180656842
865398462326224768,114.62954578190487,21.542127185908956,-1.177942833978984,0.10838475,-2.088978552373065,0.09433285,0.99310875,17.539095,0.4340659427132825,0.098759815,,,198.1504143455814,19.65119295607142,1.0687375,214,22,22,0,0,1.0,0.04081786131443043
865398462326227200,114.62230852527885,21.543749663456154,-1.3700420447217678,0.01627366,-1.8673438725805112,0.013606186,1.1198578,13.214974,0.40414701562504746,0.014779875,72.75717,2.3733108,198.14610724005723,19.64558098342901,0.95220137,211,23,22,0,0,1.0,0.03559888777316999
865398462326231168,114.61398586534573,21.54442943669647,-1.2585415724499402,0.045396786,-2.082232415691024,0.03876406,0.6826916,15.893654,0.41846961472722655,0.040971838,,,198.14231926522024,19.638677302124492,1.0328202,218,22,24,0,0,1.0,0.031878032721247826
865398462326233216,114.61054887748162,21.542739127831183,-1.3210150729501646,0.020774536,-1.9912925353348614,0.016621903,0.6545229,13.843971,0.39000879549088396,0.018500198,,,198.1426909878396,19.635078055032228,1.0168741,199,25,25,0,0,1.0,0.03282123029334134
865398492389066240,114.62371551513401,21.551062803054887,-0.9211815520613716,0.02865659,-2.033704057985496,0.024189165,0.58133507,14.620565,0.37996309905431486,0.026259694,,,198.13945059350993,19.64956760477744,1.1574044,209,23,23,0,0,1.0,0.030165527656287387
865398492389416960,114.63305586678709,21.552663728710048,-1.1238069340845007,0.17681496,-1.9707881586833285,0.16328347,1.2481804,18.4724,0.4041551312097022,0.16730414,,,198.1413789139935,19.65821253379747,0.96664935,215,23,22,0,0,1.0,0.035508777727850147
865398492389423360,114.63243327133848,21.560246940081882,0.7857190798235069,0.09901189,-4.736870906843681,0.086784,0.9255791,17.42669,0.31595530313057424,0.09378541,,,198.13369533620312,19.66055456047669,1.0252451,226,24,23,0,0,1.0,0.030708399272863483
865398496685951744,114.63336297129275,21.55797332846018,-1.2661921160742564,0.07943058,-1.8763942011858832,0.068213895,1.0427723,17.023924,0.4634405851996395,0.0701659,,,198.1362775375875,19.66049176123397,0.94576555,228,24,24,0,0,1.0,0.03266276832636975
865398496685952896,114.6354878988709,21.554538223878037,-1.2012408251408964,0.06006628,-2.1054923181621845,0.051956974,0.74596024,16.532822,0.36506561805804205,0.0540555,,,198.1404488495826,19.661016661341243,1.0114774,238,23,23,0,0,1.0,0.03632351736715765
865398496685953536,114.63310608585836,21.556235486403146,-1.1332358570985734,0.01939872,-2.0437581260671025,0.016030224,0.7163973,13.888921,0.378628445514266,0.017070549,84.54111,9.193394,198.13788863808327,19.659611230059323,1.000523,219,24,23,0,0,1.0,0.03339917651912261
865398496685954560,114.62870495272671,21.55857425823969,-1.2059260770407982,0.055734478,-2.030968522991674,0.048417892,0.7484665,16.353384,0.3848253927641595,0.05247412,,,198.13394139072122,19.656711703154446,0.9848709,228,24,24,0,0,1.0,0.028453801854904183
865398496685956864,114.63141905507042,21.551474479241296,-1.2746690922837018,0.095330276,-2.0998992804408076,0.08438232,0.92962456,17.383804,0.32386316596645043,0.09099339,,,198.1419337601529,19.656352717887,0.96341616,221,24,22,0,0,1.0,0.03505233351926614
865398496685958400,114.63483003972384,21.545575059042946,-1.3681838288271386,0.05266186,-2.0515242719540883,0.04557903,0.73233795,16.24185,0.370878670436152,0.050100297,,,198.14900813189152,19.657048904152568,1.0542485,229,26,24,0,0,1.0,0.04160506783333191
865398496685960320,114.62323783396099,21.553549309463097,-1.2364996598662326,0.049358632,-2.1458112922355133,0.04190197,0.6744852,15.852566,0.38879286890636305,0.044989638,,,198.1368288445792,19.65010031827366,1.103764,215,22,22,0,0,1.0,0.027912420200169735
865398526748804480,114.64593279677786,21.551341345515027,-1.302649073889272,0.022819674,-2.1475963621068255,0.019156761,0.6215792,14.304318,0.3787569856403166,0.020579195,97.89891,8.688127,198.1475045899394,19.668791444150212,1.0889188,225,25,25,0,0,1.0,0.04685092471309057
865398526749158656,114.65606223031449,21.557445833666765,-1.2932712221384233,0.2597197,-2.2686323309994236,0.23125695,1.3627338,19.018057,0.476491220265311,0.23557809,,,198.14530269764268,19.67982424244396,0.954083,223,23,23,0,0,1.0,0.05348637832557856
865398561108540416,114.65527599046712,21.56385341593804,-1.323555225268255,0.02143908,-1.927856243977161,0.017890893,0.66030025,14.211442,0.37638525887887364,0.019281406,74.36254,8.090513,198.138711707011,19.681578585387143,0.9826565,227,25,26,0,0,1.0,0.0509488377535017
865398565405419648,114.65975729893339,21.560760987539364,-1.2334453387656552,0.050329134,-1.9300536911114126,0.043215968,0.7302742,16.181305,0.39415999528755824,0.04562772,,,198.14342970957173,19.684261587231415,0.92354643,236,23,21,0,0,1.0,0.05604207096678158
865398595468635008,114.63922664837405,21.55647640563015,-0.6130551205885637,0.1912204,-6.265113040948234,0.1791661,1.4281788,18.518066,0.3997463568965458,0.1753806,,,198.1399458591541,19.66496933069758,0.9465065,202,21,19,0,0,1.0,0.038478007645120375
865398599765162752,114.64179678243754,21.560443092416808,-1.0484116593609918,0.12557563,-2.0111458450206303,0.11416982,1.0576935,17.88666,0.35169609486158193,0.11380649,,,198.1370116809251,19.66868605756347,1.0426638,225,24,24,0,0,1.0,0.03908071700832628
865398629828015616,114.65670567977473,21.5699600373629,-1.2880030167808272,0.015438893,-1.9208315456688672,0.012678584,1.1534262,12.321694,0.4068340526695107,0.01402061,72.240036,0.78664255,198.13324655951504,19.68512531393658,1.0958192,236,27,27,0,0,1.0,0.05136875045379165
865398634124892160,114.66059913230912,21.574200871448248,-1.1913719264497562,0.039985374,-1.9282004499499292,0.03397471,0.6557598,15.65809,0.421420782334888,0.036054693,,,198.13053765459125,19.690084054488764,0.9930547,235,25,24,0,0,1.0,0.05500453549426068
865398634124894208,114.65448872657197,21.571854369642253,-1.3303105125036476,0.08928548,-1.9927007803710357,0.07839254,0.98472404,17.23078,0.45773242822159366,0.08095586,,,198.13055443086105,19.683936278595198,1.022895,234,25,24,0,0,1.0,0.04899868580510116
865398634124894848,114.65182772862607,21.572623110985482,-1.1957780395782616,0.026009293,-1.981512131604366,0.0217151,0.60059357,14.650308,0.3438370960498724,0.022925343,,,198.12880206863977,19.68193822089536,0.92983264,228,24,25,0,0,1.0,0.04629529013281497
865399866780960640,114.57032631412919,21.53413514161932,-0.843074769327019,0.23807576,-2.348895551492609,0.2143342,1.4320602,18.859148,0.44705842932770995,0.21787962,,,198.13605745699408,19.59719952738248,0.9271937,210,20,20,0,0,1.0,0.05412593022119152
865399871075521280,114.56860042543303,21.53293682050675,-1.1974943065845758,0.021145567,-2.102008204551194,0.017868022,0.8415508,14.0678835,0.40074237418498243,0.018541267,81.55438,7.786592,198.13658677888165,19.59525924309147,1.0401216,225,25,25,0,0,1.0,0.0561621136885662
865399901138342272,114.58810514398309,21.528265385514946,-1.2659830365563685,0.016714003,-1.961403765067976,0.013627443,1.0751657,12.357642,0.43115550311610296,0.015714169,73.59298,1.2604673,198.14848969450122,19.61026871958677,1.1768643,228,26,26,0,0,1.0,0.05007692880765788
865399901138675712,114.58758160553005,21.533545466701543,-1.5129443542721375,0.098238975,-2.1024003403702425,0.083832,1.2647305,17.41228,0.41842617735911075,0.09174864,,,198.14310812562934,19.611823591438547,1.0173998,221,24,21,0,0,1.0,0.045372775713943984
865399905435253504,114.59384129660265,21.53577470042644,-1.220596785166213,0.040337335,-1.9695573379063407,0.0328291,0.6481304,14.879247,0.47321630894773586,0.037323695,,,198.14326639499248,19.618056691021916,1.4786485,213,24,24,0,0,1.0,0.04112868567516767
865399905435258240,114.58752112039993,21.524597431496304,-1.3023317777624719,0.10554924,-1.9528630100585866,0.088649355,1.1507854,17.343487,0.45875211220028306,0.09727434,,,198.15187260957416,19.608372963678242,1.13017,212,24,23,0,0,1.0,0.05372276216475103
865399935498079616,114.60028470249567,21.53744728117804,-1.247482696160915,0.016390145,-2.0368836192213418,0.01325455,1.1575546,12.291597,0.44948410687305895,0.015964957,75.06638,1.0900275,198.14403998242943,19.624236430915808,1.085075,211,24,25,0,0,1.0,0.038111306572602796
865399935500538880,114.59938330562152,21.53706847304531,-1.157752395835506,0.021659147,-2.223446105525724,0.017854284,0.6240473,13.725374,0.36892855111926853,0.021616055,70.70181,11.158096,198.14407401328825,19.623316928818113,1.1813068,191,10,11,0,0,1.0,0.038621333811788984
865399939794984320,114.60077369674603,21.54832846015419,-1.3099363861942388,0.018511264,-1.9861159298431663,0.014833992,1.3831987,11.135303,0.3989475684326684,0.017498802,73.07285,0.47223505,198.13353609013384,19.62878866636824,0.9605829,231,23,24,0,0,1.0,0.027287978228998644
865399939794985984,114.59698552228026,21.54913728180793,-1.293764958492786,0.022117686,-2.0746193602389136,0.018270973,1.047225,14.169439,0.3676999522554727,0.020966476,70.19004,10.040516,198.1313214437398,19.625836161719384,1.0041715,213,27,26,0,0,1.0,0.027436918659974985
865399939794987136,114.60366884996084,21.53952430275691,-1.1891362275620154,0.042116202,-2.024736149259836,0.034644,0.6583128,15.659272,0.4298405931184172,0.04116305,,,198.14326897769587,19.627937175116667,1.0322448,194,21,20,0,0,1.0,0.035713762475903334
865399939794989568,114.59873269328224,21.536810282065517,-1.1315244243097742,0.037155803,-2.230625992686201,0.030984381,0.9520664,14.414608,0.31462648358190654,0.03652972,59.25856,10.247203,198.1440836178287,19.622659028827556,1.8899505,206,11,11,0,0,1.0,0.03898556340119529
865399939794989952,114.59360439901494,21.541322460459366,-1.2370789178687676,0.040680967,-2.118553392418888,0.034851644,0.75415325,15.667797,0.32602306633311817,0.03677471,,,198.13772905446936,19.61995953924164,1.0054867,227,23,21,0,0,1.0,0.03592618286870685
865399939794990336,114.59672848042898,21.537635019612555,-1.2223121080375456,0.0309627,-2.0694385904791286,0.026427057,0.58879757,14.881271,0.46738171492864783,0.027894657,,,198.14252205159076,19.621247568207703,1.0987525,224,20,21,0,0,1.0,0.03858513705780924
865399969857816832,114.57391130720819,21.545629399816985,-1.167158422276134,0.027834255,-2.0978459169593844,0.021227567,0.5897436,14.665811,0.4140907358258276,0.02459391,,,198.1261149462525,19.604649960247123,1.0313687,219,24,23,0,0,1.0,0.04333543958222524
865399969857818240,114.57594907226522,21.535038375140054,-1.217158636828913,0.016799051,-1.9582013005574679,0.013623557,1.1617994,12.378798,0.42565164130365435,0.015580011,74.03866,1.0597609,198.13727938183266,19.602380882979464,1.1928961,234,27,25,0,0,1.0,0.0499117423143059
865399974153736448,114.58185995323738,21.546868881040762,-1.1828156744479577,0.18573345,-0.5535537813500543,0.16050802,1.1048927,18.43524,0.38089398063375945,0.17014782,,,198.1278782114331,19.611960011515436,1.0460259,221,23,20,0,0,1.0,0.0369538924626576
865399974154731776,114.57432656522003,21.549578208375678,-1.2668907711008597,0.05288521,-1.8887830532012415,0.04541782,0.7332802,16.317436,0.3373900491231378,0.05164687,,,198.1223928645299,19.606506886618256,0.99981254,224,24,24,0,0,1.0,0.040422534026712614
865399974154732672,114.57852997104975,21.54196124491146,-1.135828093536692,0.08176119,-1.9781827552938926,0.06997448,0.90351677,17.122795,0.3580495772816707,0.0785068,,,198.13144905652655,19.60723099726625,0.9922381,227,25,24,0,0,1.0,0.042858266899523316
865399974154734080,114.57123803180755,21.543382164021754,-1.0780349186389866,0.033462506,-1.779882540313307,0.025282342,0.58875847,14.885007,0.39208414772565064,0.030218478,,,198.12731926055537,19.601496289785697,1.1040467,214,23,21,0,0,1.0,0.046823497147223184
865399974154735104,114.574659198989,21.53611889561787,-1.0994868533218114,0.06252115,-2.037984465795257,0.054189757,0.77890205,16.551186,0.3468956598936122,0.057866868,,,198.13573458447775,19.60168138317697,1.0538294,219,25,25,0,0,1.0,0.049837276589208425
865400004217553536,114.58691496696929,21.553316889410652,-1.2224610853438258,0.029251793,-2.0217285639800258,0.024016194,0.5878706,14.639417,0.4081671783812517,0.024920573,,,198.12344090349572,19.618757924203234,0.97630453,200,20,20,0,0,1.0,0.028766296970632006
865400008514462848,114.59055643239526,21.55476324523667,-1.2235893930735309,0.026566664,-2.1283897955435416,0.020746538,0.6028271,14.47428,0.3740842163163025,0.022181943,67.25922,17.84445,198.12338552911052,19.6224402869678,0.943116,217,25,24,0,0,1.0,0.02536701473944492
865400008514465664,114.58261446204979,21.553576001340065,-1.1857550302855813,0.09890269,-1.9496147294452362,0.07892069,1.0941143,17.322487,0.3885880624388144,0.08766812,,,198.121574148474,19.615156050061575,1.0322255,212,19,20,0,0,1.0,0.03155103683279401
865400077233950976,114.55773613671843,21.54831142611454,-1.2252030506139338,0.07469717,-2.034768537423029,0.06659661,0.80521965,16.875397,0.36647381037379956,0.066775784,,,198.1174158875863,19.59175114376885,1.0329416,232,24,25,0,0,1.0,0.054895345636190515
865400176016601344,114.5609173253132,21.554861708589616,-1.03090299968461,0.15730992,-1.6440452805917394,0.1362776,1.3710575,18.168804,0.4358122886994763,0.15129709,,,198.1121767965345,19.596976034691902,0.9795429,205,21,20,0,0,1.0,0.04909081593173446
865400180313162624,114.56400255174023,21.557876491030093,-1.0586131299453987,0.14918403,-2.07263757906154,0.124415785,1.1312008,18.120077,0.3635765434824443,0.14232183,,,198.1103730856218,19.600775409891956,0.9767266,221,21,22,0,0,1.0,0.04505816177738009
865400180313163392,114.56414717343048,21.551780881800724,-1.1832088583093492,0.031230966,-1.9324110417364377,0.025727851,0.59046936,15.047582,0.4143875025789326,0.028483754,,,198.1164130664537,19.59858492739114,1.0525831,238,25,24,0,0,1.0,0.04760674361001961
865400210376347264,114.58110149216864,21.56778017659535,-1.3890798948847842,0.20019384,-1.9294579973669697,0.18755877,1.3202839,18.615606,0.4384503064747885,0.18785013,,,198.1070566608548,19.61924715788532,1.016394,217,20,21,0,0,1.0,0.025596579024795098
865400214672892544,114.58201328057726,21.56414693319558,-1.2102119288060074,0.07326651,-1.9722369377446427,0.064585865,0.79712296,16.749895,0.43456000554758545,0.06653025,,,198.1109668164514,19.618652309581652,1.0549116,228,24,23,0,0,1.0,0.026045098815814186
865400214672894336,114.57737406352683,21.563407123905456,-1.2016582571315984,0.045989145,-2.0177656485056437,0.040243518,0.6980314,15.978321,0.41962792681652855,0.041770183,,,198.1099544326818,19.614379963070995,1.0124991,229,20,21,0,0,1.0,0.030588059320588442
865400214672894976,114.57818899805508,21.559964022236944,-1.1441159421336493,0.030040795,-2.0600231158945324,0.025107024,0.6188936,15.081453,0.4373640163484856,0.027577737,,,198.11364140835198,19.613773849810116,1.0392826,226,24,22,0,0,1.0,0.03135677740395206
865400214672895744,114.56969309719707,21.565867419542634,-1.2387750368498207,0.038867388,-2.0351993389014926,0.031153696,0.6253643,15.509393,0.4367431906820301,0.035901267,,,198.10465901412147,19.608705660269543,1.016872,219,24,21,0,0,1.0,0.03709959320107909
865400214672897920,114.57438172881604,21.55652958044033,-1.1657094128730117,0.022426479,-2.0615779444185782,0.018476246,0.59648037,14.271953,0.42843882393381183,0.020435013,87.43679,11.30392,198.1155870090831,19.609194040836307,1.0600742,243,27,25,0,0,1.0,0.036370891509991315
865400249032669952,114.55113609635404,21.56520466669404,-1.2572040589595668,0.10307603,-2.0494650097174865,0.0904999,0.94142723,17.431486,0.3533062489367793,0.08934228,,,198.09835346855309,19.59248865730908,1.042296,236,26,26,0,0,1.0,0.055374255655758604
865400283392369920,114.56819667517162,21.57568568427226,-1.4339268860729364,0.10154283,-2.0628866738581677,0.0808256,0.9211273,17.293232,0.4350356354645821,0.08744606,,,198.09445575235983,19.611145875893627,1.1146032,200,18,18,0,0,1.0,0.03741007974895417
865400283392370432,114.56330088564486,21.579579760359746,-1.2144339583328567,0.018095223,-2.088275355383384,0.015229116,0.66827774,13.8569,0.36287333176552267,0.016233707,70.03812,13.401928,198.08879659610724,19.608412367257586,1.0401951,243,25,25,0,0,1.0,0.04253013252969007
865400283392370944,114.57208916903359,21.569312124138303,-1.4535588152936771,0.033532675,-2.5172148074051344,0.027305078,0.6052389,15.109389,0.3946604164558025,0.030847693,,,198.1021741439771,19.61207497686472,1.116716,206,19,19,0,0,1.0,0.03402502911275414
865400283392372352,114.56563479571437,21.569858317352352,-1.2511041375047152,0.049542103,-2.0266776698863445,0.04144973,0.7143345,16.133547,0.45050440799497343,0.04478181,,,198.099218502168,19.606729412142588,1.0092329,236,25,25,0,0,1.0,0.040322085881187075
865401004946882560,114.55111513422088,21.57171985307571,-1.1473029061538569,0.069769345,-2.073618222052838,0.059128128,0.8392658,16.849316,0.4619527327775085,0.06290688,,,198.09194801220704,19.594944735175233,1.0919894,249,27,25,0,0,1.0,0.05459838922199315
865401039306612352,114.56237738758351,21.584398765921424,-1.261560278163352,0.031582423,-1.94040038823711,0.026336296,0.6804056,14.875681,0.37704162557886767,0.02878067,,,198.08371779339532,19.609447328280883,1.1574103,220,16,16,0,0,1.0,0.044196958176927356
865401039306614784,114.56244847315712,21.579682615669757,-1.2143627016225875,0.02216987,-2.096591041409957,0.018615842,0.5962839,14.40947,0.3971844035997713,0.019928021,52.673954,9.338374,198.08837613123265,19.60771809407461,1.0077801,242,21,20,0,0,1.0,0.043388612366553905
865401417263724160,114.61235160614585,21.558685341089245,-1.0424205087272118,0.022117676,-2.0811299105864025,0.01839178,1.0534039,11.534285,0.46564761698142054,0.020484367,72.68335,0.7269674,198.12770299415303,19.642682511494503,1.0879725,219,25,25,0,0,1.0,0.017826880424733058
865401417263725952,114.61352724495565,21.55459514619589,-1.2071872554263372,0.016473377,-1.9696088873746243,0.0136682335,1.1409197,13.268084,0.4117853101389824,0.015270225,73.045,2.3434181,198.132161567323,19.64214159040865,0.9857572,207,18,21,0,0,1.0,0.02206252845484026
865401417263726336,114.6072958843258,21.559842400103413,-1.3812805904587147,0.056659155,-1.9077651276014604,0.04846976,0.83990383,16.216478,0.37699731209868814,0.052038096,,,198.1246714220963,19.63877155298902,1.0708262,217,25,24,0,0,1.0,0.015436294228591666
865401417263727616,114.61166847902419,21.55208513615133,-1.2562451300373225,0.020184333,-2.1030616680621415,0.016782284,0.61965084,13.838055,0.42239716259703697,0.01851195,73.31096,10.014479,198.1339304081409,19.639589421160096,1.0016629,203,22,21,0,0,1.0,0.02388342247412856
865401417263731072,114.60751017551854,21.549843887469258,-1.2824100462830295,0.028301533,-2.0431081692095403,0.025825119,0.58076,14.748164,0.4249106920069166,0.024530482,,,198.13457308877335,19.635160522060712,1.0182863,190,22,22,0,0,1.0,0.025413376099971494
865401417263732352,114.60148998616974,21.552936876268298,-1.3757578072940624,0.035634004,-2.2455237163908626,0.029055191,0.62531376,14.947181,0.399489516441211,0.03212782,,,198.12927815867843,19.63115456714541,1.1264681,206,22,21,0,0,1.0,0.022625811437815998
865401417263732736,114.60902715041107,21.544850460409926,-1.212662227668239,0.08955595,-1.9115069380032272,0.07782889,0.8949146,17.246897,0.3483500475530788,0.081467666,,,198.14004660747568,19.634570173678807,0.94738054,217,23,20,0,0,1.0,0.030527766457921626
865401447326926208,114.61210444897705,21.562312488410893,-1.1275897917659643,0.13279584,-1.8275941873250223,0.11716143,1.3324757,17.96471,0.3318854945225805,0.119897984,,,198.12404726711523,19.64384652955262,0.91582125,230,25,25,0,0,1.0,0.014421555398223295
865401451623455232,114.62553390941304,21.559911174010548,-1.2663208642400543,0.05409343,-2.0697614405396667,0.049638152,0.7201977,16.19272,0.4253074450543288,0.049906157,,,198.13143949221546,19.654490490229296,0.9091053,218,25,24,0,0,1.0,0.025110430508371855
865401451623462016,114.61630756172165,21.556235775725128,-1.101843763494171,0.05182235,-2.0516232878386655,0.043648966,0.6807146,15.845318,0.3141383917910833,0.049511366,,,198.13159207927572,19.64515667200272,1.196558,206,23,24,0,0,1.0,0.021764094341788377
865401481686303104,114.59906833342897,21.55427171718884,-1.1724761978897131,0.027642345,-2.05930211110224,0.02265532,0.59952164,14.50468,0.42164981024913106,0.024976764,,,198.12705922927245,19.62957761394131,1.1960065,235,23,25,0,0,1.0,0.021911162260564578
865401481686671232,114.59341396871164,21.559218900496255,-1.1535456913246946,0.11985323,-1.87906155207774,0.09463196,0.9659538,17.570541,0.4609992044187076,0.10392186,,,198.12008045539577,19.626590546785536,1.0761701,219,20,22,0,0,1.0,0.020087782662029284
865401481686952960,114.60078427155966,21.564198907530283,-0.8670330737891372,0.1488004,-0.25321046048975526,0.11837349,0.9213257,17.862944,0.3475282355836679,0.12894088,,,198.11795145812374,19.634822449621947,1.0688258,218,21,22,0,0,1.0,0.01199717480281859
865401485982172288,114.5995920349788,21.565151527491967,-1.1479256367460726,0.17420115,-1.8365886886818088,0.1422532,1.1346893,18.230814,0.3624798762618125,0.1684923,,,198.11656887558775,19.634158235356818,0.9182183,208,22,21,0,0,1.0,0.011697003273709717
865401485983201792,114.60539518174883,21.56382585316601,-1.2431650391757287,0.026685009,-1.9916481049895942,0.02158409,0.6211939,14.446467,0.3729646269075345,0.023294432,48.683823,18.701212,198.12004606110378,19.638648124048398,1.0397708,189,23,22,0,0,1.0,0.011361685678353778
865401485983201920,114.59853655438296,21.569918885564277,-1.1043395343040703,0.041801833,-2.0331551314058554,0.03488027,0.72681904,15.520304,0.452116428343412,0.039154414,,,198.1114904181529,19.63505962362196,0.95285815,212,24,26,0,0,1.0,0.008813574127811565
865401485983202816,114.59870090354922,21.56861883511453,-1.1454047982991855,0.03539502,-2.0673428430133653,0.029289225,0.6909342,15.247293,0.3805411443238915,0.032136563,,,198.11282903217963,19.63470758531817,1.0082191,203,21,19,0,0,1.0,0.009527194469105901
865401485983202944,114.60007249589226,21.56702464346259,-1.239142540286183,0.023086462,-2.1161248984362944,0.01940239,0.62179565,14.393635,0.40372320646119514,0.02264836,,,198.11490902330243,19.635282597166245,0.9765298,225,24,23,0,0,1.0,0.009858638365113373
865401485983204096,114.5952443811336,21.568590690326683,-1.2557877020923527,0.020286882,-1.9410841780244026,0.016658416,1.1133013,13.440823,0.372403134912768,0.01823051,74.53582,3.9752955,198.1115612559153,19.63172296946304,1.279943,222,24,24,0,0,1.0,0.012280177978143946
865401485983204864,114.60423742540542,21.557870074737615,-1.2255890189791325,0.023973253,-1.961180076715283,0.020160588,1.0508747,14.258432,0.3756216781088038,0.021683807,76.24647,6.52749,198.12546241678655,19.63539128891853,1.0795268,227,25,24,0,0,1.0,0.017369352119196876
865401485983205504,114.5985872922101,21.56194812867883,-1.1460529542155773,0.047309443,-2.0126920167544116,0.03628058,0.7711735,15.800236,0.3916170953708069,0.04194317,,,198.1193388692724,19.63207778889339,0.96997195,218,23,22,0,0,1.0,0.014981902468646164
865401485983207680,114.59745367575273,21.560093179547174,-0.9776862020357655,0.068321064,-2.239306425892875,0.054897603,0.77181625,16.55254,0.3074151442302068,0.05730405,,,198.12073597072649,19.630398266967322,0.97688866,217,25,25,0,0,1.0,0.01715226773680517
865401485983208064,114.59340879990845,21.56294132621104,-1.3043238623760625,0.024128668,-2.1294334357773756,0.019453028,1.0228415,14.389463,0.3824826432158558,0.02313603,76.41225,8.130157,198.11642230833385,19.627999205313984,0.9831704,224,24,24,0,0,1.0,0.017280959727282698
865401485983208192,114.59470324383312,21.561472941463062,-1.3308679430119934,0.034580357,-1.6832920550916353,0.027089909,0.63582325,15.05767,0.3935527728646808,0.031281687,,,198.11834977838654,19.628555534390216,1.0668036,225,23,24,0,0,1.0,0.017517177923464085
865401485983209216,114.59816808558087,21.555327302763327,-1.147780440435976,0.050053064,-2.0147388923581167,0.042326894,0.67429066,15.799651,0.3529061615013746,0.045584,,,198.1256849382511,19.629203740201415,1.1461939,218,20,20,0,0,1.0,0.02120465209333745
865401485983614208,114.59028405591617,21.564258730375506,-1.4511619556120623,0.029608699,-1.8687774015305836,0.02480967,1.2949142,11.211769,0.39318601618760607,0.027174454,74.07327,0.2991207,198.1139571197924,19.62581079440399,1.6551359,212,26,26,0,0,1.0,0.018817009301618618
865401516046407936,114.61404331262776,21.570713457708365,-1.2324215329517112,0.12944834,-2.023862459006375,0.10577935,1.0259342,17.770845,0.42569163023014,0.11188141,,,198.1165209862743,19.648703042183204,0.90614855,217,23,21,0,0,1.0,0.009551556953846721
865401520342927744,114.61737851118725,21.57385000527739,-1.067389591002423,0.11122119,-2.1103745683329245,0.08986537,0.94070435,17.509523,0.4257346684211849,0.09780239,,,198.11468933481868,19.652762870220062,1.0353482,221,24,21,0,0,1.0,0.01185060500472438
865401520342929024,114.60895906601802,21.580119728865004,-1.362237871024075,0.058769897,-1.877917239074727,0.05275204,0.9126148,16.54241,0.349282022255479,0.055663824,,,198.10537515008934,19.647898090297215,0.99068725,230,24,24,0,0,1.0,0.005967054190449891
865401520342930560,114.60897567375675,21.577835689891977,-1.1734696508830538,0.023858273,-2.0486586547081163,0.01987887,0.07108307,13.663803,0.39647350881949867,0.021757092,,,198.1076252194536,19.647045669522598,1.1333833,225,25,25,0,0,1.0,0.00428893451921861
865401520342932224,114.60548787711039,21.578537449378477,-1.2479247866081984,0.038175378,-2.0240348501599943,0.03348971,0.6642046,15.644437,0.40543599015569365,0.03469294,,,198.10562897577626,19.644311205642875,1.0230328,236,26,23,0,0,1.0,0.0033538095050723543
865401520342932480,114.60633354109655,21.57657519018367,-1.2244285906068981,0.040246706,-2.117274157198321,0.0343932,0.6494322,15.696073,0.4426151964662479,0.03595775,,,198.10787351836163,19.6442941382207,1.0092927,240,24,26,0,0,1.0,0.001569701739036663
865401520342932736,114.60840529179902,21.574282310009455,-1.166166520299559,0.024194267,-1.983197874035581,0.020462483,0.6297579,14.366013,0.40327333951760536,0.021450251,,,198.11090229189492,19.64520649212495,1.0117036,221,25,23,0,0,1.0,0.0029438944228628583
865401520342933120,114.60485102749546,21.576809310026935,-1.2449386997924505,0.037502278,-2.045402471037731,0.03269618,0.6340256,15.524614,0.342324997914765,0.034047507,,,198.1070880226972,19.643107482394367,1.021377,235,26,26,0,0,1.0,0.0017895302954263823
865401520342934400,114.60822662988463,21.57176891964961,-1.10780249024231,0.128959,-2.1061971008748386,0.11951599,1.2500019,17.926945,0.415283728435971,0.12779714,,,198.1133044242518,19.644098948447,0.86654264,201,22,20,0,0,1.0,0.0043075725726026415
865401520342934656,114.60906487174455,21.570243269708545,-1.1407844416853128,0.02351634,-2.2539764799777897,0.018240647,0.6347637,14.154726,0.37399289697308474,0.020775516,,,198.1151172883847,19.644241168950728,1.0547558,200,21,22,0,0,1.0,0.006033956327814101
865401520342935552,114.60690631159632,21.57086697787055,-1.203973020557229,0.06598222,-1.9383523459993692,0.05677597,0.765749,16.441616,0.44653408161326685,0.061167818,,,198.1136956806525,19.64262066645832,1.1206723,217,21,21,0,0,1.0,0.004510909680064094
865401520342936832,114.60836501828123,21.567503502639568,-1.1435424945742616,0.026126781,-2.082294833277594,0.02040121,0.6039753,14.458782,0.367354981291323,0.021821998,,,198.11754643846373,19.642599223509222,0.9380616,219,25,25,0,0,1.0,0.008163427832425586
865401520342937856,114.60444186760198,21.56949825107879,-1.2157442504325306,0.020708252,-1.9342671677461194,0.017703647,0.66512966,14.14384,0.39253997443195543,0.019945813,91.947075,7.419904,198.11411668652107,19.63998082038761,0.99288553,220,22,22,0,0,1.0,0.005804780084931149
865401550406140800,114.6287700504119,21.564734372477293,-1.105416309876292,0.087066956,-2.1370479395962296,0.07788442,0.92603683,17.21072,0.4232462947083388,0.08063736,,,198.12791371973458,19.659105349624564,0.9950626,200,24,23,0,0,1.0,0.025414993547521858
865401550406151936,114.62441630429048,21.573680276950927,-1.3145436735425962,0.07972838,-2.1545491638453007,0.06974693,0.87236786,17.086168,0.4305805903205693,0.071950406,,,198.11749311968697,19.658753774038754,0.9566497,228,24,25,0,0,1.0,0.018873022520589505
865401554701600384,114.62278118610568,21.574229071250823,-1.20425815022996,0.060916614,-2.0211876188618483,0.05272999,0.7102165,16.309008,0.43308684006059406,0.054900922,,,198.11634127735863,19.657555146277076,1.1236634,237,26,23,0,0,1.0,0.01720438620079229
865401554702660608,114.63678733609413,21.571699407284164,-1.1920937144472723,0.027582591,-2.1057293819771283,0.025335766,0.5698576,14.6677065,0.37915399319411747,0.024040397,,,198.12407462096235,19.668646454348323,1.0411713,207,25,25,0,0,1.0,0.03137819035867006
865401554702661120,114.62986391043754,21.57624193110563,-1.2693244524404812,0.040814076,-2.0533052045125375,0.03535347,0.6605711,15.725605,0.401677006013984,0.03753139,,,198.11701735472374,19.664412838589275,0.9556688,222,24,21,0,0,1.0,0.024283482474070434
865401554702663168,114.63002698903536,21.567644137386466,-1.2224601727460631,0.026424415,-2.105015362495956,0.022662615,0.57729053,14.671156,0.37502216744432143,0.023993455,,,198.12552593322965,19.66129098685911,0.9790345,214,24,22,0,0,1.0,0.02556140057193167
865401584765890816,114.64472316370053,21.57552340050186,-1.4217284351611967,0.1278744,-2.2140389767047584,0.11220895,1.0918369,17.863354,0.38522573248750736,0.11590889,,,198.12329040799395,19.676925368380214,1.0661937,229,25,25,0,0,1.0,0.03912120916260398
865401584765895680,114.64099757097195,21.584651579888714,-1.4175773379258854,0.11381929,-2.137930821829052,0.10507332,1.2409477,17.70276,0.35906413997812753,0.103188336,,,198.11292500335915,19.677182393390126,1.0546385,212,24,23,0,0,1.0,0.03663810362032599
865401589062391680,114.64900363890106,21.58531852927294,-1.120683231661022,0.07599904,-1.9640489628962914,0.065856084,0.8645916,16.99981,0.4198381333645427,0.06877186,,,198.115268463937,19.68432370619381,0.92266566,238,23,23,0,0,1.0,0.044567423876642295
865401589062391936,114.64803021336427,21.585797994767905,-1.1716573362179488,0.077796906,-2.0945201385531744,0.06736057,0.8585682,17.016293,0.3839203489050936,0.069663815,,,198.1144326796183,19.683668025931844,0.9900957,234,20,17,0,0,1.0,0.04373391920601161
865401589062393088,114.64426710148808,21.58459269824421,-1.2216358420704934,0.025634201,-1.9821940872992714,0.021447869,0.58934784,14.602032,0.35552541935304455,0.02302589,,,198.11420756584658,19.67997312569256,1.0302826,236,26,23,0,0,1.0,0.03979162918861479
865401589062396160,114.63714951152738,21.581911039321795,-1.5196983227896315,0.02310733,-1.672789358441223,0.019312881,0.64668846,14.213565,0.4079770935822054,0.020713266,84.98491,6.6604567,198.11417648028635,19.672832017785797,1.0746137,217,22,20,0,0,1.0,0.03225503797000113
865401589062397824,114.64061325026731,21.574009714908847,-1.1830978939038745,0.025466524,-2.0495159676344774,0.021661779,0.60391235,14.415296,0.35965166970903656,0.02289094,54.606518,9.028286,198.12323800847466,19.672814864767826,1.1263447,225,25,25,0,0,1.0,0.035029580406923305
865401619125252608,114.62235397273048,21.575265129285206,-1.294373529498683,0.020483118,-2.001244147741472,0.016733317,0.22592545,12.360076,0.4093796334093166,0.01821507,,,198.1151633020897,19.657580687709206,1.0442436,226,26,25,0,0,1.0,0.016750748674232985
865401619125628800,114.61931986639458,21.574385872262656,-1.2196554359961163,0.09127998,-2.171393908020073,0.073993795,0.85027313,16.996006,0.4696943260817199,0.07706558,,,198.11489029702304,19.654636535440233,1.1322023,228,24,23,0,0,1.0,0.013739749452309054
865401623421080448,114.61270162569377,21.581350094810222,-1.3552140811405275,0.15799703,-1.9454305709181128,0.14477864,1.2339516,18.273407,0.39634142928594185,0.15336058,,,198.1055686189409,19.651584883436257,0.9947288,216,22,20,0,0,1.0,0.009401342866947613
865401623422138368,114.62436443074535,21.580792059037382,-1.193812111253586,0.01810221,-1.8117195812498443,0.013922858,1.2002382,12.661773,0.43461680322874546,0.016485406,74.31009,0.7653276,198.11048634155304,19.661407442140955,1.1486564,211,23,23,0,0,1.0,0.01958080280914375
865401623422139008,114.61463399255837,21.586335056264012,-1.2437966675404655,0.037680194,-2.0150406515284183,0.03303138,0.63305664,15.523746,0.3446634440107156,0.034404702,,,198.10139504217037,19.655138782106434,1.055032,247,26,25,0,0,1.0,0.014347859320314292
865401623422140928,114.61816713947832,21.576093658833297,-1.3541332754883693,0.08666795,-2.420838543795116,0.06995688,0.94979095,17.066477,0.3137004203987675,0.07583975,,,198.11278056074391,19.654292752851436,0.98224705,210,22,24,0,0,1.0,0.01259649736287293
865401623422141696,114.61041872144895,21.582736779012414,-1.2972014481797594,0.021482768,-2.0327304781275277,0.018817624,0.63611794,14.298532,0.43314422574386086,0.020552564,,,198.10335098857848,19.6501469409726,0.9978276,230,25,22,0,0,1.0,0.008955838429342123
865401623422142336,114.61313752226515,21.57924430358244,-1.163991734408793,0.045737807,-2.078728341930815,0.037833557,0.6758251,15.750881,0.3409627861428694,0.04248631,,,198.10780074076385,19.651160888299906,1.0234368,210,24,25,0,0,1.0,0.008557782068595818
865401653484987776,114.62654569849836,21.59137382603431,-1.268307503339797,0.0290389,-2.012081287178945,0.026928995,0.5852814,14.911572,0.33220472489859754,0.026031105,,,198.10090632314328,19.66729842320673,1.0243766,234,25,26,0,0,1.0,0.026469548701605488
865401657781870080,114.63846542065065,21.589243420826364,-1.2222049364326117,0.035015866,-1.9610085292499195,0.027679937,0.6640644,15.149413,0.40601079750881275,0.03104618,,,198.1074643440044,19.676745483535417,1.0188067,216,24,23,0,0,1.0,0.0357425941228511
865401657781870336,114.62858357812058,21.597178235866796,-1.1779688222587512,0.024022618,-2.0379055015069696,0.02081327,0.59768486,14.558254,0.3547113664844024,0.021721698,,,198.09596615718002,19.671253334748233,0.9713334,231,20,22,0,0,1.0,0.03180821737809681
865401687845101184,114.58715385603718,21.563413786331207,-1.365479438504781,0.06741565,-2.075484772517138,0.06159952,0.8004265,16.57668,0.3664127766303672,0.057755504,,,198.11361374106403,19.622796843530033,1.0027584,211,23,21,0,0,1.0,0.02188521091305432
865401692141632256,114.59508516759581,21.573096757339894,-1.1898571304436627,0.043557495,-1.9680434565782547,0.03723324,0.6615,15.819698,0.4210179419214952,0.04018354,,,198.1070754180431,19.633296312828854,1.0154351,237,25,24,0,0,1.0,0.010723659419615639
865401722204859264,114.59312625002069,21.584149462033178,-1.1760154501781983,0.07438116,-1.965670004836318,0.061974343,0.8265743,16.814877,0.3569559039668463,0.07013949,,,198.09548434079687,19.635805738788065,0.961783,217,21,20,0,0,1.0,0.01536326346416911
865401692141632384,114.59378029327654,21.574205599112084,-1.223801160047975,0.026051491,-1.9892623898825819,0.022093669,0.6031561,14.585704,0.39118648877880763,0.023988934,,,198.1054972322153,19.632594511202278,1.1227154,240,26,27,0,0,1.0,0.011863667839878418
865401692141633664,114.58877107206936,21.575893914239295,-1.068516854852966,0.02656504,-2.158256236715364,0.022396518,0.5839195,14.748433,0.4054587790440984,0.024346843,,,198.10196170071373,19.628925637003153,1.055965,234,24,23,0,0,1.0,0.016847235891672047
865401692141633920,114.58675509399454,21.57733945635569,-1.1681807753061237,0.043864075,-2.0369192133660774,0.036505383,0.6238508,15.52566,0.39216049582759827,0.040504362,,,198.09978636279854,19.627739882843862,1.1193446,206,21,23,0,0,1.0,0.018970980050221492
865401692141636096,114.58745789442027,21.57221038380564,-1.1314950630551242,0.07349575,-2.1118754606744847,0.06606631,0.79452324,16.783134,0.37828388064135277,0.06506944,,,198.10508767359056,19.626397684571213,1.0960976,231,24,26,0,0,1.0,0.018387820068158218
865401692141637504,114.5877878671136,21.569391054430863,-1.2464858577020974,0.031122554,-2.0781424469689647,0.02691324,0.6381178,15.059529,0.35421673127385167,0.028529791,,,198.1079805316846,19.625611389623604,0.9752143,218,22,22,0,0,1.0,0.018734214067962975
865401692141638528,114.58342037585433,21.572177466723794,-1.1260681252615647,0.081199065,-2.1551175898115855,0.07220438,0.87161446,17.039965,0.40229611994889614,0.07289478,,,198.1036068542969,19.62291150318785,1.0410764,239,22,20,0,0,1.0,0.022386070968049093
865401692141639936,114.58493005646093,21.56708530760639,-1.1267851344297697,0.024178902,-2.076803342835122,0.020900007,0.5985031,14.511562,0.3832338176745821,0.021793649,,,198.10917412382906,19.62227733680833,1.0467589,233,24,23,0,0,1.0,0.022203668382527457
865401722204854912,114.60068428562826,21.58639718628469,-1.3358440882809322,0.10646304,-1.977588998166966,0.09583559,1.1616764,17.635988,0.43965478087449567,0.09695788,,,198.09610798783999,19.643161011032646,0.9854354,242,22,20,0,0,1.0,0.012243234625363452
865401722204857344,114.59913192214037,21.590856048736132,-1.3237310835845049,0.14731443,-2.3563630591512,0.13829409,1.0598145,18.081364,0.40303695602571477,0.14123815,,,198.09114610565925,19.64351740236661,0.9862075,190,18,17,0,0,1.0,0.01695412036986952
865401039306618368,114.55594991245653,21.575919688714794,-1.099390631762522,0.03577486,-2.112926849656871,0.031214831,0.6243868,15.4454,0.41225828548511984,0.032300048,,,198.08963597432276,19.600698793699536,1.0077246,230,25,25,0,0,1.0,0.04965892597101262
865401039307016448,114.5627662053671,21.583049497474082,-1.228704870650229,0.01892943,-2.0523084714436854,0.015607655,1.5954828,10.573787,0.3993711775136948,0.017740985,74.12815,0.22566198,198.0851886161479,19.609269609018757,1.0138257,233,26,26,0,0,1.0,0.04355303360639302
865401726500318976,114.59369439731933,21.58493330653111,-1.361614403420012,0.12952766,-1.867801190959233,0.11171375,1.0192032,17.818874,0.3831139286547837,0.12800238,,,198.0949272230329,19.636591989433114,0.9998641,209,12,12,0,0,1.0,0.015389666510611456
865401726501360512,114.60281304769295,21.584224317961308,-1.1409851359977996,0.035384744,-2.0445303013115304,0.031174535,0.6276598,15.49671,0.4176349448336747,0.03206733,,,198.09904011759852,19.644167925881465,1.0246022,247,27,25,0,0,1.0,0.009459598709363823
865401726501361792,114.60260359639967,21.58234304411631,-1.1046859276244922,0.039077856,-2.0031886917389645,0.034013268,0.6515026,15.678765,0.46542789853020805,0.035453055,,,198.10080976855724,19.643273850235094,0.9983023,239,24,23,0,0,1.0,0.007760635760069151
865401726501362560,114.60323292978707,21.580431512648225,-1.223232104154035,0.045709472,-1.9859972807860407,0.040354416,0.8042698,15.971231,0.3650078309042885,0.04135801,,,198.10292339985025,19.643089915131927,1.0624229,238,23,25,0,0,1.0,0.005756602181434792
865401726501363840,114.59946494253012,21.58126022852543,-1.169541125743856,0.024045752,-2.1793974951735144,0.02083696,0.5893507,14.388493,0.4061321446723405,0.021897964,,,198.10069750366034,19.640162642362103,1.1081051,231,27,27,0,0,1.0,0.008636061437691418
865401726501364096,114.60041694361101,21.58015380883692,-1.2239978747711304,0.051083263,-1.909093088267492,0.04431387,0.8261471,16.147089,0.40096578333871374,0.045114428,,,198.10214109483016,19.640561812436758,0.9351179,222,23,22,0,0,1.0,0.007182078916786711
865401726501365504,114.59907502060321,21.578505547834272,-1.214451117168267,0.057755996,-2.1383478878471265,0.050398424,0.8415842,16.444864,0.41188871501486346,0.05208886,,,198.1032574345913,19.63878178422,0.9507275,236,23,24,0,0,1.0,0.007324053146934049
865401726501368448,114.59216823667953,21.579930616140665,-1.365149552829164,0.09020838,-1.9366122891958923,0.07751069,1.0512486,17.171642,0.38478613719371446,0.08285108,,,198.09926956952918,19.633380438807478,1.0106279,216,24,24,0,0,1.0,0.014248468111481465
865401726501368704,114.59075430181186,21.58005530286568,-1.1273021341445748,0.035317488,-2.195251985836987,0.031671975,0.59304714,15.108398,0.34307655299188,0.03259598,,,198.098617280211,19.632211309696917,1.0479314,210,20,19,0,0,1.0,0.01562721354650139
865401760861110272,114.58356366361623,21.581223411784794,-1.223495393615577,0.06541122,-1.9671825475174414,0.05732913,0.7774658,16.670795,0.33234853736446734,0.05858198,,,198.09477548743104,19.626468393818534,1.0449487,231,23,19,0,0,1.0,0.022851812678822424
865401760861112192,114.5775370780439,21.582695761836398,-1.1778612984449657,0.02163,-2.057717247584862,0.018003447,0.6758518,13.768371,0.3728237298106517,0.02022566,78.54175,4.733805,198.09107107421522,19.621842527019652,1.1313618,219,24,23,0,0,1.0,0.029053764196109607
865401760861112576,114.57644529239883,21.582950201268158,-1.0538305175229743,0.0764676,-1.980485066063944,0.06706375,0.81622505,16.8117,0.4007860400432358,0.069034465,,,198.09041205679117,19.62099984340003,1.0674667,224,23,24,0,0,1.0,0.030174236344384233
865401760861112704,114.57919153418362,21.58008019261521,-1.2603961075862888,0.03042143,-2.3312334691588865,0.026125547,0.5820856,14.92248,0.36035267851209757,0.02772336,,,198.0942600495147,19.622273072375506,1.1151924,229,11,10,0,0,1.0,0.026861572279763202
865401760861112960,114.57958647565988,21.579304869643558,-1.2597679779274542,0.019936228,-2.0894530911341826,0.01699474,0.55441475,14.030579,0.3793413201037051,0.018043004,76.4567,16.33875,198.09516956900393,19.62231855247459,0.9905328,236,23,21,0,0,1.0,0.026341016388128528
865401760861117568,114.57160786289123,21.577989577100215,-1.1106959916955437,0.12826733,-2.097271278589107,0.11232723,1.1968651,17.67957,0.3060297194133682,0.11611818,,,198.09347145757573,19.61495517753261,1.0637038,209,22,22,0,0,1.0,0.03411098831417308
865401790923940224,114.59148447773396,21.597456551898937,-1.277870840582587,0.016320296,-2.0577539125560307,0.013641951,1.169342,12.3292055,0.401785041371501,0.01540005,71.83156,1.5872085,198.08179717203168,19.63944292156844,1.1926163,249,27,25,0,0,1.0,0.026369267419847183
865401790926365952,114.58591588998068,21.587154154489564,-1.4666042157339738,0.14553428,-2.048827899677896,0.12868764,1.0512009,18.002687,0.3302581343300288,0.13335903,,,198.08983132146457,19.630742920199435,0.92140216,213,20,21,0,0,1.0,0.023040054629722202
865401795220837120,114.59360467142156,21.59336563529812,-1.2181227430823782,0.03322916,-2.104127216167211,0.027879657,0.5791149,15.180166,0.353371414566054,0.02996448,,,198.08661016451137,19.639714606602425,1.0461577,231,22,24,0,0,1.0,0.021782616153946714
865401795220838656,114.59078441350154,21.593102422691175,-1.025157133700357,0.13429667,-2.1231978579621518,0.118359946,1.0654831,17.958078,0.36337983150268877,0.12245012,,,198.08581222549793,19.637188519271245,0.8834415,233,25,25,0,0,1.0,0.023251111360444193
865401795220838784,114.59304075976003,21.59085423855204,-1.1409853380933435,0.041613158,-2.024849174159453,0.03540851,0.67015934,15.774781,0.41341722106760737,0.038051303,,,198.08886599555464,19.638276520424697,0.94998294,241,24,24,0,0,1.0,0.020082966091298244
865401795220844160,114.58953058134949,21.584734605879117,-1.3253664597135961,0.017137362,-1.852018731104684,0.013896887,1.1678009,12.833498,0.40645259848926574,0.016133754,74.88268,0.8966396,198.09356233898785,19.63293440325649,1.0067446,215,22,21,0,0,1.0,0.01869542292756697
865401795220844928,114.58409832156396,21.58777612694522,-1.2061458739520263,0.026248543,-2.018422294164262,0.02363046,0.62119293,14.463476,0.3780617404548062,0.023536319,82.12925,9.381023,198.08853939034663,19.629415327471207,0.9699874,190,20,21,0,0,1.0,0.024919661826512344
865401795220845312,114.5817733103066,21.589620404392083,-1.3895456887759563,0.03569195,-2.107769069995232,0.030570304,0.6067486,15.343049,0.3360868545247094,0.03151178,,,198.08585672396973,19.628115086414653,1.0131656,219,21,20,0,0,1.0,0.0278610207535657
865401795220845568,114.57828212549006,21.592563081280055,-1.1400185357888568,0.034658052,-2.1024796345082746,0.029867446,0.5823345,14.905557,0.4046182905317862,0.032701366,,,198.0816582813697,19.626228506407184,1.2152787,219,23,24,0,0,1.0,0.03237944611082384
865401795220895872,114.58048890674074,21.59235728670539,-1.3648768909720022,0.050735522,-2.0496654502597496,0.044082746,0.70552635,16.068136,0.3611515302731155,0.04496478,,,198.08268717927538,19.628048819425473,1.010893,224,23,23,0,0,1.0,0.030423743793440212
865401795220896000,114.58045267190856,21.589444589856186,-1.1838743324109182,0.018709673,-2.0310984150117206,0.015733333,0.6178999,13.795049,0.356795942813402,0.016582094,65.92519,8.702303,198.0855346291442,19.62691224633662,0.95944524,225,22,21,0,0,1.0,0.028911549324407985
865401825283678848,114.61200026686558,21.596124364027865,-1.360039295480174,0.018910637,-1.9893849058479396,0.016342701,0.2972908,12.403625,0.4349785721653239,0.018023644,,,198.09079057990164,19.6565868166421,1.172292,238,27,26,0,0,1.0,0.02189407007444308
865401825284078976,114.60728880126554,21.595884700527453,-1.217925611756257,0.06306448,-2.083184901945706,0.054480836,0.77000237,16.565487,0.33433115450685036,0.059297133,,,198.08926131097056,19.652442645965678,0.917847,219,22,25,0,0,1.0,0.02076757169602648
865401825284477568,114.60724703878671,21.588613153237432,-1.0746958272185858,0.1846822,-1.9103998690678392,0.17448951,1.1948414,18.525497,0.3969877992264541,0.18118113,,,198.0963896191971,19.649647897223083,1.0129268,217,22,20,0,0,1.0,0.01352774457421453
865401829579514752,114.60213154481515,21.589059477227373,-1.129788595379541,0.045176458,-2.0156591388010865,0.037954863,0.66510105,15.659857,0.3821132709967725,0.04325437,,,198.09403477079397,19.64541630627674,1.0575206,202,4,2,0,0,1.0,0.014301660371334133
865401829580568320,114.61020906704273,21.59427635595686,-1.1679089044456896,0.03745657,-1.8965560737470835,0.032851864,0.6152754,15.440668,0.4153682558062189,0.034782305,,,198.09193531512634,19.654344770930436,1.0614293,237,26,24,0,0,1.0,0.01963842788813702
865401859643819648,114.61525881624056,21.600571567907952,-1.2439981679688283,0.09349195,-2.0161802296694122,0.08341828,0.9405117,17.330593,0.41205466386299006,0.089475624,,,198.0876415395889,19.661077130220043,0.93597585,216,21,21,0,0,1.0,0.027160129508652868
865401863940300416,114.6175149177406,21.608052438652077,-1.060571192191899,0.04120111,-2.084856151209792,0.036376223,0.64449024,15.634671,0.4083971848267063,0.03742329,,,198.08113593269414,19.66585548112916,0.99312603,210,23,22,0,0,1.0,0.03495870463217991
865401863940302336,114.61542819473152,21.605101441710904,-1.2444532854327395,0.031430494,-2.0338463485918625,0.0295484,0.5904064,15.035125,0.3878059418013608,0.028849805,,,198.08325410725152,19.662941074718216,1.0272542,220,23,21,0,0,1.0,0.031487808777192344
865401894003557504,114.59824185229405,21.599249169864176,-1.2192845254831766,0.050245948,-2.087754669216484,0.04966986,0.80264854,15.98724,0.37455675625499263,0.048786994,,,198.0825672425744,19.645936191713297,1.1291522,208,23,22,0,0,1.0,0.02516438948060976
865401894003559296,114.5889703823256,21.601189067575493,-1.1173626553420863,0.057356376,-2.1273483203889274,0.048697207,0.7477493,16.461102,0.391509024016691,0.051726937,,,198.07718875556327,19.638696385513647,0.98747605,243,26,25,0,0,1.0,0.03086804883463881
865401894003564672,114.60007438052669,21.607365082139296,-1.1554001248764858,0.1581115,-2.10233324116337,0.14000155,1.0812893,18.14603,0.3024976531554229,0.14353718,,,198.07528012091782,19.650591575619597,1.0360003,218,25,23,0,0,1.0,0.032650992388726534
865401894003568640,114.59973646508027,21.610579304532298,-1.1188011775538311,0.108027585,-2.2114204248004596,0.0946338,1.0043411,17.617403,0.3506566836076304,0.09527377,,,198.07199566851116,19.651520170361987,0.9773241,241,27,27,0,0,1.0,0.03587663912913979
865401898300044928,114.60367693097717,21.600749717068663,-1.1290900974502822,0.034673527,-1.9841874696649868,0.030240439,0.5981922,15.275086,0.3763249553073252,0.03112016,,,198.0831287467779,19.651181088162833,1.0924796,231,24,23,0,0,1.0,0.025636572575086967
865401898300048128,114.59757618485209,21.595362691218856,-1.2474521466861501,0.02547016,-2.0234963737425486,0.02207599,0.6044359,14.56449,0.4072298878258239,0.023642858,,,198.08613602025562,19.64388897169863,1.0602528,240,24,21,0,0,1.0,0.021715205867269393
865401898300110720,114.59661679074657,21.60624291364199,-1.2286122809556164,0.045338597,-1.9893855605637767,0.038294293,0.71458626,15.568152,0.4167927975040894,0.039805517,,,198.07508771135065,19.647191531266404,1.2711426,235,26,26,0,0,1.0,0.03233131933217632
865401928363306880,114.60866693868935,21.61087764858071,-1.1745478197944363,0.12830678,-2.0408229241198343,0.11739427,0.97867775,17.964191,0.35112366355842833,0.12170108,,,198.07504672820815,19.659315589609502,0.93403333,227,24,21,0,0,1.0,0.035823251462575006
865401932659777792,114.60917476688941,21.614783180374165,-1.2233015781564789,0.036716998,-2.0731420820189514,0.033711392,0.60808754,15.408339,0.39177966120429214,0.03258458,,,198.07139946312253,19.661233739561908,1.0329206,230,25,25,0,0,1.0,0.039758276193537556
865401932659778432,114.60425671693538,21.617528413833686,-1.0489244253992738,0.052899703,-1.945895442180749,0.04646855,0.72620773,16.161495,0.40979646380750767,0.04795114,,,198.06686065690343,19.6580443711919,1.0778874,245,26,26,0,0,1.0,0.042364193477943395
865401932659778816,114.61329224164712,21.607431047824367,-0.3943853150795673,0.12655038,-2.750105859771198,0.11702007,1.2383423,17.805138,0.43018490638225676,0.11475743,,,198.08016523720391,19.66198720813711,1.0076135,217,21,19,0,0,1.0,0.033149434809619356
865401932659848704,114.60288931989754,21.614578129110217,-1.1941935360531046,0.06538121,-1.776093239837329,0.056481525,0.81705284,16.657782,0.425040765355346,0.057110295,,,198.0692474237774,19.655749122265902,1.0424991,244,26,24,0,0,1.0,0.03948588666460703
865401967019510656,114.64854537808232,21.59777298051018,-1.1903490310066778,0.06380793,-2.0112510307649534,0.052943572,0.90045357,16.537292,0.39287728913791975,0.05654985,,,198.1028573603244,19.688652669822133,1.0664985,214,23,20,0,0,1.0,0.04852010686583439
865401967019510784,114.65478757407324,21.591838227463008,-1.3639833109831643,0.03138692,-2.040348676283191,0.028808715,0.5890465,15.044855,0.3620299890745946,0.027729904,,,198.1110275395233,19.691772687895963,0.99413824,228,26,25,0,0,1.0,0.05192678224704184
865402035738987776,114.64167823262599,21.603826603870132,-1.235852689221105,0.027218169,-2.096889322215298,0.023379285,0.58515644,14.856485,0.36650970059731863,0.024597159,,,198.09433663186937,19.685040234818086,0.95985985,234,25,22,0,0,1.0,0.04606189300435193
865402035738988672,114.63492410126142,21.604685821678824,-0.8705320860504151,0.034144692,-2.03375090200537,0.029958837,0.67059994,15.41165,0.41480792605705624,0.03133001,,,198.09096316401968,19.67955544731139,1.0496994,243,28,26,0,0,1.0,0.0415928365977272
865402237600955136,114.63978269225035,21.614740722540674,-1.2915475638496146,0.06104673,-2.0960228779804235,0.053583946,0.7523451,16.370209,0.3640285523636521,0.056007445,,,198.0829009007366,19.687547910449823,1.2455368,237,27,25,0,0,1.0,0.0522764617737594
865402241897416448,114.6372972673717,21.61355822881292,-1.2098320943739915,0.024214612,-2.0558144864910255,0.020973234,0.5810528,14.616877,0.4085954745919185,0.0224668,,,198.0831325256986,19.684961427165153,0.9606373,225,26,26,0,0,1.0,0.04976903378560473
865402241897416576,114.63009615039394,21.62024413007699,-1.1634618740612483,0.058293514,-2.0517206027042043,0.05160161,0.75874233,16.414644,0.30957503437326106,0.052592944,,,198.07386605124992,19.681301729056965,1.0135568,237,24,22,0,0,1.0,0.05128511072964636
865402241897417344,114.63588445470833,21.61076737173014,-1.2034404367607525,0.042004976,-2.079643938734577,0.036838654,0.85463715,15.81691,0.3935333581317634,0.038479887,,,198.08534628437752,19.68268779172273,1.0746644,243,25,24,0,0,1.0,0.04672260494532603
865402241897417856,114.63005360928152,21.615082757897635,-1.169670622482848,0.028104462,-2.1845579110486004,0.023483323,0.6273508,14.7554035,0.3750395336234675,0.02534069,,,198.07892236056026,19.679308073138152,1.0040655,213,21,21,0,0,1.0,0.04679308588079802
865402241897420416,114.6320487442125,21.603160151501925,-1.2652171979230311,0.030488713,-2.055127374527694,0.026381342,0.67241955,15.138594,0.46223839731044297,0.027431246,,,198.09138571141614,19.67650319255772,1.0154519,242,26,25,0,0,1.0,0.03849583591909278
865402241897420544,114.62581183361321,21.607933080714435,-1.2635063857127502,0.06501815,-2.102116664155127,0.060382567,0.7723942,16.570177,0.3851901516264452,0.060987193,,,198.08436004664844,19.672947767125965,0.98547095,213,22,22,0,0,1.0,0.038480849397551864
865402516775355008,114.56406482909887,21.598307330617708,-1.207544502225737,0.060363144,-2.0787889657458547,0.048570182,0.7289734,16.32034,0.46179353158878156,0.052739818,,,198.0706898598299,19.616178301218397,1.0053395,216,26,22,0,0,1.0,0.047540161379896764
865402546838587136,114.58247879121686,21.600959288156947,-0.9549020648076467,0.1641401,-2.017558819545147,0.14875019,1.1947231,18.32334,0.3390751308638071,0.15474783,,,198.0749829172533,19.633024876722832,1.0463543,227,23,20,0,0,1.0,0.03462700604351712
865402546838589440,114.57092467983794,21.602183410230925,-1.1672480539905292,0.19050078,-1.9314961729485094,0.17412052,1.2216301,18.50476,0.4135546501131812,0.17569187,,,198.06945249613395,19.623550270110126,1.0525534,228,24,23,0,0,1.0,0.043948772715970884
865402551135084032,114.58221259732146,21.598429390981174,-1.1976882169274277,0.024437774,-1.9804815160295082,0.020828564,0.5930538,14.547709,0.3994393405398646,0.021967968,,,198.07736835736577,19.631835898749753,1.0141038,233,27,27,0,0,1.0,0.03297578877326549
865402551135085312,114.58066966403665,21.598091460307636,-1.2065238300961458,0.064420395,-2.0903486885594034,0.05651273,0.91254616,16.55213,0.37081727790160157,0.057889912,,,198.07712232663616,19.630380365737906,0.984857,220,25,23,0,0,1.0,0.03385806936984113
865402551135089152,114.57393050531125,21.597314926908233,-1.173819617386725,0.041478526,-2.020824612441892,0.036002662,0.6537008,15.780415,0.31992212363700434,0.037197825,,,198.0753605357719,19.62428838739883,1.007921,244,28,28,0,0,1.0,0.03863779007607972
865402619854567424,114.56121541908618,21.606873973162756,-1.168858226523969,0.040601846,-2.0646580746147265,0.0348133,0.64119625,15.653956,0.35664466894811003,0.03597298,,,198.0612083912347,19.61697844332708,1.0662756,235,25,25,0,0,1.0,0.05453847300516592
865402649917398400,114.59201229978093,21.612022144473727,-1.2406153237861093,0.015809348,-1.9741466167295627,0.013449743,1.1552362,12.275063,0.4013394756183856,0.014816372,73.65155,0.82030016,198.06768558214677,19.645423061778178,1.139269,236,25,26,0,0,1.0,0.03926381427627223
865402649919848576,114.59346519229902,21.6152439754244,-1.3025283536268966,0.07932537,-2.082003057747695,0.06909481,0.8508949,16.895514,0.3935862792980642,0.07136336,,,198.0650643565628,19.647895016980687,1.0943599,235,26,23,0,0,1.0,0.0418569873724906
865402654214290816,114.58219124572298,21.614500484605,-1.2121049243782527,0.020395445,-2.049769488414926,0.016546179,1.063468,14.082767,0.40875585037905304,0.018384919,72.41252,5.6786113,198.06157301496023,19.637915251277498,1.0482044,237,27,25,0,0,1.0,0.04575792079358918
865402654214292992,114.58536964460995,21.606313467171383,-1.035712538273486,0.10471303,-2.0056943628178887,0.09111636,1.01124,17.575489,0.36644938997597387,0.094243445,,,198.07080606411188,19.63754320141998,1.0405811,255,26,26,0,0,1.0,0.03712610384334579
865402684277559040,114.59331934396026,21.619556465124006,-1.2204259727611864,0.043355722,-2.0529827884499046,0.037280016,0.6476345,15.734124,0.4230069967583587,0.038304694,,,198.06077284026603,19.64940537132659,1.0875677,238,26,26,0,0,1.0,0.04603986652086563
865402684277564928,114.59776789029752,21.62884411160081,-1.3286284731311104,0.068216376,-2.077474287917385,0.05899885,0.9564476,16.699455,0.44525689349920006,0.06234411,,,198.05331304379487,19.656754417924283,1.0588484,246,27,27,0,0,1.0,0.054227557609831015
865402688574024704,114.5968198468713,21.618133588928686,-1.1882250546923558,0.019932536,-2.0435984773798173,0.017174967,0.662405,14.150158,0.39945777647982117,0.018008407,73.08235,4.7165985,198.0634814958384,19.65187674268977,1.0395539,253,28,29,0,0,1.0,0.04383694972354565
865402752997041280,114.59016345630342,21.628431428296068,-1.1769328670489552,0.093001485,-1.9962226846364808,0.082276195,0.9405651,17.416136,0.4054670385929509,0.08301535,,,198.05087169534588,19.65005699868434,1.0098953,256,26,27,0,0,1.0,0.05543922109435686
865403066531138944,114.6135544857025,21.62971862723938,-1.3312291367820772,0.038408488,-2.055944677909138,0.033352017,0.6447325,15.670279,0.4028109419458024,0.034741685,,,198.05836324198197,19.670665017891174,0.9383405,228,24,25,0,0,1.0,0.05510959348410041
865402310616895488,114.62292800566243,21.61629965250394,-1.0866089168039859,0.07604004,-2.0650392507026973,0.06735802,0.85261726,16.970675,0.45625771759643907,0.06958544,,,198.07505874495067,19.673639768077862,1.0932866,236,22,22,0,0,1.0,0.04461506836844653
865402310616896384,114.61883361828812,21.61850544212016,-1.3548725273750493,0.092804,-2.2219333309323717,0.08295317,0.8901272,17.334772,0.3925021568191261,0.08456398,,,198.07135828849383,19.670954123344774,1.0415454,230,25,25,0,0,1.0,0.04529508160483669
865402344976630656,114.62675055223308,21.626964402918407,-1.4013565361150753,0.09734798,-1.958062482711203,0.086842895,1.1718464,17.474981,0.46703768123036926,0.08906983,,,198.06600935613864,19.680971781461153,1.0309458,240,26,25,0,0,1.0,0.055930696242503075
